"block";"j_offset";"j_string";"e_string";"pointer"
"0";"00047C90";"何を聞きますか？";"What would you ask?";"00047CD8"
"0";"00047CB0";"…どうやらカギがかかっているようだ";"...It seems to be locked.";"00047CE0"
"1";"00047CF0";"雨宿りをするために中に入る";"I go inside in order to take shelter from the rain";"00054E20"
"1";"00047D10";"中から物音がしたような気がするので中に入る";"I go inside because I think I heard a noise";"00054E28"
"1";"00047D40";"パチンコが打ちたくて仕方がないので中に入る";"I go inside because I can't resist the urge to play pachinko";"00054E30"
"1";"00047D70";"理由はないが、とにかく中に入りたい気分";"I go inside because I just feel like it for no real reason";"00054E38"
"1";"00047DA0";"しっ死んでる！　と悲鳴をあげる";"I scream: ""They're dead!""";"00054E40"
"1";"00047DC0";"何も言わず、この場から逃げ出す";"I run away from the scene without saying anything";"00054E48"
"1";"00047DE0";"さらに近づいて倒れている男女を調べてみる";"I step closer to check on the man and woman lying there";"00054E50"
"1";"00047E10";"しっ…　死んでる！";"Th-They're... dead!";"00054E58"
"1";"00047E30";"しっ…　死んでる！";"Th-They're... dead!";"00054E60"
"1";"00047E50";"…血溜まりの中に、男と女が倒れている";"…A man and a woman lie collapsed in a pool of blood.";"00054E68"
"1";"00047E80";"男は２０代後半、
女は２０才くらいだろうか…";"The man seems to be in his late 20s,
the woman is probably around 20 years old...";"00054E70"
"1";"00047EB0";"これは…";"This is...";"00054E78"
"1";"00047EC0";"これは…";"This is...";"00054E80"
"1";"00047ED0";"恋人同士の心中だろうか…？";"Possibly a lovers' suicide...?";"00054E88"
"1";"00047EF0";"パチンコ店員同士のケンカだろうか…？";"A fight between pachinko parlor employees...?";"00054E90"
"1";"00047F18";"それとも…";"Or maybe...";"00054E98"
"1";"00047F28";"ひっ　人殺し！";"Eek, murderer!";"00054EA0"
"1";"00047F40";"…それでは本官の質問に答えてください";"...Now then, please answer my questions.";"00054EA8"
"1";"00047F70";"自分に不都合だと思うのなら、
答えなくても結構だが…";"If you think answering would be inconvenient,
you may decline to respond; however...";"00054EB0"
"1";"00047FB0";"正直に話した方が身のためだぞ";"It'll be for your own good to speak honestly.";"00054EB8"
"1";"00047FD0";"まず、君の名前は？";"First, what's your name?";"00054EC0"
"1";"00047FE8";"$iは…　$p";"I am $p...";"00054EC8"
"1";"00048000";"君は…　この町では見かけたことがないが
住所は？";"I haven't seen you in this town before...
What's your address?";"00054ED0"
"1";"00048030";"現住所を正直に答える";"I'll tell him my real current address";"00054ED8"
"1";"00048050";"旅の途中で、決まった家は無いと答える";"I'll tell him I'm traveling and have no permanent address";"00054EE0"
"1";"00048078";"何も答えない";"I won't tell him anything";"00054EE8"
"1";"00048090";"（正直に今住んでいる住所を教えた）";"(I honestly told him the address where I live now)";"00054EF0"
"1";"000480C0";"ほお…
ずいぶん遠くから来たんだな…";"Oh... You've come quite a long way, haven't you...";"00054EF8"
"1";"000480F0";"今は旅の途中だ
決まった家は無いよ";"I'm on a journey right now. I don't have a fixed home.";"00054F00"
"1";"00048120";"旅の途中なの
決まった家はないわ";"I'm in the middle of a journey now.
I don't have a permanent home.";"00054F08"
"1";"00048140";"ほお…　旅ねぇ…";"Oh... A journey, huh...";"00054F10"
"1";"00048158";"………";".........";"00054F18"
"1";"00048160";"…分かった　次の質問だ";"...Alright. Next question.";"00054F20"
"1";"00048178";"君の職業は？";"What's your occupation?";"00054F28"
"1";"00048190";"さすらいのパチプロ";"I'm a wandering professional pachinko player";"00054F30"
"1";"000481B0";"しがないサラリーマン";"I'm a lowly office worker";"00054F38"
"1";"000481C8";"天下の無職";"I'm the world's unemployed";"00054F40"
"1";"000481D8";"何も答えない";"I'll answer nothing";"00054F48"
"1";"000481E8";"普通のＯＬ";"I'm a regular office lady";"00054F50"
"1";"00048200";"$iは…　さすらいのパチプロさ";"I'm... a wandering Pachi-Pro player.";"00054F58"
"1";"00048220";"私は…　さすらいのパチプロ
…かな";"I'm... a wandering Pachi-Pro player... I guess.";"00054F60"
"1";"00048250";"しがないサラリーマンさ";"I'm just a lowly salaryman.";"00054F68"
"1";"00048268";"普通のＯＬよ";"I'm just a regular office lady, that's all.";"00054F70"
"1";"00048280";"仕事はしていない　天下の無職さ";"I'm not working. I'm proudly unemployed.";"00054F78"
"1";"000482A0";"仕事はしてないわ";"I'm not working, you know.";"00054F80"
"1";"000482B8";"………";".........";"00054F88"
"1";"000482C0";"では…　なぜあのパチンコ屋にいたんだね？";"So then... Why were you at that pachinko parlor?";"00054F90"
"1";"000482F0";"雨宿りをしていた";"I was taking shelter from the rain";"00054F98"
"1";"00048310";"中から物音がしたような気がするので中に入ってみた";"I thought I heard a noise from inside, so I went in";"00054FA0"
"1";"00048350";"パチンコが打ちたくて開店まで待ちきれず…";"I was itching to play pachinko and couldn’t wait to open…";"00054FA8"
"1";"00048380";"理由は分からないが、中に入りたかった";"I don't know the reason, but I wanted to go inside";"00054FB0"
"1";"000483A8";"何も答えない";"I don't answer";"00054FB8"
"1";"000483C0";"雨宿りをしに、パチンコ屋に入ったんだ";"I went into the pachinko parlor to take shelter from the rain.";"00054FC0"
"1";"000483F0";"中から物音がしたような気がして
それで気になって…";"I thought I heard a noise came from inside, 
and it made me curious...";"00054FC8"
"1";"00048430";"開店するまで待ちきれなくてね
それで思わず…";"I couldn’t wait for them to open, 
so I just went in without thinking…";"00054FD0"
"1";"00048460";"理由は分からない
ただ無性に中に入りたかったんだ";"I don’t know why,
but I just had this sudden urge to go inside...";"00054FD8"
"1";"00048490";"雨宿りをしようと思って　そうしたら
パチンコ屋のシャッターが開いてたから…";"I was looking for shelter from the rain, and I
noticed that the parlor's shutter was already open...";"00054FE0"
"1";"000484E0";"中から物音がしたような気がして
それで気になって…";"I felt like a noise was coming from inside, 
so I was curious...";"00054FE8"
"1";"00048520";"開店するまで待ちきれなかったの
それで思わず…";"I couldn’t wait until they opened, 
so I just went in without thinking…";"00054FF0"
"1";"00048550";"理由は分からないけど…
ただ無性に中に入りたかったのよ";"I'm not sure why, but...
I just had this sudden urge to go inside.";"00054FF8"
"1";"00048588";"………";".........";"00055000"
"1";"00048590";"ふむ…　そして君は、
ふたりの被害者を発見した…";"Hmm... And so you discovered two vicitims...";"00055008"
"1";"000485C0";"被害者ふたりを発見したとき、
他に誰か見なかったかね？";"Did you see anyone else when 
you found the two victims?";"00055010"
"1";"00048600";"いや、誰もいなかった";"No, there wasn't anyone";"00055018"
"1";"00048620";"…誰かいたかもしれない";"...Someone might have been there";"00055020"
"1";"00048638";"何も答えない";"I refuse to answer";"00055028"
"1";"00048650";"いや、誰もいなかった";"No, there wasn't anyone";"00055030"
"1";"00048670";"…誰かいたかもしれない";"...Someone might have been there.";"00055038"
"1";"00048688";"………";".........";"00055040"
"1";"00048690";"ううん　見なかったわ";"No, I didn't see anyone else.";"00055048"
"1";"000486B0";"ひょっとしたら…　誰かいたかも…";"Maybe... someone might have been there...";"00055050"
"1";"000486E0";"ふぅむ…　で、どうなんだ？";"Hmm... So, how is it?";"00055058"
"1";"00048700";"本当は、君が殺したんじゃないのか？";"Actually, wasn't it you who killed them?";"00055060"
"1";"00048730";"ちがう！　$iはやっていない！";"No! I didn't do it!";"00055068"
"1";"00048750";"はい　$iが犯人です…";"Yes, I'm the culprit...";"00055070"
"1";"00048768";"何も答えない";"Say nothing";"00055078"
"1";"00048780";"ちがう！　俺はやっていない！";"No! I didn't do it!";"00055080"
"1";"000487A0";"ちがう！　私じゃない！";"No! It wasn't me!";"00055088"
"1";"000487C0";"ふうむ？　本当か？";"Hmm? Really?";"00055090"
"1";"000487E0";"はい　俺がやりました…";"Yes, I did it...";"00055098"
"1";"00048800";"はい　私がやりました…";"Yes, I did it...";"000550A0"
"1";"00048820";"なにっ　本当か！？";"What?! Are you serious!?";"000550A8"
"1";"00048840";"そんなわけはない　ウソだよ";"Of course not, I'm just kidding";"000550B0"
"1";"00048860";"はい　本当です…";"Yes, it's true...";"000550B8"
"1";"00048880";"そんなわけはない　ウソだよ";"Of course not, I'm just kidding";"000550C0"
"1";"000488A0";"はい　本当です…";"Yes, it's the truth...";"000550C8"
"1";"000488C0";"そんなわけないじゃない　ウソよ";"Of course I didn't do it, I'm just joking.";"000550D0"
"1";"000488E0";"はい　本当です…";"Yes, it's the truth...";"000550D8"
"1";"00048900";"なんだと？　本官をバカにしているのか？";"What did you say? Are you making fun of this officer?";"000550E0"
"1";"00048930";"うむ、よく言ってくれたな
じゃあ、詳しい話を聞こうじゃないか…";"I see, thank you for your cooperation.
Then, let's hear the detailed story...";"000550E8"
"1";"00048970";"若い警官に何を話したのかは覚えていない";"I don’t remember what I told the young police officer.";"000550F0"
"1";"000489A0";"$iは、身に覚えのない殺人の犯人に
仕立て上げられ　実刑判決を受けた";"I was framed as the culprit of a murder of which 
I had no recollection and received a prison sentence.";"000550F8"
"1";"000489F0";"$iはあの町に何をしに行ったのだろうか…";"I wonder why I went to that town for...?";"00055100"
"1";"00048A20";"もう一度人生をやり直せるなら、
あの町に着いたところからやり直したい…";"If I could redo my life once again,
I’d want to start over from the moment I arrived in that town...";"00055108"
"1";"00048A68";"………";".........";"00055110"
"1";"00048A70";"…とにかく、本部から連絡があるまでは
ここにいてもらうからな";"...Anyway, until we hear from headquarters, 
I'll have you stay here.";"00055118"
"1";"00048AB0";"若い警官に何を話したのかは覚えてない";"I don’t remember what I told the young police officer.";"00055120"
"1";"00048AE0";"私は、身に覚えのない殺人の犯人に
仕立て上げられ　実刑判決を受けた";"I was framed as the culprit of a murder of which 
I had no recollection and received a prison sentence.";"00055128"
"1";"00048B30";"私はあの町に何をしに行ったのだろうか…";"I wonder why I went to that town for...?";"00055130"
"1";"00048B60";"もう一度人生をやり直せるなら、
あの町に着いたところからやり直したい…";"If I could redo my life once again, I’d want to start
over from the moment I arrived in that town...";"00055138"
"1";"00048BB0";"$pさん、
こっちに来なさい！";"$p,
step over here!";"00055140"
"1";"00048BD0";"彼か　現場にいたというのは";"Is it him who was at the scene?";"00055148"
"1";"00048BF0";"彼女か　現場にいたというのは";"Is it her who was at the scene?";"00055150"
"1";"00048C10";"ハッ！　住民の通報により本官が駆けつけ、
身柄を確保しました！";"Yes, sir! I responded to a resident's report,
rushed to the scene, and apprehended the suspect!";"00055158"
"1";"00048C50";"捜査にご協力ありがとうございます
もうお帰りくださって結構ですよ";"Thank you for cooperating with the investigation.
You're free to go home now.";"00055160"
"1";"00048C90";"えっ！？　警部！
この男はふたりを殺害した…！";"What!? Chief!
This man killed two people...!";"00055168"
"1";"00048CC0";"えっ！？　警部！
この女はふたりを殺害した…！";"What!? Chief!
This woman killed two people...!";"00055170"
"1";"00048CF0";"彼は現場に居合わせただけだ
犯人だという確証はない";"He was just a bystander at the scene.
There is no conclusive evidence that he is the perpetrator.";"00055178"
"1";"00048D30";"彼女は現場に居合わせただけだ
犯人だという確証はない";"She was just a bystander at the scene. There is
no conclusive evicence that she is the perpetrator.";"00055180"
"1";"00048D70";"そ、それはそうですが…";"W-Well, that's true, but...";"00055188"
"1";"00048D90";"それと…　女の方は助かったよ
頭を打って気を失っていただけだそうだ";"Also... the woman survived.
She apparently just hit her head and was unconscious.";"00055190"
"1";"00048DE0";"えっ！？　そうなのですか？
では、その女性から証言が…";"What? Is that true?
So, we can get a testimony from her...";"00055198"
"1";"00048E20";"うむ…　まあ、それは…
今のところ何とも言えんな…";"Hmm... well, as for that... 
I can't say for sure yet...";"000551A0"
"1";"00048E58";"？";"?";"000551A8"
"1";"00048E60";"彼女はこの町の$ci井原診療所$cfに入院している
時々様子を見に行ってやってくれ";"She is hospitalized at $ciIhara Clinic$cf in this town.
Go check on her from time to time.";"000551B0"
"1";"00048EB0";"ハッ　了解しました";"Yes, understood!";"000551B8"
"1";"00048ED0";"今日はこれでお帰りいただいて結構ですが
あなたに疑いがあるのは事実です";"You may go home for now, but you should
be aware that you remain under suspicion.";"000551C0"
"1";"00048F20";"しばらくは
この町から出ないようにしてください";"Until then, please do not leave this town.";"000551C8"
"1";"00048F50";"それとこれを…
生活費に充ててください";"And take this...  Use it for your living expenses.";"000551D0"
"1";"00048F80";"片山くん　彼のことを頼んだよ";"Katayama, I'm counting on you to look after him.";"000551D8"
"1";"00048FA0";"片山くん　あとは頼んだよ";"Katayama, I'm counting on you to look after her.";"000551E0"
"1";"00048FC0";"ハッ！";"Yes!";"000551E8"
"1";"00048FD0";"となると…　住む所がいるな…
そうだ　この裏にアパートがある";"In that case... you'll need a place to stay...
That's right, there's an apartment behind here.";"000551F0"
"1";"00049010";"大家さんには私から話しておく
しばらくはそこに住むといい";"I’ll speak to the landlord myself.
You should live there for a while.";"000551F8"
"1";"00049050";"くれぐれもこの町から出ないように
分かったね";"By all means, don't leave this town. Understood?";"00055200"
"1";"00049080";"片山 昭吾";"Shogo Katayama";"00055208"
"1";"00049090";"くれぐれもこの町から出ないように
分かったね";"Please be sure not to leave this town. Understood?";"00055210"
"1";"000490C0";"片山 昭吾";"Shogo Katayama";"00055218"
"1";"000490D0";"おーいっ！　$pさん！";"Hey! $p!";"00055220"
"1";"000490E8";"片山 昭吾";"Shogo Katayama";"00055228"
"1";"00049100";"この町から出るなと言っただろう！
戻りなさい！";"I told you not to leave this town! Get back here!";"00055230"
"1";"00049130";"片山 昭吾";"Shogo Katayama";"00055238"
"1";"00049140";"ああっ！　もしもしっ！
申し訳ありません！　$puさん！";"Ah! Hello! I'm so sorry! $pu!";"00055240"
"1";"00049178";"片山 昭吾";"Shogo Katayama";"00055248"
"1";"00049190";"まだ手続きが済んでいませんので
大海町に行くのは明日にしてください！";"The procedures aren’t finished yet, so please
postpone going to Great Sea Town until tomorrow!";"00055250"
"1";"000491E0";"……あなたは…　…誰？";"......Who... are you?";"00055258"
"1";"00049200";"はじめまして　$pだ　と名乗る";"Introduce yourself";"00055260"
"1";"00049220";"俺のことを覚えていないのか？　と言う";"Ask if she remembers you";"00055268"
"1";"00049250";"通りすがりのパチプロです　と答える";"Answer that you're a passing professional pachinko player";"00055270"
"1";"00049280";"私のことを覚えていないの？　と言う";"Ask if she remembers you";"00055278"
"1";"000492B0";"はじめまして　俺は$pだ";"Nice to meet you, I'm $p.";"00055280"
"1";"000492D0";"はじめまして　私は$p";"Nice to meet you, I'm $p.";"00055288"
"1";"000492F0";"あっ…　はい　はじめまして…";"Oh... y-yes, nice to meet you too...";"00055290"
"1";"00049310";"俺のことを覚えていないのか？";"Don't you remember me?";"00055298"
"1";"00049330";"私のこと、覚えていないの？";"Don't you remember me?";"000552A0"
"1";"00049350";"えっ…！？
あなたは　私を知ってるんですか？";"Huh…!?
Do you know who I am?";"000552A8"
"1";"00049380";"通りすがりのパチプロです";"I'm just a Pachi-Pro passing through.";"000552B0"
"1";"000493A0";"通りすがりのパチプロよ";"I'm just a Pachi-Pro passing by.";"000552B8"
"1";"000493B8";"パチプロ…？";"A Pachi-Pro...?";"000552C0"
"1";"000493D0";"誰だ！？　あんたは！";"Who the hell are you?!";"000552C8"
"1";"000493E8";"彼女の友達だよ";"I'm her friend";"000552D0"
"1";"000493F8";"彼女の彼氏です";"I'm her boyfriend";"000552D8"
"1";"00049410";"彼女の…　まあ知り合いみたいなものかな";"I'm her... well, we sort of know each other, I guess";"000552E0"
"1";"00049438";"彼女の遠縁なの";"I'm her distant relative";"000552E8"
"1";"00049448";"彼女の友達だよ";"I'm her friend.";"000552F0"
"1";"00049458";"彼女の友達よ";"I'm her friend.";"000552F8"
"1";"00049468";"彼女の彼氏です";"I'm her boyfriend.";"00055300"
"1";"00049478";"彼女の遠縁なの";"I'm her distant relative.";"00055308"
"1";"00049490";"彼女の…　まあ知り合いみたいなものかな";"I'm her... well, sort of an acquaintance, I guess.";"00055310"
"1";"000494C0";"彼女の…　まあ知り合いみたいなものかな";"I'm her... well, sort of an acquaintance, I guess.";"00055318"
"1";"000494F0";"ふむ…？
そうか、ちょっと話がある　下で話そう";"Hmm...?
I see. Let's go downstairs, we need to discuss something.";"00055320"
"1";"00049520";"あんた…　パチンコ屋の事件の男だな
あの娘に何の用だ？";"You're... the man from the pachinko parlor incident, right?
What do you want with that girl?";"00055328"
"1";"00049560";"あんた…　パチンコ屋の事件の女だな
あの娘に何の用だ？";"You're... the woman from the pachinko parlor incident, right?
What do you want with that girl?";"00055330"
"1";"000495A0";"自分の容疑を晴らす証言をしてもらいたい";"I need her testimony to clear my name";"00055338"
"1";"000495D0";"パチンコ屋の事件について話を聞きたい";"I want to hear about the pachinko parlor incident";"00055340"
"1";"00049600";"見舞いに来ただけです";"I just came to pay a visit";"00055348"
"1";"00049620";"彼女とつきあいたい";"I want to be with her";"00055350"
"1";"00049640";"俺には殺人の容疑がかかっている　彼女の
証言でその容疑を晴らしてもらいたいんだ";"I’ve been accused of murder.
I want her testimony to clear my name.";"00055358"
"1";"00049690";"私には殺人の容疑がかかっているの　彼女の
証言でその容疑を晴らしてもらいたいのよ";"I’m being suspected of murder.
I want her testimony to clear my name.";"00055360"
"1";"000496E0";"なるほどな…　しかし残念だが、あの娘に
事件の証言は期待しない方がいいぞ";"I see... But I'm afraid you shouldn't count
on her testimony about the incident.";"00055368"
"1";"00049730";"パチンコ屋の事件について話を聞きたいんだ";"I want to ask about the pachinko parlor incident.";"00055370"
"1";"00049760";"パチンコ屋の事件について
話を聞きたいの";"I want to ask about the pachinko parlor incident.";"00055378"
"1";"00049790";"見舞いに来ただけだ　変な意味は無いよ";"I just came to visit her. There's nothing weird about it.";"00055380"
"1";"000497C0";"見舞いに来ただけよ　変な意味は無いわ";"I just came to visit her. There's nothing strange meaning.";"00055388"
"1";"000497F0";"そうかい…
まあ、少なくとも命の心配はいらんよ";"Is that so...
Well, at least you don't have to worry about her life.";"00055390"
"1";"00049820";"彼女の事が忘れられないんだ
つきあいたいと思ってる";"I can't get her out of my head. I want to date her.";"00055398"
"1";"00049860";"ふむ…　そうか…";"Hmm... I see...";"000553A0"
"1";"00049880";"ふむ？
さっき「彼氏」だと言わんかったか？";"Hm?
Didn't you just say you were her ""boyfriend"" earlier?";"000553A8"
"1";"000498B0";"そうだ…　うむ
この男の存在は役に立つかもしれんな…";"Right... Hmm.
This man's presence might be useful...";"000553B0"
"1";"000498F0";"そうだ…　うむ
この娘の存在は役に立つかもしれんな…";"Right... Hmm.
This woman’s presence might be useful...";"000553B8"
"1";"00049930";"実は…　彼女は記憶を失っておる　たぶん
事件で受けた頭部への打撲が原因だな";"The truth is... she’s lost her memory, probably due to
a blow to the head she suffered during the incident.";"000553C0"
"1";"00049980";"彼女の事で分かっているのは、
名前が$ci白石紀子$cfってことくらいだ";"The only thing we know about her
is that her name is $ciNoriko Shiraishi$cf.";"000553C8"
"1";"000499D0";"あなたは誰？と聞く";"Ask who he is";"000553D0"
"1";"000499F0";"彼女の記憶が戻るのかを聞く";"Ask whether her memory will return";"000553D8"
"1";"00049A10";"なぜ彼女の名前が分かったのか聞く";"Ask how her name was identified";"000553E0"
"1";"00049A40";"聞きたいことは無い";"Nothing more to ask";"000553E8"
"1";"00049A60";"ところで…　あなたは？";"By the way... Who are you?";"000553F0"
"1";"00049A80";"ところで…　あなたは？";"By the way... Who are you?";"000553F8"
"1";"00049AA0";"わしはこの診療所の医者　井原治郎だ";"I'm Jiro Ihara, the doctor at this clinic.";"00055400"
"1";"00049AD0";"彼女の記憶は戻らないのか？";"Will her memory come back?";"00055408"
"1";"00049AF0";"彼女の記憶は戻らないの？";"Will her memory come back?";"00055410"
"1";"00049B10";"それは分からん　明日戻るかもしれんし
ずっと戻らないかもしれん";"Hard to say.
It might return tomorrow, or it might never come back.";"00055418"
"1";"00049B50";"記憶を失ったときと同じショックを
与えれば戻るという説もあるが…";"There’s a theory that giving her the same shock she experienced when she lost her memory might bring it back…";"00055420"
"1";"00049B90";"やめておいた方が良いだろうな
戻る保証もないし、彼女の身がもたん";"But I’d advise against it. There's no guarantee
it’ll work, and she may not handle it.";"00055428"
"1";"00049BD0";"どうして　彼女の名前が分かったんだ？";"How did you know her name?";"00055430"
"1";"00049C00";"どうして　彼女の名前が分かったの？";"How did you know her name?";"00055438"
"1";"00049C30";"彼女の定期券に『白石紀子』と
書いてあったらしい";"Apparently, her commuter pass had
""Noriko Shiraishi"" written on it.";"00055440"
"1";"00049C60";"それ以外は警察がいま調べとる
そのうち詳しいことがわかるだろう";"The police are currently investigating the rest.
We'll have more details soon enough.";"00055448"
"1";"00049CA0";"あの事件がきっかけで、彼女が
記憶喪失になったと考えるのが普通だろう";"It’s only natural to assume that
the incident caused her amnesia.";"00055450"
"1";"00049CF0";"ならばその現場に居合わせたあんたの存在が
記憶を取り戻すきっかけになるかもしれん";"In that case, your presence at the scene
might be the key to restoring her memory.";"00055458"
"1";"00049D40";"よければ彼女に協力してやって欲しい
…といっても　真犯人ならそうはいかんが…";"If you’re willing, I’d like you to help her.
…Though, if you’re the real culprit, that’s another matter…";"00055460"
"1";"00049D90";"しかしあんたが容疑者とはな
あまりそういう風には見えんが…";"Still, to think you're a suspect,
you don't seem to look like one...";"00055468"
"1";"00049DD0";"…犯人かどうかは証拠で決まる
証拠がなければ犯人にされることはない";"…Guilt or innocence is determined by evidence.
Without evidence, you won’t be considered the culprit.";"00055470"
"1";"00049E20";"逆に、$ci犯人でない証拠$cfがあれば、
犯人ではないということだ";"Conversely, if there's $cievidence of your innocence$cf,
then you're $cinot the culprit$cf.";"00055478"
"1";"00049E60";"あんたが犯人じゃないのなら、
その証拠が必要だろうな";"If you're not the culprit, then you'll need that evidence.";"00055480"
"1";"00049EA0";"この町には、あんたを疑っている人もおる
あんたが無実なら、酷なことだが…";"There are people in this town who suspect you.
If you’re truly innocent, then it’s harsh...";"00055488"
"1";"00049EF0";"ここは我慢だな　証拠を知っているとすれば
この町の人だからな";"But you’ll have to endure this.
If anyone knows the truth, it’s the people of this town.";"00055490"
"1";"00049F30";"いろいろ聞いて回ってみな　とりあえず
パチンコ屋の店長の話を聞いたらどうだい";"Go and ask around.
For now, speak with the manager of the pachinko parlor.";"00055498"
"1";"00049F80";"それと、ワシはこの町で医者をやっとる
井原次郎というものだ";"Also, I am the doctor in this town.
My name is Jiro Ihara.";"000554A0"
"1";"00049FC0";"何かあったら相談にのるぞ";"If anything comes up, feel free to consult me.";"000554A8"
"1";"00049FE0";"井原 治郎";"Jiro Ihara";"000554B0"
"1";"00049FF0";"この町には、あんたを疑っている人もおる
あんたが無実なら、酷なことだが…";"There are people in this town who suspect you.
If you’re truly innocent, then it’s harsh...";"000554B8"
"1";"0004A038";"井原 治郎";"Jiro Ihara";"000554C0"
"1";"0004A050";"ここは我慢だな　証拠を知っているとすれば
この町の人だからな";"But you’ll have to endure this.
If anyone knows the truth, it’s the people of this town.";"000554C8"
"1";"0004A090";"井原 治郎";"Jiro Ihara";"000554D0"
"1";"0004A0A0";"おう　どうかしたかね";"Hey, something's wrong?";"000554D8"
"1";"0004A0C0";"腹下しを治す【$ci$e0$cr玉】";"[$ci$e0$cr balls] to cure an upset stomach";"000554E0"
"1";"0004A0E0";"特に用はない";"Nothing in particular";"000554E8"
"1";"0004A0F0";"$p";"$p";"000554F0"
"1";"0004A100";"は、腹の調子が…";"";"000554F8"
"1";"0004A118";"$p";"$p";"00055500"
"1";"0004A120";"ちょっと、おなかの具合が…";"";"00055508"
"1";"0004A140";"井原 治郎";"Jiro Ihara";"00055510"
"1";"0004A150";"今は暑い盛りだからな
食い物には気をつけなよ";"";"00055518"
"1";"0004A180";"井原 治郎";"Jiro Ihara";"00055520"
"1";"0004A190";"なあんだ　それだけしか持ってないのか
仕方ないやつだ";"";"00055528"
"1";"0004A1C8";"井原 治郎";"Jiro Ihara";"00055530"
"1";"0004A1E0";"腹痛の薬を買うくらいは稼ぎなよ";"";"00055538"
"1";"0004A200";"井原について聞く";"";"00055540"
"1";"0004A220";"パチパラ町について聞く";"";"00055548"
"1";"0004A240";"立ち退き要求について聞く";"";"00055550"
"1";"0004A260";"$p";"$p";"00055558"
"1";"0004A270";"あんたについて聞きたいんだが…";"";"00055560"
"1";"0004A290";"$p";"$p";"00055568"
"1";"0004A2A0";"あなたのことについて聞きたいんだけど…";"";"00055570"
"1";"0004A2C8";"井原 治郎";"Jiro Ihara";"00055578"
"1";"0004A2E0";"やれやれ　こんなジジイのことなんか聞いて
どうするんだね";"";"00055580"
"1";"0004A318";"井原 治郎";"Jiro Ihara";"00055588"
"1";"0004A330";"健康なやつに用はないんだ
とっとと出てってくれ";"";"00055590"
"1";"0004A360";"$p";"$p";"00055598"
"1";"0004A370";"パチパラ町のことを話してくれないか？";"";"000555A0"
"1";"0004A398";"$p";"$p";"000555A8"
"1";"0004A3A0";"パチパラ町のことを話してくれない？";"";"000555B0"
"1";"0004A3C8";"井原 治郎";"Jiro Ihara";"000555B8"
"1";"0004A3E0";"この町は昔ながらの町並みを…
なんて言うと聞こえはいいがね";"";"000555C0"
"1";"0004A420";"井原 治郎";"Jiro Ihara";"000555C8"
"1";"0004A430";"正直、時代に取り残されてるとは思っとるよ
隣町があんなだからね";"";"000555D0"
"1";"0004A470";"井原 治郎";"Jiro Ihara";"000555D8"
"1";"0004A480";"だからってなあ…　あの串カツ屋が出玉町に
店を出してやっていけると思うかい？";"";"000555E0"
"1";"0004A4D0";"思う";"";"000555E8"
"1";"0004A4D8";"思わない";"";"000555F0"
"1";"0004A4E8";"分からない";"";"000555F8"
"1";"0004A4F8";"$p";"";"00055600"
"1";"0004A500";"$iはやっていけると思う";"";"00055608"
"1";"0004A518";"$p";"";"00055610"
"1";"0004A520";"やっていけるとは思わないな…";"";"00055618"
"1";"0004A540";"$p";"";"00055620"
"1";"0004A550";"やっていけるとは思わないわ…";"";"00055628"
"1";"0004A570";"$p";"";"00055630"
"1";"0004A578";"分からないな";"";"00055638"
"1";"0004A588";"$p";"";"00055640"
"1";"0004A590";"分からないわ";"";"00055648"
"1";"0004A5A0";"井原 治郎";"Jiro Ihara";"00055650"
"1";"0004A5B0";"やっていけるわけないさ
串カツ屋にそんな才覚はないよ";"";"00055658"
"1";"0004A5E8";"井原 治郎";"Jiro Ihara";"00055660"
"1";"0004A600";"あの串カツ屋はな
この町だからやっていけてるんだよ";"";"00055668"
"1";"0004A638";"井原 治郎";"Jiro Ihara";"00055670"
"1";"0004A650";"串カツ屋だけじゃない　他の店もそうさ";"";"00055678"
"1";"0004A678";"井原 治郎";"Jiro Ihara";"00055680"
"1";"0004A690";"もちろん　ワシだってそうさ";"";"00055688"
"1";"0004A6B0";"$p";"";"00055690"
"1";"0004A6C0";"この町には立ち退き要求がされているって…";"";"00055698"
"1";"0004A6F0";"井原 治郎";"Jiro Ihara";"000556A0"
"1";"0004A700";"まあな　ずいぶんひどい目にもあってるよ";"";"000556A8"
"1";"0004A728";"井原 治郎";"Jiro Ihara";"000556B0"
"1";"0004A740";"だからって
ここから出て行くようなことはしないよ";"";"000556B8"
"1";"0004A770";"井原 治郎";"Jiro Ihara";"000556C0"
"1";"0004A780";"ここはワシらの町だからな";"";"000556C8"
"1";"0004A7A0";"あっ…！　あんたあのときの！";"";"000556D0"
"1";"0004A7C0";"あなたのせいで俺は容疑者になったんだ！";"";"000556D8"
"1";"0004A7F0";"容疑者になって困っているんです";"";"000556E0"
"1";"0004A810";"…？　あなたは誰ですか？";"";"000556E8"
"1";"0004A830";"あなたのせいで私は容疑者になったのよ！";"";"000556F0"
"1";"0004A860";"あなたのせいで、
俺は容疑者になったんだ！";"";"000556F8"
"1";"0004A890";"あなたのせいで私は容疑者になったのよ！";"";"00055700"
"1";"0004A8C0";"な、何言ってるんだよ　あんなの見たら
誰だって同じ様にしたはずさ";"";"00055708"
"1";"0004A900";"容疑者になってしまって、
困ってるんです…";"";"00055710"
"1";"0004A930";"容疑者になってしまって、
困ってるんです…";"";"00055718"
"1";"0004A960";"…？　あなたは誰ですか？";"";"00055720"
"1";"0004A980";"…？　あなたは誰ですか？";"";"00055728"
"1";"0004A9A0";"なんだい　覚えてないのかい？";"";"00055730"
"1";"0004A9C0";"私があんたを犯人呼ばわりして
警察に通報したんだよ";"";"00055738"
"1";"0004AA00";"でもねえ…私も反省してるんだよ　あんたが
あそこに立ってたのしか見てないからねえ";"";"00055740"
"1";"0004AA50";"あんた…　本当に犯人じゃないのかい？";"";"00055748"
"1";"0004AA80";"絶対に犯人じゃない";"";"00055750"
"1";"0004AAA0";"たぶんきっと犯人じゃない";"";"00055758"
"1";"0004AAC0";"このままだと犯人にされてしまう";"";"00055760"
"1";"0004AAE0";"絶対、俺は犯人じゃない";"";"00055768"
"1";"0004AB00";"たぶん…　きっと犯人じゃない";"";"00055770"
"1";"0004AB20";"このままだと、犯人にされてしまう…！";"";"00055778"
"1";"0004AB50";"絶対、私は犯人じゃないわ";"";"00055780"
"1";"0004AB70";"たぶん…　きっと犯人じゃないわ";"";"00055788"
"1";"0004AB90";"このままだと、犯人にされちゃう…！";"";"00055790"
"1";"0004ABC0";"なんだよ　はっきりしないねえ";"";"00055798"
"1";"0004ABE0";"なんだよ　ずいぶん弱気だねえ";"";"000557A0"
"1";"0004AC00";"う〜ん…
なんだか悪いことしたみたいだねえ…";"";"000557A8"
"1";"0004AC30";"自分で警察に通報しといてなんだけど、
私はあんたが犯人じゃないと思うんだ";"";"000557B0"
"1";"0004AC80";"でも、こうなったら
自分で自分の無実を証明するしかないよ";"";"000557B8"
"1";"0004ACC0";"町の人にいろいろ聞いてみたらどうだい？
手がかりが掴めるかもしれないよ";"";"000557C0"
"1";"0004AD10";"そうだね　とりあえず…";"";"000557C8"
"1";"0004AD30";"向かいのタバコ屋のおばあちゃんに
話を聞いてみたらどうだい？";"";"000557D0"
"1";"0004AD70";"野々山 春子";"Haruko Nonoyama";"000557D8"
"1";"0004AD80";"あんた本当に犯人じゃないんなら
自分で自分の無実を証明するしかないよ";"";"000557E0"
"1";"0004ADC8";"野々山 春子";"Haruko Nonoyama";"000557E8"
"1";"0004ADE0";"とりあえずタバコ屋のおばあちゃんに
話を聞いてみたらどうだい？";"";"000557F0"
"1";"0004AE20";"野々山 春子";"Haruko Nonoyama";"000557F8"
"1";"0004AE30";"私はおっちょこちょいでねえ";"";"00055800"
"1";"0004AE50";"野々山 春子";"Haruko Nonoyama";"00055808"
"1";"0004AE60";"慌てたときの自分がアテにならないのは
よく分かってるのさ";"";"00055810"
"1";"0004AE98";"野々山 春子";"Haruko Nonoyama";"00055818"
"1";"0004AEB0";"だから　あんたは犯人じゃないよ";"";"00055820"
"1";"0004AED0";"野々山 春子";"Haruko Nonoyama";"00055828"
"1";"0004AEE0";"はあ…　どうしたもんかねえ…";"Sigh... I don't know what to do anymore...";"00055830"
"1";"0004AF00";"野々山 春子";"Haruko Nonoyama";"00055838"
"1";"0004AF10";"ああ、お客さん　いらっしゃい";"Oh! Welcome, customer.";"00055840"
"1";"0004AF30";"野々山 春子";"Haruko Nonoyama";"00055848"
"1";"0004AF40";"いらっしゃい";"Welcome.";"00055850"
"1";"0004AF50";"野々山 春子";"Haruko Nonoyama";"00055858"
"1";"0004AF60";"また　よろしくね";"See you again.";"00055860"
"1";"0004AF78";"$p";"$p";"00055868"
"1";"0004AF80";"この店は立ち退き要求はされているのか？";"";"00055870"
"1";"0004AFA8";"$p";"$p";"00055878"
"1";"0004AFB0";"この店は立ち退き要求はされているの？";"";"00055880"
"1";"0004AFD8";"$p";"$p";"00055888"
"1";"0004AFE0";"…まあね　そういう話があるのは事実さ";"";"00055890"
"1";"0004B008";"野々山 春子";"Haruko Nonoyama";"00055898"
"1";"0004B020";"出て行けって言われたってね
そうはいかないんだよ";"";"000558A0"
"1";"0004B050";"野々山 春子";"Haruko Nonoyama";"000558A8"
"1";"0004B060";"私はこの店を守るって
あの人と約束したからね…";"";"000558B0"
"1";"0004B090";"野々山 春子";"Haruko Nonoyama";"000558B8"
"1";"0004B0A0";"でもね、私だけじゃないんだよ";"";"000558C0"
"1";"0004B0C0";"野々山 春子";"Haruko Nonoyama";"000558C8"
"1";"0004B0D0";"パチパラ町のみんなは、いろんな理由で
この町から出て行くわけにはいかないのさ";"";"000558D0"
"1";"0004B120";"野々山 春子";"Haruko Nonoyama";"000558D8"
"1";"0004B130";"おはよう";"Good morning.";"000558E0"
"1";"0004B140";"野々山 春子";"Haruko Nonoyama";"000558E8"
"1";"0004B150";"いらっしゃい";"Welcome.";"000558F0"
"1";"0004B160";"野々山 春子";"Haruko Nonoyama";"000558F8"
"1";"0004B170";"悪いね　もう閉店なんだよ";"";"00055900"
"1";"0004B190";"野々山 春子";"Haruko Nonoyama";"00055908"
"1";"0004B1A0";"私に何か用かい？";"";"00055910"
"1";"0004B1C0";"この店について聞きたい";"";"00055918"
"1";"0004B1E0";"ご主人について聞きたい";"";"00055920"
"1";"0004B1F8";"景品交換したい";"";"00055928"
"1";"0004B210";"紀子について聞きたい";"";"00055930"
"1";"0004B230";"立ち退きについて聞く";"";"00055938"
"1";"0004B248";"何も聞かない";"Don't ask anything";"00055940"
"1";"0004B258";"$p";"";"00055948"
"1";"0004B260";"この店のことを教えてくれないか";"";"00055950"
"1";"0004B280";"$p";"";"00055958"
"1";"0004B290";"この店のことを教えて欲しいんだけど";"";"00055960"
"1";"0004B2B8";"野々山 春子";"Haruko Nonoyama";"00055968"
"1";"0004B2D0";"この店はもともと私の亭主の店でね
まあ、どうにかこうにかやってるよ";"";"00055970"
"1";"0004B318";"$p";"";"00055978"
"1";"0004B320";"ご主人は？";"";"00055980"
"1";"0004B330";"野々山 春子";"Haruko Nonoyama";"00055988"
"1";"0004B340";"１０年前にね　高速道路の工事中の事故で…";"";"00055990"
"1";"0004B370";"野々山 春子";"Haruko Nonoyama";"00055998"
"1";"0004B380";"…この話はあまり話したくないんでね
悪いね";"";"000559A0"
"1";"0004B3B0";"$p";"";"000559A8"
"1";"0004B3C0";"景品交換したいんだが…";"";"000559B0"
"1";"0004B3D8";"$p";"";"000559B8"
"1";"0004B3E0";"景品交換したいんだけど";"";"000559C0"
"1";"0004B3F8";"野々山 春子";"Haruko Nonoyama";"000559C8"
"1";"0004B410";"景品交換なら、
カウンター越しに話しかけてくれよ";"";"000559D0"
"1";"0004B440";"$p";"";"000559D8"
"1";"0004B450";"紀子はよくやってるかい？";"";"000559E0"
"1";"0004B470";"$p";"";"000559E8"
"1";"0004B480";"紀子はがんばってる？";"";"000559F0"
"1";"0004B498";"野々山 春子";"Haruko Nonoyama";"000559F8"
"1";"0004B4B0";"助かってるよお
あの娘、覚えがいいし、かわいいしね";"";"00055A00"
"1";"0004B4E8";"野々山 春子";"Haruko Nonoyama";"00055A08"
"1";"0004B500";"ずっと　ここにいてもらいたいくらいだよ";"";"00055A10"
"1";"0004B528";"野々山 春子";"Haruko Nonoyama";"00055A18"
"1";"0004B540";"あの娘、店を休んでるんだよ";"";"00055A20"
"1";"0004B560";"野々山 春子";"Haruko Nonoyama";"00055A28"
"1";"0004B570";"連絡もつかないし…
まさか何かあったんじゃないかねえ…？";"";"00055A30"
"1";"0004B5A8";"$p";"";"00055A38"
"1";"0004B5B0";"紀子は…？";"";"00055A40"
"1";"0004B5C0";"野々山 春子";"Haruko Nonoyama";"00055A48"
"1";"0004B5D0";"あの娘、学校が休みとかで
その間この町に来てるんだよ";"";"00055A50"
"1";"0004B608";"野々山 春子";"Haruko Nonoyama";"00055A58"
"1";"0004B620";"以前よりは　だいぶ元気になったみたいだよ";"";"00055A60"
"1";"0004B650";"野々山 春子";"Haruko Nonoyama";"00055A68"
"1";"0004B660";"おや！　まあ…
$puさんじゃないか！";"";"00055A70"
"1";"0004B688";"野々山 春子";"Haruko Nonoyama";"00055A78"
"1";"0004B6A0";"久しぶりだねえ　またこの町に来たんだね";"";"00055A80"
"1";"0004B6C8";"野々山 春子";"Haruko Nonoyama";"00055A88"
"1";"0004B6E0";"ゆっくりしていきな　誰もあんたのこと
悪く思ってる人はいないから";"";"00055A90"
"1";"0004B720";"怖がりな安部良徳";"Yoshinori Abe - Anxious";"00055A98"
"1";"0004B740";"この店で殺人事件が起きたって話じゃねえか";"Didn't they say a murder happened in this shop?";"00055AA0"
"1";"0004B770";"怖がりな安部良徳";"Yoshinori Abe - Anxious";"00055AA8"
"1";"0004B790";"恐い話だねえ
仏さんの近くの席には座りたくねえな";"What a frightening story. 
No way am I sitting near the deceased person's seat.";"00055AB0"
"1";"0004B7C0";"パチプロ　虎牙鬼十郎";"Onijuro Torakiba - Pachi-Pro";"00055AB8"
"1";"0004B7E0";"この俺に何か用か…？";"You need something from me...?";"00055AC0"
"1";"0004B800";"パチプロ　虎牙鬼十郎";"Onijuro Torakiba - Pachi-Pro";"00055AC8"
"1";"0004B820";"俺は虎牙鬼十郎（とらきばおにじゅうろう）…
覚えておくといい";"The name's Onijuro Torakiba (Demon-TenthSon
Tiger-Fang)... You better remember that.";"00055AD0"
"1";"0004B860";"パチプロ　虎牙鬼十郎";"Onijuro Torakiba - Pachi-Pro";"00055AD8"
"1";"0004B880";"ム…！　貴様は、老パチプロに勝った…";"Hmph...! So, you’re the one who beat that old Pachi-Pro...";"00055AE0"
"1";"0004B8B0";"パチプロ　虎牙鬼十郎";"Onijuro Torakiba - Pachi-Pro";"00055AE8"
"1";"0004B8D0";"この俺と勝負するというのか…？";"You dare challenge me...?";"00055AF0"
"1";"0004B8F0";"パチプロ　虎牙鬼十郎";"Onijuro Torakiba - Pachi-Pro";"00055AF8"
"1";"0004B910";"いいだろう！　目にもの見せてくれる！";"Very well! I'll show you what I'm made of!";"00055B00"
"1";"0004B940";"パチプロ　虎牙鬼十郎";"Onijuro Torakiba - Pachi-Pro";"00055B08"
"1";"0004B960";"むむむ…　か、勝てん…！
また負けてしまった…";"Mmm... I-I can't win...! I've lost again...";"00055B10"
"1";"0004B990";"パチプロ　虎牙鬼十郎";"Onijuro Torakiba - Pachi-Pro";"00055B18"
"1";"0004B9B0";"むう…　貴様にこれを授けよう…";"Hmph... I'll bestow this upon you...";"00055B20"
"1";"0004B9D0";"パチプロ　虎牙鬼十郎";"Onijuro Torakiba - Pachi-Pro";"00055B28"
"1";"0004B9F0";"ハハハハハ！
俺の勝ちだ！";"Hah hah hah!
I win!";"00055B30"
"1";"0004BA10";"パチプロ　虎牙鬼十郎";"Onijuro Torakiba - Pachi-Pro";"00055B38"
"1";"0004BA30";"ムム…ッ　今日は都合が悪い
勝負は明日にしてもらおう";"Mmm... Today is inconvenient.
Let's settle the match tomorrow.";"00055B40"
"1";"0004BA70";"涙もろい宇井智宏";"Tomohiro Ui - Tearful";"00055B48"
"1";"0004BA90";"この店は昔、
「和男」って人が店長だったんだよ";"This place used to be run by a man named ""Kazuo.""";"00055B50"
"1";"0004BAC0";"涙もろい宇井智宏";"Tomohiro Ui - Tearful";"00055B58"
"1";"0004BAE0";"いい人だったんだけどよ　何年か前に
病気で…　まだ４０才くらいだったかな";"He was a good person, but a few years ago he got sick... 
I think he was only about 40 years old.";"00055B60"
"1";"0004BB30";"涙もろい宇井智宏";"Tomohiro Ui - Tearful";"00055B68"
"1";"0004BB50";"それからずっと「春子」さんが一人で
きりもりしてるんだ　大変だと思うよ";"Ever since then, ""Haruko"" has been managing it all by
herself. I can't imagine how tough that must be for her.";"00055B70"
"1";"0004BBA0";"パチプロ老人　夢路";"Yumeji - Pachi-Pro Elder";"00055B78"
"1";"0004BBC0";"おめえ　$ciパチンコ勝負$crって知ってるか？";"Hey, do you know what a $ciPachinko Match$cr is?";"00055B80"
"1";"0004BBF0";"知っている";"I know.";"00055B88"
"1";"0004BC00";"知らない";"I don't know.";"00055B90"
"1";"0004BC10";"$p";"$p";"00055B98"
"1";"0004BC20";"ああ　知ってるよ";"Oh, I know.";"00055BA0"
"1";"0004BC38";"$p";"$p";"00055BA8"
"1";"0004BC40";"うん　知ってるわよ";"Yeah, I know.";"00055BB0"
"1";"0004BC60";"パチプロ老人　夢路";"Yumeji - Pachi-Pro Elder";"00055BB8"
"1";"0004BC80";"なんでえ！　知ってんのか";"Huh! So you already know.";"00055BC0"
"1";"0004BCA0";"$p";"$p";"00055BC8"
"1";"0004BCB0";"パチンコ勝負…？";"A pachinko match...?";"00055BD0"
"1";"0004BCD0";"パチプロ老人　夢路";"Yumeji - Pachi-Pro Elder";"00055BD8"
"1";"0004BCF0";"知らねえのか　じゃあ教えてやる";"You don't know? Then I'll teach you.";"00055BE0"
"1";"0004BD10";"パチプロ老人　夢路";"Yumeji - Pachi-Pro Elder";"00055BE8"
"1";"0004BD30";"パチンコ勝負ってのは「規定の出玉数に
速く達した方が勝ち」ってルールだ";"The rule of a pachinko match is: 
""whoever reaches the set number of payout balls first wins.""";"00055BF0"
"1";"0004BD80";"パチプロ老人　夢路";"Yumeji - Pachi-Pro Elder";"00055BF8"
"1";"0004BDA0";"ようするに
ガンガン当りを引いた方が勝ちってこった";"In other words, whoever keeps hitting jackpots wins.";"00055C00"
"1";"0004BDE0";"パチプロ老人　夢路";"Yumeji - Pachi-Pro Elder";"00055C08"
"1";"0004BE00";"この辺の町には$ciパチプロ$crがいる
そいつらに話しかければ勝負できるぜ";"There are $ciPachinko Pros$cr in the towns around here.
If you talk to them, you can challenge them to a match.";"00055C10"
"1";"0004BE50";"パチプロ老人　夢路";"Yumeji - Pachi-Pro Elder";"00055C18"
"1";"0004BE70";"どうだい？
なんだったら　俺と試しに勝負してみるか？";"So, what do you say? 
You want to try a practice match with me?";"00055C20"
"1";"0004BEA8";"勝負する";"Compete";"00055C28"
"1";"0004BEB8";"勝負しない";"Don't compete";"00055C30"
"1";"0004BED0";"本気を出さないで欲しい";"Please don't go all out on me.";"00055C38"
"1";"0004BEF0";"パチプロ老人　夢路";"Yumeji - Pachi-Pro Elder";"00055C40"
"1";"0004BF10";"ようし　相手してやろうか！";"Alright then, I'll take you on!";"00055C48"
"1";"0004BF30";"パチプロ老人　夢路";"Yumeji - Pachi-Pro Elder";"00055C50"
"1";"0004BF50";"なあんだ　そうかい";"Oh, I see.";"00055C58"
"1";"0004BF70";"パチプロ老人　夢路";"Yumeji - Pachi-Pro Elder";"00055C60"
"1";"0004BF90";"なかなかスジがいいな　あんた";"You've got pretty good instincts, don't you?";"00055C68"
"1";"0004BFB0";"パチプロ老人　夢路";"Yumeji - Pachi-Pro Elder";"00055C70"
"1";"0004BFD0";"あんたなら…
$ciパチプロ必殺技$crが使えるかもしれねえな";"Someone like you...
Might even be able to pull off the $ciPachi-Pro Special Move$cr.";"00055C78"
"1";"0004C010";"パチプロ老人　夢路";"Yumeji - Pachi-Pro Elder";"00055C80"
"1";"0004C030";"よし、俺のパチプロ必殺技を教えてやろう";"Alright then, I'll teach you my Pachi-Pro Special Move.";"00055C88"
"1";"0004C060";"パチプロ老人　夢路";"Yumeji - Pachi-Pro Elder";"00055C90"
"1";"0004C080";"くそーっ！　負けちまった！";"Damn it! I lost!";"00055C98"
"1";"0004C0A0";"パチプロ老人　夢路";"Yumeji - Pachi-Pro Elder";"00055CA0"
"1";"0004C0C0";"たまたまだ！　次は俺が勝つからな！";"That was a fluke! Next time, I'll win!";"00055CA8"
"1";"0004C0F0";"パチプロ老人　夢路";"Yumeji - Pachi-Pro Elder";"00055CB0"
"1";"0004C110";"ブハハハハッ！　俺の勝ちだな！";"Bwahahahaha! It looks like I win!";"00055CB8"
"1";"0004C130";"パチプロ老人　夢路";"Yumeji - Pachi-Pro Elder";"00055CC0"
"1";"0004C150";"面白かったな！　またやろうぜぇ";"That was fun! Let's do it again.";"00055CC8"
"1";"0004C170";"パチプロ老人　夢路";"Yumeji - Pachi-Pro Elder";"00055CD0"
"1";"0004C188";"おお　あんたか";"Oh, it’s you.";"00055CD8"
"1";"0004C1A0";"パチプロ老人　夢路";"Yumeji - Pachi-Pro Elder";"00055CE0"
"1";"0004C1C0";"今日はもう疲れた　勝負なら明日にしてくれ";"I'm already tired today.
If you want a match, come back tomorrow.";"00055CE8"
"1";"0004C1F0";"パチプロ老人　夢路";"Yumeji - Pachi-Pro Elder";"00055CF0"
"1";"0004C210";"おめえ、かなり場数を踏んできたようだな…";"You seem to have built up quite a lot of experience...";"00055CF8"
"1";"0004C240";"パチプロ老人　夢路";"Yumeji - Pachi-Pro Elder";"00055D00"
"1";"0004C260";"どうだい？
本気の俺と勝負してみる気はないか？";"So, how about it?
Do you feel like facing a real match against me?";"00055D08"
"1";"0004C290";"パチプロ老人　夢路";"Yumeji - Pachi-Pro Elder";"00055D10"
"1";"0004C2B0";"よし！　全力でかかって来い！";"Alright! Give me everything you've got!";"00055D18"
"1";"0004C2D0";"パチプロ老人　夢路";"Yumeji - Pachi-Pro Elder";"00055D20"
"1";"0004C2F0";"なんでえ！　つまんねえな";"What the...! How boring.";"00055D28"
"1";"0004C310";"パチプロ老人　夢路";"Yumeji - Pachi-Pro Elder";"00055D30"
"1";"0004C330";"本気の俺に勝つとはな
やっぱりおめえはたいしたヤツだぜ";"To think you'd beat my true self...
As expected, you're the real deal.";"00055D38"
"1";"0004C370";"パチプロ老人　夢路";"Yumeji - Pachi-Pro Elder";"00055D40"
"1";"0004C390";"俺はこう見えても$ciパチンコ八賢人$crの
夢路ってんで　ちっとは有名なんだぜ";"Believe it or not, I'm Yumeji, one of the $ciPachikno Eight Sages$cr. I'm somewhat famous, you know.";"00055D48"
"1";"0004C3E0";"パチプロ老人　夢路";"Yumeji - Pachi-Pro Elder";"00055D50"
"1";"0004C400";"その俺に勝ったんだ
究極のパチプロ必殺技を教えてやるよ";"And you just beat me.
I'll teach you the ultimate Pachi-Pro Secret Move.";"00055D58"
"1";"0004C440";"パチプロ老人　夢路";"Yumeji - Pachi-Pro Elder";"00055D60"
"1";"0004C460";"あーあ、俺もまだまだだな
おめえも、これからも精進しなよ";"Sigh... I still have a long way to go. 
You should keep training hard from now on, too.";"00055D68"
"1";"0004C498";"…？";"...?";"00055D70"
"1";"0004C4A0";"（今　物音がしたような…？）";"(Did I just hear something…?)";"00055D78"
"1";"0004C4C0";"（…台は稼動していない
　まだ開店前のようだ）";"(...The machines aren't running; 
it looks like they haven't opened yet.)";"00055D80"
"1";"0004C4F0";"（台は動いていない…
　まだ店は開いてないみたい…）";"(The machines aren’t running…
It seems the shop hasn’t opened yet…)";"00055D88"
"1";"0004C530";"タバコ屋のおばあちゃん";"Tobacco Shop Granny";"00055D90"
"1";"0004C550";"いらっしゃい　何にするかね？";"Welcome! What can I get for you?";"00055D98"
"1";"0004C570";"タバコ屋のおばあちゃん";"Tobacco Shop Granny";"00055DA0"
"1";"0004C588";"またどうぞ";"Please come again.";"00055DA8"
"1";"0004C598";"タバコを買う";"Buy cigarettes";"00055DB0"
"1";"0004C5B0";"パチンコ屋の事件について聞く";"Ask about the Pachinko Parlor Incident";"00055DB8"
"1";"0004C5D0";"ミヨちゃんについて聞く";"Ask about Miyo";"00055DC0"
"1";"0004C5E8";"禁煙する";"Quit smoking.";"00055DC8"
"1";"0004C5F8";"$p";"$p";"00055DD0"
"1";"0004C600";"パチンコ屋の事件について
何か知らないか？";"Do you know anything about the pachinko parlor incident?";"00055DD8"
"1";"0004C630";"$p";"$p";"00055DE0"
"1";"0004C640";"パチンコ屋の事件について
何か知らない？";"Do you know anything about the pachinko parlor incident?";"00055DE8"
"1";"0004C670";"タバコ屋のおばあちゃん";"Tobacco Shop Granny";"00055DF0"
"1";"0004C690";"パチンコ屋の…ていうと、
あの雨の日の話だね";"The pachinko parlor... 
Oh, you mean the incident on that rainy day, don't you?";"00055DF8"
"1";"0004C6C0";"タバコ屋のおばあちゃん";"Tobacco Shop Granny";"00055E00"
"1";"0004C6E0";"あいにく　あたしゃあその日は
持病の腰痛がひどくてねぇ";"Unfortunately, my chronic back
pain was bad that day, you see.";"00055E08"
"1";"0004C720";"タバコ屋のおばあちゃん";"Tobacco Shop Granny";"00055E10"
"1";"0004C740";"ミヨちゃんに頼んで
代わってもらってたんだよ";"So I asked Miyo to take my place.";"00055E18"
"1";"0004C770";"ミヨちゃんというのは誰ですか？";"Who is Miyo?";"00055E20"
"1";"0004C790";"そんなに腰痛がひどかったんですか？";"Was your back pain really that bad?";"00055E28"
"1";"0004C7B8";"$p";"$p";"00055E30"
"1";"0004C7C0";"ミヨちゃんというのは…";"Speaking of Miyo...";"00055E38"
"1";"0004C7E0";"タバコ屋のおばあちゃん";"Tobacco Shop Granny";"00055E40"
"1";"0004C800";"ミヨちゃんは私の孫娘だよ
今は…　家にいないみたいだね";"Miyo is my granddaughter.
Right now... it looks like she's not at home.";"00055E48"
"1";"0004C838";"$p";"$p";"00055E50"
"1";"0004C840";"そんなに腰痛がひどかったのか？";"Was your back pain really that terrible?";"00055E58"
"1";"0004C860";"$p";"$p";"00055E60"
"1";"0004C870";"そんなに腰痛がひどかったの？";"Was your back pain really that terrible?";"00055E68"
"1";"0004C890";"タバコ屋のおばあちゃん";"Tobacco Shop Granny";"00055E70"
"1";"0004C8B0";"あの日は朝からひどい雨だったでしょう
雨の日は腰が痛くてしょうがないんだよ";"It was pouring rain all morning that day, remember?
On rainy days, my back hurts so badly I can’t stand it.";"00055E78"
"1";"0004C900";"タバコ屋のおばあちゃん";"Tobacco Shop Granny";"00055E80"
"1";"0004C920";"そういう日はミヨちゃんに
店番を代わってもらってるのよ";"I have Miyo look after the shop for me on days like that.";"00055E88"
"1";"0004C960";"タバコ屋のおばあちゃん";"Tobacco Shop Granny";"00055E90"
"1";"0004C980";"$ciミヨちゃん$crなら、
何か知ってるかもしれないねえ…";"$ciMiyo$cr might know something...";"00055E98"
"1";"0004C9C0";"タバコ屋のおばあちゃん";"Tobacco Shop Granny";"00055EA0"
"1";"0004C9E0";"そうかい…　じゃあ
今もっているタバコは引き取っておくよ";"I see… Well then,
I’ll take the cigarettes you have right now.";"00055EA8"
"1";"0004CA20";"タバコ屋のおばあちゃん";"Tobacco Shop Granny";"00055EB0"
"1";"0004CA40";"…ってタバコ持ってないじゃないか！";"...Wait, you don't have any cigarettes!";"00055EB8"
"1";"0004CA70";"ミヨちゃんの背格好について聞く";"Ask about Miyo's appearance";"00055EC0"
"1";"0004CA90";"ミヨちゃんの居場所について聞く";"Ask about Miyo's whereabouts";"00055EC8"
"1";"0004CAB0";"まさかあなたがミヨちゃんですか？　と聞く";"Ask if she could possibly be Miyo";"00055ED0"
"1";"0004CAE0";"何も聞かない";"Don't ask anything";"00055ED8"
"1";"0004CAF0";"カンナちゃんについて聞く";"Ask about Kanna";"00055EE0"
"1";"0004CB10";"釣り具屋について聞く";"Ask about the Fishing Tackle Shop";"00055EE8"
"1";"0004CB30";"もう一度ミヨちゃんの居場所について聞きなおす";"Ask again about Miyo's whereabouts";"00055EF0"
"1";"0004CB60";"お好み焼き屋について聞く";"Ask about the Okonomiyaki Restaurant";"00055EF8"
"1";"0004CB80";"タバコ屋のおばあちゃん";"Tobacco Shop Granny";"00055F00"
"1";"0004CBA0";"ミヨちゃんは…　いま中学３年生だったかな
中背の女の子だよ";"Miyo is... I think she's in her third year of
middle school now. An average-height girl.";"00055F08"
"1";"0004CBE0";"タバコ屋のおばあちゃん";"Tobacco Shop Granny";"00055F10"
"1";"0004CC00";"いつもなら$ciカンナちゃん$crと一緒だけど…";"She's usually with $ciKanna$cr, but...";"00055F18"
"1";"0004CC30";"タバコ屋のおばあちゃん";"Tobacco Shop Granny";"00055F20"
"1";"0004CC50";"そうだねえ…
$ciお好み焼き屋$crさんじゃないかねえ";"Hmm... Maybe she's at the $ciokonomiyaki restaurant$cr.";"00055F28"
"1";"0004CC90";"タバコ屋のおばあちゃん";"Tobacco Shop Granny";"00055F30"
"1";"0004CCB0";"…って、さっき教えなかったかい？";"...Wait, didn't I just tell you that already?";"00055F38"
"1";"0004CCE0";"お好み焼き屋にはいなかった";"She wasn't at the okonomiyaki restaurant";"00055F40"
"1";"0004CD00";"そういえば教えてもらった";"Come to think of it, you did tell me";"00055F48"
"1";"0004CD20";"$p";"$p";"00055F50"
"1";"0004CD30";"いや、お好み焼き屋にはいなかったよ";"No, she wasn't at the okonomiyaki restaurant.";"00055F58"
"1";"0004CD58";"$p";"$p";"00055F60"
"1";"0004CD60";"ううん、お好み焼き屋にはいなかったよ";"No, she wasn't at the okonomiyaki restaurant.";"00055F68"
"1";"0004CD90";"タバコ屋のおばあちゃん";"Tobacco Shop Granny";"00055F70"
"1";"0004CDB0";"あら、そうかい
じゃあ…　スナックの方かなぁ";"Oh, is that so?
Well then... maybe the snack bar?";"00055F78"
"1";"0004CDE0";"タバコ屋のおばあちゃん";"Tobacco Shop Granny";"00055F80"
"1";"0004CE00";"ああそうそう
もしかしたらスナックの方かも知れないねえ";"Oh, right.
Maybe she's at the snack bar after all.";"00055F88"
"1";"0004CE40";"タバコ屋のおばあちゃん";"Tobacco Shop Granny";"00055F90"
"1";"0004CE60";"ミヨちゃんの母親…　私の娘が
スナックで働いているのよ";"Miyo's mother... my daughter.
She works at the snack bar.";"00055F98"
"1";"0004CEA0";"タバコ屋のおばあちゃん";"Tobacco Shop Granny";"00055FA0"
"1";"0004CEC0";"この裏の路地にある“$ciスナックめぐみ$cr”だよ
行って見たらどうだい？";"It's called ""$ciSnack Bar Megumi$cr,""
down the alley behind here. Why don’t you check it out?";"00055FA8"
"1";"0004CF08";"$p";"$p";"00055FB0"
"1";"0004CF10";"そういえばそうだった…";"Oh yeah, you did tell me that...";"00055FB8"
"1";"0004CF30";"タバコ屋のおばあちゃん";"Tobacco Shop Granny";"00055FC0"
"1";"0004CF50";"おやおや　若いのに物忘れがひどいねえ";"Oh dear, you're pretty forgetful for someone so young.";"00055FC8"
"1";"0004CF78";"$p";"$p";"00055FD0"
"1";"0004CF80";"まさか…　ばあさんがミヨちゃんじゃあ…！";"No way... Don't tell me you're Miyo...!";"00055FD8"
"1";"0004CFB0";"$p";"$p";"00055FE0"
"1";"0004CFC0";"ひょっとして…
おばあちゃんがミヨちゃんって事は…？";"Could it be that...
Grandma is actually Miyo...?";"00055FE8"
"1";"0004D000";"タバコ屋のおばあちゃん";"Tobacco Shop Granny";"00055FF0"
"1";"0004D020";"ほっほっほっ　ちがうよ
ミヨちゃんは私の孫娘だよ";"Ho ho ho, of course not.
Miyo is my granddaughter.";"00055FF8"
"1";"0004D050";"$p";"$p";"00056000"
"1";"0004D060";"そのカンナちゃんていうのは？";"Who's this Kanna?";"00056008"
"1";"0004D080";"タバコ屋のおばあちゃん";"Tobacco Shop Granny";"00056010"
"1";"0004D0A0";"カンナちゃん？
カンナちゃんは釣り具屋さんの娘だよ";"Kanna? She's the fishing tackle shop owner’s daughter.
Kanna and Miyo have been close friends since they were little.";"00056018"
"1";"0004D0E0";"タバコ屋のおばあちゃん";"Tobacco Shop Granny";"00056020"
"1";"0004D100";"カンナちゃんとミヨちゃんは
昔っから仲が良いんだよ";"Kanna and Miyo have been good friends for a long time.";"00056028"
"1";"0004D138";"$p";"$p";"00056030"
"1";"0004D140";"その釣り具屋さんっていうのは？";"Where’s the fishing tackle shop?";"00056038"
"1";"0004D160";"タバコ屋のおばあちゃん";"Tobacco Shop Granny";"00056040"
"1";"0004D180";"釣り具屋さんは　堤防のそばだよ
串カツ屋の角を曲がった突き当たりが堤防さ";"The fishing tackle shop is near the embankment.
The embankment is at the end of the street after you turn the corner from the kushikatsu shop.";"00056048"
"1";"0004D1C8";"$p";"$p";"00056050"
"1";"0004D1D0";"お好み焼き屋さん？";"The okonomiyaki restaurant?";"00056058"
"1";"0004D1F0";"タバコ屋のおばあちゃん";"Tobacco Shop Granny";"00056060"
"1";"0004D210";"あんたの後ろにある
お好み焼き屋さん「べんてん」だよ";"""Benten,"" the okonomiyaki restaurant right behind you.";"00056068"
"1";"0004D248";"カンナ";"Kanna";"00056070"
"1";"0004D250";"あ！　はい　なんですか…？";"Oh! Yes, what is it…?";"00056078"
"1";"0004D270";"カンナ";"Kanna";"00056080"
"1";"0004D280";"は、はい　なんですか…？";"Y-Yes, what is it…?";"00056088"
"1";"0004D2A0";"ミヨちゃんって娘を知らないか";"";"00056090"
"1";"0004D2C0";"君がミヨちゃんかい？";"";"00056098"
"1";"0004D2D8";"何食べてるの？";"";"000560A0"
"1";"0004D2F0";"ミヨちゃんって娘を知らない？";"";"000560A8"
"1";"0004D310";"$p";"$p";"000560B0"
"1";"0004D320";"ミヨちゃんって娘を知らないか";"";"000560B8"
"1";"0004D340";"$p";"$p";"000560C0"
"1";"0004D350";"ミヨちゃんって娘を知らない？";"";"000560C8"
"1";"0004D370";"カンナ";"Kanna";"000560D0"
"1";"0004D380";"ミヨ？　…ううん知らないわ";"";"000560D8"
"1";"0004D3A0";"$p";"$p";"000560E0"
"1";"0004D3B0";"君がミヨちゃんかい？";"";"000560E8"
"1";"0004D3C8";"$p";"$p";"000560F0"
"1";"0004D3D0";"あなたがミヨちゃん？";"";"000560F8"
"1";"0004D3E8";"カンナ";"Kanna";"00056100"
"1";"0004D3F0";"違うわよ　私の名前はカンナっていうの";"";"00056108"
"1";"0004D418";"$p";"$p";"00056110"
"1";"0004D420";"何を食べてるんだ？";"";"00056118"
"1";"0004D438";"$p";"$p";"00056120"
"1";"0004D440";"何食べてるの？";"";"00056128"
"1";"0004D450";"カンナ";"Kanna";"00056130"
"1";"0004D458";"豚玉ですけど…";"";"00056138"
"1";"0004D470";"お好み焼き屋のおばちゃん";"Okonomiyaki Restaurant Lady";"00056140"
"1";"0004D490";"カンナちゃん…！";"Kanna...!";"00056148"
"1";"0004D4A8";"カンナ";"Kanna";"00056150"
"1";"0004D4B0";"あ、はい…";"Oh, yeah...";"00056158"
"1";"0004D4C0";"ミヨちゃんの行きそうな場所について聞く";"Ask if she knows where Miyo might be";"00056160"
"1";"0004D4F0";"パチンコ屋の事件について聞く";"Ask about the Pachinko Parlor Incident";"00056168"
"1";"0004D510";"この店のお好み焼きについて聞く";"Ask about the okonomiyaki at this restaurant";"00056170"
"1";"0004D530";"聞きたいことは無い";"I have nothing to ask";"00056178"
"1";"0004D548";"$p";"$p";"00056180"
"1";"0004D550";"ミヨちゃんの行きそうな場所を
知らないか？";"Do you know any places Miyo might go?";"00056188"
"1";"0004D580";"$p";"$p";"00056190"
"1";"0004D590";"ミヨちゃんの行きそうな場所を
知らない？";"Do you know any places Miyo might go?";"00056198"
"1";"0004D5B8";"$p";"$p";"000561A0"
"1";"0004D5C0";"パチンコ屋の事件について
何か知らないか？";"Do you know anything about the pachinko parlor incident?";"000561A8"
"1";"0004D5F0";"$p";"$p";"000561B0"
"1";"0004D600";"パチンコ屋の事件について
何か知らない？";"Do you know anything about the pachinko parlor incident?";"000561B8"
"1";"0004D628";"$p";"$p";"000561C0"
"1";"0004D630";"この店のお好み焼きはどうだい？";"How is the okonomiyaki here?";"000561C8"
"1";"0004D650";"$p";"$p";"000561D0"
"1";"0004D660";"この店のお好み焼きっておいしい？";"Is the okonomiyaki here good?";"000561D8"
"1";"0004D688";"カンナ";"Kanna";"000561E0"
"1";"0004D690";"えっ？　えっと…　その…";"Huh? Um… well…";"000561E8"
"1";"0004D6B0";"お好み焼き屋のおばちゃん";"Okonomiyaki Restaurant Lady";"000561F0"
"1";"0004D6D0";"ちょっとあんた！";"Hey, you!";"000561F8"
"1";"0004D6F0";"お好み焼き屋のおばちゃん";"Okonomiyaki Restaurant Lady";"00056200"
"1";"0004D710";"やめてあげなよ！
カンナちゃん迷惑してるじゃないか";"Leave her alone!
Can't you see you're bothering Kanna?";"00056208"
"1";"0004D750";"（カンナのこのそぶりは…）";"(Kanna's behavior is...)";"00056210"
"1";"0004D770";"自分の事を恐れている　不自然ではない";"She's afraid of me. Nothing strange about that.";"00056218"
"1";"0004D7A0";"不自然だ　何か隠しているのでは…";"Unnatural. She must be hiding something...";"00056220"
"1";"0004D7C8";"カンナ";"Kanna";"00056228"
"1";"0004D7D0";"ウソをつき続けるのって
気持ちの良いものじゃないわね";"It doesn't feel good to keep telling lies, does it?";"00056230"
"1";"0004D808";"カンナ";"Kanna";"00056238"
"1";"0004D810";"正直ミヨが出てきてくれてホッとしたわ";"Honestly, I'm relieved that Miyo showed up.";"00056240"
"1";"0004D838";"カンナ";"Kanna";"00056248"
"1";"0004D840";"ミヨの親戚の知り合いの家には
カラーテレビがあるんだって";"I heard that an acquaintance of
Miyo’s relative has a color TV.";"00056250"
"1";"0004D878";"カンナ";"Kanna";"00056258"
"1";"0004D880";"うちの釣り具屋じゃあ　当分ムリね";"There's no way our fishing tackle shop
can afford one anytime soon.";"00056260"
"1";"0004D8A8";"カンナ";"Kanna";"00056268"
"1";"0004D8B0";"私の話が本当だったって証明できたわ
ありがとう！";"This proves that what I said was true. Thank you!";"00056270"
"1";"0004D8E0";"（ミヨちゃんは
　お好み焼き屋にいないようだな…）";"(Looks like Miyo isn't at the okonomiyaki restaurant...)";"00056278"
"1";"0004D920";"（ミヨちゃんは
　お好み焼き屋にいないみたい…）";"(It seems like Miyo isn't at the okonomiyaki restaurant...)";"00056280"
"1";"0004D950";"ちっ　タバコ屋のばあさんめ！";"Tch, that old lady from the tobacco shop!";"00056288"
"1";"0004D970";"もう一度タバコ屋のおばあさんに聞いてみよう…";"Let's ask the old lady at the tobacco shop again...";"00056290"
"1";"0004D9A0";"もうっ　タバコ屋のおばあちゃんたら…！";"Tch, that old lady at the tobacco shop...!";"00056298"
"1";"0004D9D0";"（タバコ屋のばあさんめ！
　無駄足踏ませやがって！）";"(That old lady at the tobacco shop!
She made me come all this way for nothing!)";"000562A0"
"1";"0004DA10";"（もう一度
　タバコ屋のおばあさんに聞いてみよう…）";"(Maybe I should ask the tobacco shop granny again…)";"000562A8"
"1";"0004DA50";"（もうっ！
　タバコ屋のおばあさんたら…！）";"(Tch, that tobacco shop granny...!)";"000562B0"
"1";"0004DA80";"（う〜ん…　もう一度タバコ屋の
　おばあちゃんに聞いてみようかな…）";"(Hmm...
Maybe I should go ask the tobacco shop granny again…)";"000562B8"
"1";"0004DAC8";"散髪屋のおやじ";"Barbershop Owner";"000562C0"
"1";"0004DAD8";"いらっしゃい";"Welcome.";"000562C8"
"1";"0004DAE8";"散髪屋のおやじ";"Barbershop Owner";"000562D0"
"1";"0004DAF8";"またよろしく";"See you later.";"000562D8"
"1";"0004DB08";"店主　辰男";"Masashi - Restaurant Owner";"000562E0"
"1";"0004DB18";"いらっしゃい！";"Come on in!";"000562E8"
"1";"0004DB28";"店主　辰男";"Masashi - Restaurant Owner";"000562F0"
"1";"0004DB38";"またどうぞ！";"Please come again!";"000562F8"
"1";"0004DB48";"店主　辰二";"Masashi - Restaurant Owner";"00056300"
"1";"0004DB58";"いらっしゃい！";"Come on in!";"00056308"
"1";"0004DB68";"店主　辰二";"Masashi - Restaurant Owner";"00056310"
"1";"0004DB78";"またどうぞ！";"Come again!";"00056318"
"1";"0004DB90";"えの鮨の寿司折について聞く";"";"00056320"
"1";"0004DBB0";"盆踊りのケンカについて聞く";"";"00056328"
"1";"0004DBD0";"何も聞かない";"Don't ask anything";"00056330"
"1";"0004DBE0";"$p";"$p";"00056338"
"1";"0004DBF0";"あんた、えの鮨で
寿司折を買っていったそうだね";"";"00056340"
"1";"0004DC20";"$p";"$p";"00056348"
"1";"0004DC30";"ねえ　えの鮨で
寿司折を買っていったそうだけど…";"";"00056350"
"1";"0004DC60";"$p";"$p";"00056358"
"1";"0004DC70";"何かいいことあったのかい？";"";"00056360"
"1";"0004DC90";"$p";"$p";"00056368"
"1";"0004DCA0";"何かいいことあったの？";"";"00056370"
"1";"0004DCB8";"店主　辰男";"Masashi - Restaurant Owner";"00056378"
"1";"0004DCD0";"べ、別にいいことなんかありゃしねえよ
あれはただ先生に…　おっと";"";"00056380"
"1";"0004DD10";"店主　辰男";"Masashi - Restaurant Owner";"00056388"
"1";"0004DD20";"…何でもねえよ
寿司でも食いたい気分だったのさ";"";"00056390"
"1";"0004DD50";"$p";"$p";"00056398"
"1";"0004DD60";"あんた　盆踊りでケンカをしてなかったか？";"";"000563A0"
"1";"0004DD90";"$p";"$p";"000563A8"
"1";"0004DDA0";"ねえ、あなた
盆踊りでケンカをしてなかった？";"";"000563B0"
"1";"0004DDD0";"店主　辰男";"Masashi - Restaurant Owner";"000563B8"
"1";"0004DDE0";"えぇ！？
い、いやあ　見られちまったか";"";"000563C0"
"1";"0004DE08";"店主　辰男";"Masashi - Restaurant Owner";"000563C8"
"1";"0004DE20";"ホルモン屋のヤロウが
つまらねえ冗談ばかり言いやがるからよ";"";"000563D0"
"1";"0004DE60";"店主　辰男";"Masashi - Restaurant Owner";"000563D8"
"1";"0004DE70";"ムカッときて、一発小突いてやったのよ";"";"000563E0"
"1";"0004DE98";"店主　辰男";"Masashi - Restaurant Owner";"000563E8"
"1";"0004DEB0";"あんときゃあ　酔っぱらってたからな
あんまり覚えてねえんだけどよ";"";"000563F0"
"1";"0004DEF0";"店主　昌士";"";"000563F8"
"1";"0004DF00";"らっしゃい";"";"00056400"
"1";"0004DF10";"店主　昌士";"";"00056408"
"1";"0004DF20";"また来てくんな";"";"00056410"
"1";"0004DF30";"店主　忠士";"";"00056418"
"1";"0004DF40";"らっしゃい";"";"00056420"
"1";"0004DF50";"店主　忠士";"";"00056428"
"1";"0004DF60";"また来てくんな";"";"00056430"
"1";"0004DF70";"えの鮨の寿司折について聞く";"";"00056438"
"1";"0004DF90";"盆踊りのケンカについて聞く";"";"00056440"
"1";"0004DFB0";"何も聞かない";"Don't ask anything";"00056448"
"1";"0004DFC0";"$p";"$p";"00056450"
"1";"0004DFD0";"串カツ屋の辰男が、えの鮨で
寿司折を買っていったそうだが…";"";"00056458"
"1";"0004E010";"$p";"$p";"00056460"
"1";"0004E020";"串カツ屋の辰男さんが、えの鮨で
寿司折を買っていったって聞いたんだけど…";"";"00056468"
"1";"0004E068";"店主　昌士";"";"00056470"
"1";"0004E080";"寿司折だあ？
それなら串カツ屋に聞きやがれ";"";"00056478"
"1";"0004E0B0";"$p";"$p";"00056480"
"1";"0004E0C0";"あんた　盆踊りでケンカをしてなかったか？";"";"00056488"
"1";"0004E0F0";"$p";"$p";"00056490"
"1";"0004E100";"ねえ、あなた
盆踊りでケンカをしてなかった？";"";"00056498"
"1";"0004E130";"店主　昌士";"";"000564A0"
"1";"0004E140";"なんだ　あんたもあそこにいたのかい";"";"000564A8"
"1";"0004E168";"店主　昌士";"";"000564B0"
"1";"0004E180";"まあな　串カツ屋のヤロウが
つまらねえ冗談ばかり言いやがるからよ";"";"000564B8"
"1";"0004E1C0";"店主　昌士";"";"000564C0"
"1";"0004E1D0";"ムカーッときて、一発小突いてやったのよ";"";"000564C8"
"1";"0004E1F8";"店主　昌士";"";"000564D0"
"1";"0004E210";"あんときゃ　酔っぱらってたからな
それ以上は覚えてねえよ";"";"000564D8"
"1";"0004E248";"ミヨ";"";"000564E0"
"1";"0004E250";"ありがとう$puさん";"";"000564E8"
"1";"0004E268";"ミヨ";"";"000564F0"
"1";"0004E270";"あっ…！　$puさん
ひさしぶり！";"";"000564F8"
"1";"0004E290";"ミヨ";"";"00056500"
"1";"0004E2A0";"$puさんにもらったクマのぬいぐるみ
大切にしてるよ";"";"00056508"
"1";"0004E2D8";"ミヨ";"";"00056510"
"1";"0004E2E0";"$puさんにもらったクマのぬいぐるみ
ずっと大切にしてるよ";"";"00056518"
"1";"0004E320";"お好み焼き屋のおばちゃん";"Okonomiyaki Restaurant Lady";"00056520"
"1";"0004E340";"…どうも　何か用かい？";"...Hello, do you need something?";"00056528"
"1";"0004E360";"ミヨちゃんについて聞く";"Ask about Miyo";"00056530"
"1";"0004E380";"カンナちゃんについて聞く";"Ask about Kanna";"00056538"
"1";"0004E3A0";"この店について聞く";"Ask about this restaurant";"00056540"
"1";"0004E3B8";"推理をぶつける";"Confront with deduction";"00056548"
"1";"0004E3C8";"料理を注文する";"Order food";"00056550"
"1";"0004E3D8";"何もしない";"Do nothing";"00056558"
"1";"0004E3F0";"お好み焼き屋のおばちゃん";"Okonomiyaki Restaurant Lady";"00056560"
"1";"0004E410";"…悪いけど、
犯罪者の手伝いなんてしたくないんでね";"...Sorry,
but I don't want to help a criminal.";"00056568"
"1";"0004E450";"お好み焼き屋のおばちゃん";"Okonomiyaki Restaurant Lady";"00056570"
"1";"0004E470";"ミヨちゃんがどこへ行ったかなんて
知らないよ！　他へ行っておくれ！";"I don't know where Miyo went! Go somewhere else!";"00056578"
"1";"0004E4C0";"（ミヨちゃんの行方が分からなくなった…）";"(Miyo's whereabouts have become unknown...)";"00056580"
"1";"0004E4F0";"お好み焼き屋のおばちゃん";"Okonomiyaki Restaurant Lady";"00056588"
"1";"0004E510";"な、何だい！
ミヨちゃんはこの店にいないよ！";"Wh-What do you want?! Miyo isn't here at this restaurant!";"00056590"
"1";"0004E540";"お好み焼き屋のおばちゃん";"Okonomiyaki Restaurant Lady";"00056598"
"1";"0004E560";"出てってくれ！　他のお客に迷惑だよ！";"Get out! You're bothering the other customers!";"000565A0"
"1";"0004E590";"（…お好み焼き屋のおばちゃんを
怒らせてしまったようだが…）";"(…Looks like I’ve made the lady
at the okonomiyaki restaurant angry…)";"000565A8"
"1";"0004E5D0";"怒るのは当然　不自然なところはない";"Her anger is understandable. There’s nothing suspicious about it.";"000565B0"
"1";"0004E600";"不自然だ　何か隠しているのでは…";"That's suspicious. Is she hiding something...?";"000565B8"
"1";"0004E628";"$p";"$p";"000565C0"
"1";"0004E630";"おばちゃん　ミヨちゃんは
この店のどこかにいるんだろう？";"Lady, Miyo's hidding somewhere in this restaurant, right?";"000565C8"
"1";"0004E668";"$p";"$p";"000565D0"
"1";"0004E670";"タバコ屋のおばあちゃんや
スナックのママに聞いたんだ";"I heard it from the tobacco shop granny
and the snack bar mama.";"000565D8"
"1";"0004E6A8";"$p";"$p";"000565E0"
"1";"0004E6B0";"彼女の証言が必要なんだ
頼む、ミヨちゃんに会わせてくれ！";"I need her testimony. Please, let me see Miyo!";"000565E8"
"1";"0004E6E8";"$p";"$p";"000565F0"
"1";"0004E6F0";"おばちゃん　ミヨちゃんは
この店のどこかにいるんでしょう？";"Lady, Miyo's hidden somewhere in this restaurant, isn't she?";"000565F8"
"1";"0004E730";"$p";"$p";"00056600"
"1";"0004E740";"タバコ屋のおばあちゃんや
スナックのママに聞いたのよ";"I asked the tobacco shop granny
and the snack bar mama.";"00056608"
"1";"0004E778";"$p";"$p";"00056610"
"1";"0004E780";"彼女の証言が必要なの
お願い！　ミヨちゃんに会わせて！";"I need her testimony. Please, let me meet Miyo!";"00056618"
"1";"0004E7C0";"お好み焼き屋のおばちゃん";"Okonomiyaki Restaurant Lady";"00056620"
"1";"0004E7E0";"な、なにを…！";"Wh-What are you...!";"00056628"
"1";"0004E7F0";"女の声";"Girl's Voice";"00056630"
"1";"0004E800";"おばちゃん　やっぱりもういいよ";"Auntie, it's okay now. I've had enough.";"00056638"
"1";"0004E820";"カンナ";"Kanna";"00056640"
"1";"0004E828";"ミヨ！";"Miyo!";"00056648"
"1";"0004E830";"ミヨ";"Miyo";"00056650"
"1";"0004E840";"カンナもありがとう
でも隠れるの疲れちゃった";"Thank you too, Kanna. But I’m tired of hiding.";"00056658"
"1";"0004E870";"ミヨ";"Miyo";"00056660"
"1";"0004E880";"それに、この人　犯人じゃないんだし
やっぱりかわいそうだよ";"Besides, this person is not the culprit.
I feel sorry for him.";"00056668"
"1";"0004E8C0";"ミヨ";"Miyo";"00056670"
"1";"0004E8D0";"私、見たのよ　事件の日の朝早く、
男の人が北の方へ行くのを…";"I saw something. Early in the morning on the day of the incident, I saw a man heading north...";"00056678"
"1";"0004E910";"ミヨ";"Miyo";"00056680"
"1";"0004E920";"たぶん大海町に行ったんだと思うわ";"I think he was heading to Great Sea Town.";"00056688"
"1";"0004E950";"それを警察に行って話してくれないか？";"Will you go to the police and tell them that?";"00056690"
"1";"0004E980";"どうしてそんなところに隠れていたんだ？";"Why were you hiding in a place like this?";"00056698"
"1";"0004E9B0";"それを警察に行って話してくれない？";"Will you go to the police and tell them that?";"000566A0"
"1";"0004E9E0";"どうしてそんなところに隠れてたの？";"Why were you hiding in a place like that?";"000566A8"
"1";"0004EA08";"$p";"$p";"000566B0"
"1";"0004EA10";"それを警察に行って話してくれないか？";"Could you go to the police and tell them about it?";"000566B8"
"1";"0004EA38";"$p";"$p";"000566C0"
"1";"0004EA40";"それを警察に行って話してくれない？";"Could you go to the police and tell them about it?";"000566C8"
"1";"0004EA68";"ミヨ";"Miyo";"000566D0"
"1";"0004EA70";"えっ？　警察に？
う〜ん…　なんだか恐いな…";"Huh? To the police? Um... I'm kind of scared...";"000566D8"
"1";"0004EAA0";"$p";"$p";"000566E0"
"1";"0004EAB0";"どうしてそんなところに隠れていたんだ？";"Why were you hiding there?";"000566E8"
"1";"0004EAD8";"$p";"$p";"000566F0"
"1";"0004EAE0";"どうしてそんなところに隠れてたの？";"Why were you hiding there?";"000566F8"
"1";"0004EB08";"ミヨ";"Miyo";"00056700"
"1";"0004EB10";"私が怪しい男を見たって言ったら
カンナとおばちゃんがびっくりしちゃって…";"When I said I saw a suspicious man,
Kanna and the auntie were shocked...";"00056708"
"1";"0004EB60";"お好み焼き屋のおばちゃん";"Okonomiyaki Restaurant Lady";"00056710"
"1";"0004EB80";"そんなの見たのはたまたまなんだ
証人なんかになったら面倒じゃないか";"Seeing him was just a coincidence.
Becoming a witness would be a hassle.";"00056718"
"1";"0004EBC8";"カンナ";"Kanna";"00056720"
"1";"0004EBD0";"交番から$puさんが
出てくるって聞いて急いでかくまったんだよ";"We heard that $pu was coming out of the police box,
so we rushed to hide her.";"00056728"
"1";"0004EC10";"さらにお願いする";"Ask her again";"00056730"
"1";"0004EC28";"諦める";"Forget it";"00056738"
"1";"0004EC30";"$p";"$p";"00056740"
"1";"0004EC40";"そんなこと言わずに　お願いだ！";"Come on, don't say that, please!";"00056748"
"1";"0004EC60";"$p";"$p";"00056750"
"1";"0004EC70";"そんなこと言わずに　ね、お願い！";"Come on, don't say that, I'm begging you!";"00056758"
"1";"0004EC98";"ミヨ";"Miyo";"00056760"
"1";"0004ECA0";"う〜ん…　じゃあね　いま銀玉会館の景品に
大きな$ciクマのぬいぐるみ$crがあるんだけど…";"Hmm... well then. There's a giant stuffed bear
in the prize counter at $ciSilver Ball Hall$cr right now...";"00056768"
"1";"0004ECF8";"ミヨ";"Miyo";"00056770"
"1";"0004ED00";"それを獲ってきてくれたら
警察に行ってあげてもいいよ";"If you can win that for me, I'll go to the police for you.";"00056778"
"1";"0004ED40";"景品を獲ってくる";"Get the prize";"00056780"
"1";"0004ED58";"それなら断る";"Refuse the offer";"00056788"
"1";"0004ED68";"$p";"$p";"00056790"
"1";"0004ED70";"わかったクマのぬいぐるみを獲ってこよう";"Alright, I'll go win that teddy bear.";"00056798"
"1";"0004ED98";"$p";"$p";"000567A0"
"1";"0004EDA0";"わかったわ
クマのぬいぐるみを獲ってくればいいのね";"Okay, I get it.
So I just need to go get the teddy bear plushie, right?";"000567A8"
"1";"0004EDD8";"ミヨ";"Miyo";"000567B0"
"1";"0004EDE0";"本当？　じゃあ　ここで待ってるからね";"Really? Okay then, I’ll be waiting here.";"000567B8"
"1";"0004EE08";"$p";"$p";"000567C0"
"1";"0004EE10";"…そう言うことなら断る";"...In that case, I’ll pass.";"000567C8"
"1";"0004EE28";"$p";"$p";"000567D0"
"1";"0004EE30";"…そう言うことなら…　もういいわ";"…If that’s the case… I'll pass.";"000567D8"
"1";"0004EE58";"ミヨ";"Miyo";"000567E0"
"1";"0004EE60";"いいの？　親切で言ってあげてるのに";"Are you sure? I was trying to be helpful, you know.";"000567E8"
"1";"0004EE88";"ミヨ";"Miyo";"000567F0"
"1";"0004EE90";"クマのぬいぐるみを獲ってきてくれたら
警察に行ってあげてもいいよ";"If you win me that teddy bear,
I'd be willing to go to the police.";"000567F8"
"1";"0004EED0";"ミヨ";"Miyo";"00056800"
"1";"0004EEE0";"クマのぬいぐるみ　獲ってきてね";"Please go win that teddy bear for me.";"00056808"
"1";"0004EF00";"$ciクマのぬいぐるみ$crを渡しますか？";"Do you want to give her the $citeddy bear$cr?";"00056810"
"1";"0004EF28";"渡す";"Give it";"00056818"
"1";"0004EF30";"渡さない";"Don’t give it";"00056820"
"1";"0004EF40";"$p";"$p";"00056828"
"1";"0004EF50";"ミヨちゃん　約束のクマのぬいぐるみだ";"Miyo, here's the teddy bear I promised you.";"00056830"
"1";"0004EF78";"$p";"$p";"00056838"
"1";"0004EF80";"はいミヨちゃん　約束のクマのぬいぐるみ";"Here you go, Miyo. The teddy bear I promised you.";"00056840"
"1";"0004EFA8";"ミヨ";"Miyo";"00056848"
"1";"0004EFB0";"わあ！　ありがとう！";"Wow! Thank you!";"00056850"
"1";"0004EFC8";"ミヨ";"Miyo";"00056858"
"1";"0004EFD0";"それじゃあ
今からおまわりさんに話してくるね！";"Alright then, I'll go talk to the police officer right now!";"00056860"
"1";"0004F000";"お好み焼き屋のおばちゃん";"Okonomiyaki Restaurant Lady";"00056868"
"1";"0004F020";"ミヨちゃんのことを思ってしたことなんだ
あんたを陥れようとした訳じゃないよ";"I did it because I was thinking about Miyo.
I wasn’t trying to frame you.";"00056870"
"1";"0004F070";"お好み焼き屋のおばちゃん";"Okonomiyaki Restaurant Lady";"00056878"
"1";"0004F090";"でもミヨちゃんの言う通りだよ　あんたに
罪を着せる事になるのはよくなかったね";"But Miyo’s right. It wasn’t right to pin the blame on you.";"00056880"
"1";"0004F0E0";"お好み焼き屋のおばちゃん";"Okonomiyaki Restaurant Lady";"00056888"
"1";"0004F100";"いらっしゃい";"Welcome.";"00056890"
"1";"0004F110";"お好み焼き屋のおばちゃん";"Okonomiyaki Restaurant Lady";"00056898"
"1";"0004F130";"またきてね";"Come again.";"000568A0"
"1";"0004F140";"お好み焼き屋のおばちゃん";"Okonomiyaki Restaurant Lady";"000568A8"
"1";"0004F160";"なんだ　食べていくのかい？";"Oh, so you're eating here?";"000568B0"
"1";"0004F180";"お好み焼き屋のおばちゃん";"Okonomiyaki Restaurant Lady";"000568B8"
"1";"0004F1A0";"どうも";"Thanks.";"000568C0"
"1";"0004F1B0";"財布の軽い原田憲三";"Kenzo Harada - Short On Cash";"000568C8"
"1";"0004F1D0";"安くてうまい　串カツは懐のさびしい
オイラにとっちゃあ最高の食いもんだぜ";"Cheap and tasty skewered cutlets are
the best food for a broke guy like me.";"000568D0"
"1";"0004F220";"立ち話をしているおばさん";"Chatty Auntie";"000568D8"
"1";"0004F240";"銭湯の煙突がみえるのが大海町";"The place where you can spot the public 
bathhouse chimney is Great Sea Town.";"000568E0"
"1";"0004F260";"立ち話をしているおばさん";"Chatty Auntie";"000568E8"
"1";"0004F280";"北側の広い川の向こうにあるのが出玉町だよ";"Beyond the wide river to the north is Payout Town.";"000568F0"
"1";"0004F2B0";"立ち話をしているおばさん";"Chatty Auntie";"000568F8"
"1";"0004F2D0";"あんた　タバコは吸うのかい？";"Do you smoke cigarettes?";"00056900"
"1";"0004F2F0";"吸う";"Yes, I smoke";"00056908"
"1";"0004F2F8";"吸わない";"No, I don't smoke";"00056910"
"1";"0004F310";"立ち話をしているおばさん";"Chatty Auntie";"00056918"
"1";"0004F330";"タバコ屋はこの道を南に行ったところにあるよ";"The tobacco shop is just down this street to the south.";"00056920"
"1";"0004F360";"立ち話をしているおばさん";"Chatty Auntie";"00056928"
"1";"0004F380";"そう言いながらタバコ持ってるじゃないか";"Yet you hold a cigarette after saying that, don't you?";"00056930"
"1";"0004F3B0";"立ち話をしているおばさん";"Chatty Auntie";"00056938"
"1";"0004F3D0";"最近は吸わない人が増えたねえ";"There are more and more non-smokers nowdays.";"00056940"
"1";"0004F3F0";"白石 紀子";"Noriko Shiraishi";"00056948"
"1";"0004F400";"私…　覚えていないんです
何も…";"I... I don’t remember anything...";"00056950"
"1";"0004F420";"白石 紀子";"Noriko Shiraishi";"00056958"
"1";"0004F430";"あなたは…　私の友達なんですか…？";"Are you... my friend...?";"00056960"
"1";"0004F458";"白石 紀子";"Noriko Shiraishi";"00056968"
"1";"0004F470";"あなたは…　私の彼なんですか…？";"Are you... my boyfriend...?";"00056970"
"1";"0004F498";"白石 紀子";"Noriko Shiraishi";"00056978"
"1";"0004F4B0";"あなたは…　私を知っているんですか…？";"Do you... know me?";"00056980"
"1";"0004F4D8";"そうだよ";"That's right.";"00056988"
"1";"0004F4E8";"いや、違うよ";"No, that's not it.";"00056990"
"1";"0004F4F8";"$p";"$p";"00056998"
"1";"0004F500";"ああ、そうだよ";"Oh, that's right.";"000569A0"
"1";"0004F510";"$p";"$p";"000569A8"
"1";"0004F518";"うん、そうだよ";"Yeah, that's right.";"000569B0"
"1";"0004F528";"$p";"$p";"000569B8"
"1";"0004F530";"いや、実は知らないんだ";"No, actually, I don't know you.";"000569C0"
"1";"0004F548";"$p";"$p";"000569C8"
"1";"0004F550";"ううん、ほんとは知らないの";"No, I actually don't know you.";"000569D0"
"1";"0004F570";"白石 紀子";"Noriko Shiraishi";"000569D8"
"1";"0004F580";"ごめんなさい　覚えていなくて…";"I'm so sorry... for not remembering you...";"000569E0"
"1";"0004F5A0";"白石 紀子";"Noriko Shiraishi";"000569E8"
"1";"0004F5B0";"えっ…　なんだ…　そうなんですか…";"Huh... What... Is that so...";"000569F0"
"1";"0004F5E0";"この町に詳しい男";"Town Guide Man";"000569F8"
"1";"0004F600";"？　なんだ？　腹減ってるのか？";"?
What? You're hungry?";"00056A00"
"1";"0004F620";"この町に詳しい男";"Town Guide Man";"00056A08"
"1";"0004F640";"これを食いな　俺の弁当だ　遠慮はいらねえ";"Here, eat this. It's my bento box. No need to be shy.";"00056A10"
"1";"0004F670";"$ci自家製大型いなり寿司$crをもらった";"You received $ciGiant Homemade Inari Sushi$cr.";"00056A18"
"1";"0004F6A0";"この町に詳しい男";"Town Guide Man";"00056A20"
"1";"0004F6C0";"腹が減ってると力がでねえからな
$ci走れねえし、パチンコの当りだって遠のく$crぜ";"When you’re hungry, you don’t have any strength.
$ciYou can’t run, and your pachinko luck will go south$cr.";"00056A28"
"1";"0004F710";"この町に詳しい男";"Town Guide Man";"00056A30"
"1";"0004F730";"おめえ、見ない顔だな";"I haven't seen your face around here.";"00056A38"
"1";"0004F750";"この町に詳しい男";"Town Guide Man";"00056A40"
"1";"0004F770";"見たところ「$ci大満腹$cr」って顔してるな
いい心がけだぜ";"It looks like you're totally $cistuffed$cr.
That's the right attitude.";"00056A48"
"1";"0004F7B0";"この町に詳しい男";"Town Guide Man";"00056A50"
"1";"0004F7D0";"ところで…　おめえ　見ない顔だな";"By the way... I've never seen your face before.";"00056A58"
"1";"0004F800";"この町に詳しい男";"Town Guide Man";"00056A60"
"1";"0004F820";"分からないことがあるなら教えてやるぜ
今日の俺は機嫌がいいからな";"If there’s anything you don't know, I’ll tell you.
I'm in a good mood today, after all.";"00056A68"
"1";"0004F860";"何も聞かない";"Don't ask anything";"00056A70"
"1";"0004F870";"井原診療所について";"Ask about the Ihara Clinic";"00056A78"
"1";"0004F890";"パチンコ銀玉会館について";"Ask about the Silver Ball Hall";"00056A80"
"1";"0004F8B0";"釣り具屋について";"Ask about the Fishing Tackle Shop";"00056A88"
"1";"0004F8D0";"お好み焼き屋について";"Ask about the Okonomiyaki Restaurant";"00056A90"
"1";"0004F8F0";"スナックめぐみについて";"Ask about the Snack Bar Megumi";"00056A98"
"1";"0004F910";"パチパラ商店街について";"Ask about the PachiPara Shopping Street";"00056AA0"
"1";"0004F930";"高速道路について";"Ask about the Expressway";"00056AA8"
"1";"0004F950";"おまけ画像とは？";"What are bonus images?";"00056AB0"
"1";"0004F970";"この町に詳しい男";"Town Guide Man";"00056AB8"
"1";"0004F990";"$ci井原診療所$crなら、理髪店の角を曲がった
ホルモン焼き屋の向かいだよ";"$ciIhara Clinic$cr is across from the horumonyaki restaurant. Just turn the corner by the barbershop.";"00056AC0"
"1";"0004F9E0";"この町に詳しい男";"Town Guide Man";"00056AC8"
"1";"0004FA00";"$ci銀玉会館$crなら、
俺ッちの右がわにあるのがそうさ";"If you're looking for $ciSilver Ball Hall$cr,
it's the place on my right side.";"00056AD0"
"1";"0004FA40";"この町に詳しい男";"Town Guide Man";"00056AD8"
"1";"0004FA60";"あんた知らねえかもしれねえが
あそこで殺人事件があったらしいぜ…！";"You might not know this,
but apparently there was a murder there…!";"00056AE0"
"1";"0004FAB0";"この町に詳しい男";"Town Guide Man";"00056AE8"
"1";"0004FAD0";"この辺でお好み焼き屋といやあ、$ciべんてん$crだな";"Around here, the okonomiyaki restaurant is $ciBenten$cr.";"00056AF0"
"1";"0004FB10";"この町に詳しい男";"Town Guide Man";"00056AF8"
"1";"0004FB30";"$ciべんてん$crならパチンコ屋の隣にあるぜ";"$ciBenten$cr is right next to the pachinko parlor.";"00056B00"
"1";"0004FB60";"この町に詳しい男";"Town Guide Man";"00056B08"
"1";"0004FB80";"$ciスナックめぐみ$crなら
交番通りを少し行って右に曲がって…";"As for $ciSnack Bar Megumi$cr,
go down Police Box Street a bit and turn right...";"00056B10"
"1";"0004FBC0";"この町に詳しい男";"Town Guide Man";"00056B18"
"1";"0004FBE0";"突き当たりの右側にあるのが
$ciスナックめぐみ$crだよ";"The one on the right of the dead
end is $ciSnack Bar Megumi$cr. ";"00056B20"
"1";"0004FC20";"この町に詳しい男";"Town Guide Man";"00056B28"
"1";"0004FC40";"この町の本当の名前は
八原（やはら）町ってんだ";"The official name of this town is Yahara Town (Yahara).";"00056B30"
"1";"0004FC70";"この町に詳しい男";"Town Guide Man";"00056B38"
"1";"0004FC90";"けどよ、「やはら」より「パチパラ」の方が
景気が良さそうだろ？";"But, ""PachiPara"" sounds luckier than ""Yahara,"" right?";"00056B40"
"1";"0004FCD0";"この町に詳しい男";"Town Guide Man";"00056B48"
"1";"0004FCF0";"だからみんな
「パチパラ町」って呼んでるのさ";"So, everyone calls it ""PachiPara Town.""";"00056B50"
"1";"0004FD20";"この町に詳しい男";"Town Guide Man";"00056B58"
"1";"0004FD40";"釣り具屋「$ciうお八$cr」は堤防沿いにあるぜ";"The fishing tackle shop ""$ciEight Fish$cr""
is along the embankment.";"00056B60"
"1";"0004FD70";"この町に詳しい男";"Town Guide Man";"00056B68"
"1";"0004FD90";"堤防はそこの理髪店の
角を曲がった突き当たりだ";"To get to the embankment, just turn the corner by
that barbershop over there and go straight to the end.";"00056B70"
"1";"0004FDC0";"この町に詳しい男";"Town Guide Man";"00056B78"
"1";"0004FDE0";"ああアレか　お上が再開発がどうだとか言って
無理やり造りやがったんだ";"Ah, that thing? The authorities forced it upon us,
rambling about redevelopment or whatever.";"00056B80"
"1";"0004FE30";"この町に詳しい男";"Town Guide Man";"00056B88"
"1";"0004FE50";"俺達には何の役にもたたねえモンよ
雨よけにするにしたって大きすぎるぜ";"It’s completely useless to us.
It's way too big even to use as a rain shelter.";"00056B90"
"1";"0004FEA0";"この町に詳しい男";"Town Guide Man";"00056B98"
"1";"0004FEC0";"おまけ画像？　おめえいいもん持ってるな";"Bonus images? You've got something good there.";"00056BA0"
"1";"0004FEF0";"この町に詳しい男";"Town Guide Man";"00056BA8"
"1";"0004FF10";"それは『$c6タイトル画像カスタマイズ$cr』で
使える絵だよ";"That’s a picture you can use in the
""$c6Title Image Customization$cr.""";"00056BB0"
"1";"0004FF50";"この町に詳しい男";"Town Guide Man";"00056BB8"
"1";"0004FF70";"『$c6タイトル画像カスタマイズ$cr』は
『$c6タイトル$cr』から『$c6お楽しみ$cr』で行けるぜ";"You can access ""$c6Title Image Customization$cr""
by going to ""$c6Title$cr"", then ""$c6Extras$cr.""";"00056BC0"
"1";"0004FFD0";"この町に詳しい男";"Town Guide Man";"00056BC8"
"1";"0004FFF0";"一晩寝て（セーブして）から確認してみな";"Sleep one night (save) and then check it out.";"00056BD0"
"1";"00050020";"チャルメラのおやじ";"Charumera Elder";"00056BD8"
"1";"00050038";"いらっしゃい";"Welcome.";"00056BE0"
"1";"00050050";"チャルメラのおやじ";"Charumera Elder";"00056BE8"
"1";"00050068";"まいど";"Welcome back.";"00056BF0"
"1";"00050070";"大きなひまわりが咲いている";"A large sunflowers is blooming.";"00056BF8"
"1";"00050090";"ひまわりの足元を掘ってみますか？";"Dig around the sunflower's roots?";"00056C00"
"1";"000500B8";"はい";"Yes";"00056C08"
"1";"000500C0";"いいえ";"No";"00056C10"
"1";"000500D0";"ひまわりの足元の土を掘ってみた…";"Dug around the sunflower's base...";"00056C18"
"1";"000500F8";"……………";"...............";"00056C20"
"1";"00050110";"年季の入った地蔵がある";"A weathered Jizo statue stands here.";"00056C28"
"1";"00050130";"地蔵の前に、お供え物のおにぎりがある";"There's a rice ball left as an offering in front of the Jizo statue.";"00056C30"
"1";"00050160";"おにぎりをこっそり食べる";"Sneakly eat the rice ball";"00056C38"
"1";"00050180";"地蔵に断ってからおにぎりを頂く";"Ask the Jizo for permission before eating the rice ball";"00056C40"
"1";"000501A0";"何もしない";"Do nothing";"00056C48"
"1";"000501B0";"（誰も見ていないな…）";"(No one's watching...)";"00056C50"
"1";"000501D0";"（誰も見ていないわね…）";"(No one's looking...)";"00056C58"
"1";"000501F0";"（お地蔵さん…　頂きます…）";"(O Jizo... I will humbly take this...)";"00056C60"
"1";"00050210";"男の子";"Boy";"00056C68"
"1";"00050218";"わーい　わーい";"Whee! Whee!";"00056C70"
"1";"00050228";"男の子";"Boy";"00056C78"
"1";"00050230";"ここは　オレたちの遊び場だぞっ";"This is our playground!";"00056C80"
"1";"00050250";"男の子";"Boy";"00056C88"
"1";"00050260";"ねぇ　おにいちゃん！
$ciボーキサイトマン$crって知ってるか？";"Hey, mister!
Have you ever heard of $ciBauxite Man$cr?";"00056C90"
"1";"000502A0";"男の子";"Boy";"00056C98"
"1";"000502B0";"日曜日の朝にテレビでやっているんだ！
へーんしん！";"It's on TV Sunday mornings!
Traaaansform!";"00056CA0"
"1";"000502E8";"男の子";"Boy";"00056CA8"
"1";"000502F0";"あっ　おにいちゃん！
$ciボーキサイトマンのお面$cr持ってるんだ！";"";"00056CB0"
"1";"00050330";"男の子";"Boy";"00056CB8"
"1";"00050340";"ねぇねぇ　お面かぶってみて！
$ci変身ポーズ$crを教えてやるよ！";"";"00056CC0"
"1";"00050380";"男の子";"Boy";"00056CC8"
"1";"00050390";"あっ　ボーキサイトマンだ！
ボーキサイトマンはこうやって変身するんだ！";"";"00056CD0"
"1";"000503D8";"男の子";"Boy";"00056CD8"
"1";"000503E0";"へーんしん！";"";"00056CE0"
"1";"000503F0";"男の子";"Boy";"00056CE8"
"1";"00050400";"やっぱり　ボーキサイトマンは
カッコイイな！";"";"00056CF0"
"1";"00050430";"かずみはどんな子？";"";"00056CF8"
"1";"00050448";"男の子";"Boy";"00056D00"
"1";"00050450";"あいつ、オレたちの仲間からは
一目置かれてるんだ";"";"00056D08"
"1";"00050480";"男の子";"Boy";"00056D10"
"1";"00050490";"度胸あるし、かけっこも速いし
けんかだって強いんだ";"";"00056D18"
"1";"000504C8";"男の子";"Boy";"00056D20"
"1";"000504D0";"あいつと一緒に遊んでると
たまに女だってこと忘れそうになるよ";"";"00056D28"
"1";"00050510";"女の子";"Girl";"00056D30"
"1";"00050518";"わーい　わーい";"Yay! Yay!";"00056D38"
"1";"00050528";"女の子";"Girl";"00056D40"
"1";"00050530";"ここは　私たちの遊び場よっ";"This is our playground!";"00056D48"
"1";"00050550";"女の子";"Girl";"00056D50"
"1";"00050560";"ねぇ　おねえちゃん！
$ci魔女っ子ミロリンちゃん$crって知ってる？";"";"00056D58"
"1";"000505A0";"女の子";"Girl";"00056D60"
"1";"000505B0";"日曜日の朝にテレビでやっているんだ！
へんしーん！";"";"00056D68"
"1";"000505E8";"女の子";"Girl";"00056D70"
"1";"000505F0";"あっ　おねえちゃん！
$ci魔女っ子ミロリンちゃんのお面$cr持ってる！";"";"00056D78"
"1";"00050638";"女の子";"Girl";"00056D80"
"1";"00050640";"ねぇねぇ　お面かぶってみて！
$ci変身ポーズ$crを教えてあげるよ！";"";"00056D88"
"1";"00050680";"女の子";"Girl";"00056D90"
"1";"00050690";"あっ　魔女っ子ミロリンちゃんだ！
魔女っ子ミロリンちゃんはこう変身するのよ！";"";"00056D98"
"1";"000506E0";"女の子";"Girl";"00056DA0"
"1";"000506E8";"へんしーん！";"";"00056DA8"
"1";"000506F8";"女の子";"Girl";"00056DB0"
"1";"00050700";"やっぱり　魔女っ子ミロリンちゃんは
カワイイよね！";"";"00056DB8"
"1";"00050740";"かずみを見てない？";"";"00056DC0"
"1";"00050758";"何も聞かない";"Don't ask anything";"00056DC8"
"1";"00050768";"男の子";"Boy";"00056DD0"
"1";"00050770";"かずみは見てないけど
かずみのかあちゃんなら見たよ";"";"00056DD8"
"1";"000507A8";"男の子";"Boy";"00056DE0"
"1";"000507B0";"その時のおばちゃん
知らない子供と一緒だったけど";"";"00056DE8"
"1";"000507E0";"知らない子供？";"";"00056DF0"
"1";"000507F0";"かずみの間違いだろ";"";"00056DF8"
"1";"00050808";"先を聞く";"";"00056E00"
"1";"00050820";"かずみの間違いでしょ";"";"00056E08"
"1";"00050838";"男の子";"Boy";"00056E10"
"1";"00050840";"オレたちくらいの男だったよ
かずみは一緒じゃなかったみたい";"";"00056E18"
"1";"00050880";"男の子";"Boy";"00056E20"
"1";"00050890";"見間違いじゃないよ！
ちゃ〜んと見たんだからな！";"";"00056E28"
"1";"000508C0";"男の子";"Boy";"00056E30"
"1";"000508D0";"でもあいつ、誰だろう？
全然見たことないヤツだったけど…";"";"00056E38"
"1";"00050908";"女の子";"Girl";"00056E40"
"1";"00050910";"あたし　かずちゃんのこと
よく知らないんだ";"";"00056E48"
"1";"00050940";"女の子";"Girl";"00056E50"
"1";"00050950";"だって、あの子
いつも男の子達と遊んでるんだもの";"";"00056E58"
"1";"00050980";"女の子";"Girl";"00056E60"
"1";"00050990";"魔女っ子ごっこに誘っても
いつもイヤそうな顔するんだから";"";"00056E68"
"1";"000509D0";"かずみについて聞く";"";"00056E70"
"1";"000509E8";"何も聞かない";"Don't ask anything";"00056E78"
"1";"00050A00";"立ち話をしているおばさん";"Chatty Auntie";"00056E80"
"1";"00050A20";"…！　わ、私たちに何か用なのっ！？";"...! Wh-What do you want from us!?";"00056E88"
"1";"00050A50";"立ち話をしているおばさん";"Chatty Auntie";"00056E90"
"1";"00050A70";"おはよう　朝ご飯は食べたかい？";"Good morning. Did you eat breakfast?";"00056E98"
"1";"00050A90";"立ち話をしているおばさん";"Chatty Auntie";"00056EA0"
"1";"00050AB0";"こんにちは　お昼ご飯は食べたかい？";"Good day. Have you had any lunch?";"00056EA8"
"1";"00050AE0";"立ち話をしているおばさん";"Chatty Auntie";"00056EB0"
"1";"00050B00";"こんばんは　晩ご飯は食べたかい？";"Good evening. Have you eaten dinner yet?";"00056EB8"
"1";"00050B30";"立ち話をしているおばさん";"Chatty Auntie";"00056EC0"
"1";"00050B50";"はあ…　何か面白い話でもないかねえ";"";"00056EC8"
"1";"00050B80";"定食屋の主人の腕を食通の渡会が誉めていた";"";"00056ED0"
"1";"00050BB0";"面白い話なんてない";"";"00056ED8"
"1";"00050BD0";"定食屋の主人の腕を岩田が誉めていた";"";"00056EE0"
"1";"00050BF8";"$p";"$p";"00056EE8"
"1";"00050C00";"定食屋の主人の料理はすごいって
食通の渡会が誉めていたよ";"";"00056EF0"
"1";"00050C38";"$p";"$p";"00056EF8"
"1";"00050C40";"定食屋の主人の料理はすごいって
岩田が誉めていたよ";"";"00056F00"
"1";"00050C80";"立ち話をしているおばさん";"Chatty Auntie";"00056F08"
"1";"00050CA0";"まあ！　そうなの！？
人は見かけによらないねえ";"";"00056F10"
"1";"00050CD0";"立ち話をしているおばさん";"Chatty Auntie";"00056F18"
"1";"00050CF0";"渡会さんてすごい食通なんでしょ？
あの人に誉められるなんて大したもんねえ";"";"00056F20"
"1";"00050D40";"立ち話をしているおばさん";"Chatty Auntie";"00056F28"
"1";"00050D60";"あの岩田って人、食通だったんでしょ？
あの人に誉められるなんて大したもんねえ";"";"00056F30"
"1";"00050DB0";"$p";"";"00056F38"
"1";"00050DC0";"定食屋の主人の料理はすごいって
食通の渡会が誉めていたわ";"";"00056F40"
"1";"00050DF8";"$p";"";"00056F48"
"1";"00050E00";"定食屋の主人の料理はすごいって
岩田が誉めていたわ";"";"00056F50"
"1";"00050E40";"ヨッパライおやじ";"";"00056F58"
"1";"00050E60";"なんだぁ？　おめえは？
…ヒック！";"";"00056F60"
"1";"00050E90";"ヨッパライおやじ";"";"00056F68"
"1";"00050EB0";"ガハハハハ…！　バカヤロウ
おらぁ　よっぱらってなんかいねえよ";"";"00056F70"
"1";"00050EF0";"ヨッパライおやじ";"";"00056F78"
"1";"00050F10";"いくら金を積まれたって、
わしら　ここを出てく気はねえんだ！";"";"00056F80"
"1";"00050F50";"ヨッパライおやじ";"";"00056F88"
"1";"00050F70";"パチパラ町は！　金じゃ動かねえぞ！
ガハハハハハ！";"";"00056F90"
"1";"00050FA8";"日中ヒマな男";"Daytime Idler Man";"00056F98"
"1";"00050FC0";"ここはパチパラ商店街だよ";"This is PachiPara Shopping Street.";"00056FA0"
"1";"00050FE0";"じっとしていない男";"Restless Man";"00056FA8"
"1";"00051000";"酒なんざ　酔っちまえば何だって一緒だよ
…ウィ〜　ヒック！";"Booze is booze... Once you're wasted,
it all tastes the same! Wheee... hic!";"00056FB0"
"1";"00051040";"犯人はかなり頭が良い
しかも筋力があって運動神経がいい";"";"00056FB8"
"1";"00051080";"犯人はかなり頭が良い人、
しかも力持ちで運動神経バツグン…";"";"00056FC0"
"1";"000510C0";"パチパラ町に縁のある人で…
そして殺人を犯す動機がある人…";"";"00056FC8"
"1";"00051100";"パチパラ町に縁のある人で…
そして殺人を犯す動機がある人…";"";"00056FD0"
"1";"00051140";"そ、それで
犯人はいったい誰なのでありますか！";"";"00056FD8"
"1";"00051170";"犯人は……！";"";"00056FE0"
"1";"00051180";"犯人は……！";"";"00056FE8"
"1";"00051190";"パチパラ町の住人達だ";"";"00056FF0"
"1";"000511A8";"$p（自分）";"";"00056FF8"
"1";"000511C0";"紀子の父のため、分からないふりをする";"";"00057000"
"1";"000511F0";"犯人は…　パチパラ町の住人…
全員の共犯だ";"";"00057008"
"1";"00051220";"犯人は…　パチパラ町に住んでいる人…
全員の共犯でしょうね";"";"00057010"
"1";"00051260";"えっ？　えっ？？
ど、どういうことでありますか？";"";"00057018"
"1";"00051290";"…ワシが説明するよ";"";"00057020"
"1";"000512B0";"みんな、いいかな？";"";"00057028"
"1";"000512D0";"あの高速道路…
あれがすべての始まりだ…";"";"00057030"
"1";"00051300";"高速道路が作られることが決まってから
このあたりの様子が変わってきた";"";"00057038"
"1";"00051350";"昔は、大海町も出玉町もここと同じような
町だったんだよ　この１０年くらいの話だ";"";"00057040"
"1";"000513A0";"みんな、追い出されていったよ
今住んでる人は知らないだろうがね";"";"00057048"
"1";"000513E0";"でもパチパラ町は残った　…というより
この町から出て行くなんてできなかった";"";"00057050"
"1";"00051430";"パチパラ町の人はね、寄り添って、
助け合っているから生きていられるんだ";"";"00057058"
"1";"00051480";"…みんな、この町じゃなきゃだめなんだよ";"";"00057060"
"1";"000514B0";"あんたに分かるかい？";"";"00057068"
"1";"000514C8";"分かる";"";"00057070"
"1";"000514D0";"分からない";"";"00057078"
"1";"000514E0";"分かる気がする…";"";"00057080"
"1";"000514F8";"ああ、分かるよ";"";"00057088"
"1";"00051508";"うん、分かるわ";"";"00057090"
"1";"00051520";"フフッ　そうかい";"";"00057098"
"1";"00051540";"いや、分からないな…";"";"000570A0"
"1";"00051560";"私には、分からないわ…";"";"000570A8"
"1";"00051580";"まあ、そうだろうな";"";"000570B0"
"1";"000515A0";"分かる気がする…";"";"000570B8"
"1";"000515C0";"分かる気がする…";"";"000570C0"
"1";"000515E0";"まあ…　無理をして分かってもらおうとは
思ってないがね";"";"000570C8"
"1";"00051620";"高速道路が完成して、しばらくは平和だった
岩田が現れるまでは…";"";"000570D0"
"1";"00051660";"岩田は住人を立ち退かせるためなら
どんな手も使った";"";"000570D8"
"1";"000516A0";"ワシらは追い詰められた
岩田がいる限り、平穏な暮らしはない";"";"000570E0"
"1";"000516E0";"だから…　ワシらは腹を決めた";"";"000570E8"
"1";"00051700";"土地の権利書を渡すと持ちかけて、
早朝の銀玉会館におびき寄せた";"";"000570F0"
"1";"00051740";"あの男が現れ、とりあえず目的は成し遂げた
しかし…";"";"000570F8"
"1";"00051780";"紀子さんは予定外だった
本当は死体をどこかへ隠すつもりだった";"";"00057100"
"1";"000517C0";"そこで、ふたりを心中に見せかけようとした
フフッ　今度はそこへ、あんたが入ってきた";"";"00057108"
"1";"00051820";"ワシらは事務所の裏口から出て、
一緒にいた春子さんを表に回らせ…";"";"00057110"
"1";"00051860";"そして…　あんたを犯人扱いさせた";"";"00057118"
"1";"00051890";"ごめんね　あそこで見つかるわけには
いかなかったのよ";"";"00057120"
"1";"000518D0";"まったく　いい迷惑だったよ";"";"00057128"
"1";"000518F0";"続きを聞く";"";"00057130"
"1";"00051900";"まったく　いい迷惑だったよ";"";"00057138"
"1";"00051920";"まったく　いい迷惑だったわ";"";"00057140"
"1";"00051940";"それに関しては、本当にすまないと思っている";"";"00057148"
"1";"00051970";"しかし、あんたは本来無関係の人間だ
迷惑をかけるわけにはいかん";"";"00057150"
"1";"000519B0";"あんたが交番で拘留されている間に
町のみんなで口裏を合わせた";"";"00057158"
"1";"000519F0";"そうしてニセの情報を流した
ミヨが証言した「北へ向かった男」もウソだ";"";"00057160"
"1";"00051A40";"しかし…　ワシらは甘かった　あの男が
いなくなっても、問題は解決しなかった";"";"00057168"
"1";"00051A90";"ある日、岩田から電話があった";"";"00057170"
"1";"00051AB0";"どこから聞いたのか、パチンコ屋事件の
犯人を知っていると脅してきた";"";"00057178"
"1";"00051B00";"岩田は取引を持ちかけてきた
犯行を口外しない代わりに、立ち退けと";"";"00057180"
"1";"00051B40";"ワシらの腹は決まっている　取引を受ける
ふりをして、今度こそ岩田を不意打ちにした";"";"00057188"
"1";"00051B90";"そして…　屋台に岩田の死体を積んで
出玉町の工事現場まで運んだ";"";"00057190"
"1";"00051BD0";"運ぶ間、アリバイ工作のために岩田の死体を
暖め、死亡推定時刻をずらした";"";"00057198"
"1";"00051C20";"そして…　銀玉仮面の仕業に見せかけるため
手にパチンコ玉を２個、握らせた";"";"000571A0"
"1";"00051C70";"まさか岩田が直前に同じようなことを
したとは思っても見なかったからね";"";"000571A8"
"1";"00051CC0";"ラジオ体操の柳田くんには
申し訳ないと思っている";"";"000571B0"
"1";"00051CF0";"あれは辰男が焦ってやったことだ
ワシに相談してくれれば…";"";"000571B8"
"1";"00051D30";"町の人に迷惑がかかると思ったからだ
後悔はしてねえ　覚悟はできてる";"";"000571C0"
"1";"00051D80";"辰男だけじゃない
ワシら皆、覚悟はできている";"";"000571C8"
"1";"00051DB0";"どうせ他の場所では
ろくな生き方はできんだろうからな…";"";"000571D0"
"1";"00051DF0";"片山君　いままでありがとう";"";"000571D8"
"1";"00051E10";"い、井原先生…";"";"000571E0"
"1";"00051E20";"最後のお願いだ
君の手で手錠をかけてくれないか";"";"000571E8"
"1";"00051E50";"し、しかし…";"";"000571F0"
"1";"00051E60";"待って！";"";"000571F8"
"1";"00051E70";"あの、私…";"";"00057200"
"1";"00051E80";"この町に父を探しに来たんです！
だれか、心当たりの人はいませんか…？";"";"00057208"
"1";"00051ED0";"紀子ちゃん　あんたの気持ちも分かるよ
でもね";"";"00057210"
"1";"00051F00";"今ここでそれが分かったとしても
余計に辛くなるだけじゃないのかい？";"";"00057218"
"1";"00051F50";"それは…　そうですけど…";"";"00057220"
"1";"00051F70";"紀子さん";"";"00057228"
"1";"00051F80";"…その人の気持ちも汲んでやってくれないか";"";"00057230"
"1";"00051FB0";"名乗らなくても、成長した君を見て
きっと嬉しく思っているよ";"";"00057238"
"1";"00051FF0";"………はい";"";"00057240"
"1";"00052000";"…いや　申し訳ないが
実は結局分からないんだ";"";"00057248"
"1";"00052030";"…う〜ん　ごめん
実は結局、私も分からないのよね";"";"00057250"
"1";"00052060";"ええっ！？　そんな！";"";"00057258"
"1";"00052080";"そういうことなら…
見解のひとつとして参考にさせてもらいます";"";"00057260"
"1";"000520C0";"…$puさん　何ていっていいのか…";"";"00057268"
"1";"000520E0";"本当にこれで良かったんでしょうか…";"";"00057270"
"1";"00052110";"俺はこれが一番だと思う";"";"00057278"
"1";"00052130";"いや、俺にも分からない";"";"00057280"
"1";"00052150";"まあ、俺にはどっちだって関係ないけどな";"";"00057288"
"1";"00052180";"私は、これが一番良かったと思うわ";"";"00057290"
"1";"000521B0";"さあね…　私にも分からないわ";"";"00057298"
"1";"000521D0";"まあ、私はどっちだってかまわないから";"";"000572A0"
"1";"00052200";"俺はこれが一番だと思う";"";"000572A8"
"1";"00052220";"私は、これが一番良かったと思うわ";"";"000572B0"
"1";"00052250";"そうだと良いですけど…";"";"000572B8"
"1";"00052270";"いや…　俺にも分からない";"";"000572C0"
"1";"00052290";"さあね…　私にも分からないわ";"";"000572C8"
"1";"000522B0";"すみません
面倒な役目を負わせてしまって…";"";"000572D0"
"1";"000522E0";"まあ、俺にはどっちだって関係ないけどな";"";"000572D8"
"1";"00052310";"まあ、私はどっちだってかまわないから";"";"000572E0"
"1";"00052340";"それはそうですけど…";"";"000572E8"
"1";"00052360";"あの、ついでといっては何ですけど…";"";"000572F0"
"1";"00052390";"今から、お父さん…だと思う人の
ところへ行こうと思うんです";"";"000572F8"
"1";"000523D0";"よかったら　ついてきてくれませんか…？";"";"00057300"
"1";"00052400";"もちろん　いいよ";"";"00057308"
"1";"00052420";"ぜひ！　ずっと気になっていたんだ";"";"00057310"
"1";"00052450";"まあヒマだし　いいよ";"";"00057318"
"1";"00052470";"後で飯でもおごってくれるなら　いいよ";"";"00057320"
"1";"00052498";"うん　いいわよ";"";"00057328"
"1";"000524B0";"ずっと気になってたの　いいわよ　";"";"00057330"
"1";"000524E0";"どうせヒマだし　いいわよ";"";"00057338"
"1";"00052500";"じゃあ、後でご飯でもおごってくれる？";"";"00057340"
"1";"00052530";"もちろん　いいよ";"";"00057348"
"1";"00052548";"うん　いいわよ";"";"00057350"
"1";"00052560";"ありがとうございます";"";"00057358"
"1";"00052580";"ぜひ！　ずっと気になっていたんだ";"";"00057360"
"1";"000525B0";"ずっと気になっていたんだ　いいわよ　";"";"00057368"
"1";"000525E0";"ありがとうございます
じゃあ、行きましょう";"";"00057370"
"1";"00052610";"まあヒマだし　いいよ";"";"00057378"
"1";"00052630";"どうせヒマだし　いいわよ";"";"00057380"
"1";"00052650";"…すみません";"";"00057388"
"1";"00052660";"後で飯でもおごってくれるなら　いいよ";"";"00057390"
"1";"00052690";"じゃあ、後でご飯でもおごってくれる？";"";"00057398"
"1";"000526C0";"はい！　それくらいなら　いいですよ";"";"000573A0"
"1";"000526F0";"ごめんくださーい";"";"000573A8"
"1";"00052708";"先生？";"";"000573B0"
"1";"00052710";"キャア！";"";"000573B8"
"1";"00052720";"急いで駆けつける！";"";"000573C0"
"1";"00052740";"落ち着いてゆっくり行く";"";"000573C8"
"1";"00052760";"紀子さん…　$puさんもいるのか…";"";"000573D0"
"1";"00052780";"きゅ、救急車を…！";"";"000573D8"
"1";"000527A0";"待ちなさい　もう間に合わんよ
…それより話を聞きなさい";"";"000573E0"
"1";"000527E0";"$puさん…
妙な気を遣わせてしまったな";"";"000573E8"
"1";"00052810";"おかげで、町の人へのとばっちりが
少なくて済みそうだ　礼を言うよ";"";"000573F0"
"1";"00052850";"やはりあんたが…";"";"000573F8"
"1";"00052870";"あんたが犯人だったのか…";"";"00057400"
"1";"00052890";"それより救急車を…！";"";"00057408"
"1";"000528A8";"だまって聞く";"";"00057410"
"1";"000528C0";"やっぱり　あなたが…";"";"00057418"
"1";"000528E0";"あなたが犯人だったの…？";"";"00057420"
"1";"00052900";"やはりあんたが…";"";"00057428"
"1";"00052920";"やっぱり　あなたが…";"";"00057430"
"1";"00052940";"そう、パチンコ屋事件と
岩田を殺した犯人はワシだよ";"";"00057438"
"1";"00052980";"あんたが犯人だったのか…";"";"00057440"
"1";"000529A0";"あなたが犯人だったの…？";"";"00057448"
"1";"000529C0";"フフン…　そう、パチンコ屋事件と
岩田を殺した犯人はワシだよ";"";"00057450"
"1";"00052A00";"それより、救急車を…！";"";"00057458"
"1";"00052A20";"そ、それより、救急車を…！";"";"00057460"
"1";"00052A40";"間に合わんと言ったろうが…
これでもワシは医者だぞ";"";"00057468"
"1";"00052A80";"紀子さん…
あんたにも迷惑をかけたな";"";"00057470"
"1";"00052AA8";"お父さん…";"";"00057478"
"1";"00052AC0";"…お父さん？　ああ…　親御さんに
謝らないといけないところだが…　すまんな";"";"00057480"
"1";"00052B10";"違うの…　お父さん…　";"";"00057488"
"1";"00052B28";"…………";"............";"00057490"
"1";"00052B40";"……………そうか…　紀子…";"";"00057498"
"1";"00052B60";"大きくなったな…";"";"000574A0"
"1";"00052B78";"お父さん…！";"";"000574A8"
"1";"00052B90";"犯人は…　この俺だ";"";"000574B0"
"1";"00052BA8";"犯人は…　私よ";"";"000574B8"
"1";"00052BC0";"えっ！？　ええっ！？";"";"000574C0"
"1";"00052BE0";"それは本当かね？";"";"000574C8"
"1";"00052C00";"ああ　俺が真犯人だ";"";"000574D0"
"1";"00052C18";"いや　冗談だよ";"";"000574D8"
"1";"00052C30";"そう　私が真犯人";"";"000574E0"
"1";"00052C50";"ああ　俺が真犯人だ";"";"000574E8"
"1";"00052C70";"そうよ　私が真犯人";"";"000574F0"
"1";"00052C88";"そ、そんな…！";"";"000574F8"
"1";"00052CA0";"と、とにかく、
一度署の方に来てもらおう！";"";"00057500"
"1";"00052CD0";"いや　冗談だよ";"";"00057508"
"1";"00052CE0";"フフッ　冗談よ";"";"00057510"
"1";"00052CF0";"か、からかわないでください！
真剣に聞いているんですから！";"";"00057518"
"1";"00052D30";"朝倉 徹";"";"00057520"
"1";"00052D40";"さ、入りましょう！";"";"00057528"
"1";"00052D60";"ごちそう様でした";"";"00057530"
"1";"00052D80";"まさか串カツ屋だとは…";"";"00057538"
"1";"00052DA0";"ごちそう様でした";"";"00057540"
"1";"00052DC0";"いやぁ　ボクこそ、お礼のつもりが
自分ばかり楽しんでしまって…";"";"00057548"
"1";"00052E00";"まさか、串カツ屋だとは思わなかったわ…";"";"00057550"
"1";"00052E30";"すみません
ボクばかり楽しんでしまって…";"";"00057558"
"1";"00052E60";"それに…　今日はいい勉強になりました";"";"00057560"
"1";"00052E90";"世の中には、本を読むだけでは
分からない事がたくさんありますね…";"";"00057568"
"1";"00052ED0";"ボクの父は…　…ある会社の社長なんです
祖父が創始者で、父が２代目";"";"00057570"
"1";"00052F20";"と言うことは、あなたが３代目？";"";"00057578"
"1";"00052F40";"何を作ってる会社なの？";"";"00057580"
"1";"00052F58";"だまって聞く";"";"00057588"
"1";"00052F70";"…と言うことは、あなたが３代目？";"";"00057590"
"1";"00052FA0";"祖父はそう言っています
決まってるわけじゃありませんけど";"";"00057598"
"1";"00052FE0";"その会社って、何を作ってるの？";"";"000575A0"
"1";"00053000";"車とか…　テレビとか…　いろいろです";"";"000575A8"
"1";"00053030";"ボクは生まれてからずっと
「社長の息子」として育てられて…";"";"000575B0"
"1";"00053070";"だからなのか、世間の事を知らないんです
「一般的」っていうものが分からない";"";"000575B8"
"1";"000530C0";"それが…
すごいコンプレックスなんです";"";"000575C0"
"1";"000530F0";"だから、傘下の竜玉楼で
働かせてもらってるんですけど…";"";"000575C8"
"1";"00053130";"あそこもずいぶん特別な
お店のようですしね…";"";"000575D0"
"1";"00053160";"こんな事言ったら失礼かもしれませんが
あなたは一番親しい「普通の人」なんです";"";"000575D8"
"1";"000531B0";"だから、あなたと話をするのは新鮮で
とても楽しかったです";"";"000575E0"
"1";"000531F0";"本当に感謝しています";"";"000575E8"
"1";"00053210";"どういたしまして";"";"000575F0"
"1";"00053230";"だったら、もっと高いお店に連れて行ってよ";"";"000575F8"
"1";"00053260";"今までの数々の非礼をお赦しください…！";"";"00057600"
"1";"00053290";"どういたしまして";"";"00057608"
"1";"000532B0";"これからも　よろしくお願いしますね";"";"00057610"
"1";"000532E0";"だったら、もっと高いお店に連れて行ってよ";"";"00057618"
"1";"00053310";"ははは！　そうですね　じゃあ今度は
さっきの向かいにあった定食屋さんに･･･";"";"00057620"
"1";"00053360";"そうじゃないでしょっ！　とツッこむ";"";"00057628"
"1";"00053390";"そうね定食屋さんなら…　と納得する";"";"00057630"
"1";"000533C0";"あなた世間を知らなすぎるわ！　とあきれる";"";"00057638"
"1";"000533F0";"そうじゃないでしょっ！";"";"00057640"
"1";"00053410";"ははは！　そうでしたね";"";"00057648"
"1";"00053430";"そうね、定食屋さんなら…";"";"00057650"
"1";"00053450";"はい　楽しみですね！";"";"00057658"
"1";"00053470";"あなた、世間を知らなすぎるわ…！";"";"00057660"
"1";"000534A0";"え？　定食屋ではだめですか…？";"";"00057668"
"1";"000534C0";"今までの数々の非礼をお赦しください…！";"";"00057670"
"1";"000534F0";"や、やめてください　今までどおり
ふつうに接してください";"";"00057678"
"1";"00053530";"それでは　そろそろ帰りましょうか
今日は本当に楽しかったです";"";"00057680"
"1";"00053570";"おやすみなさい";"Good night.";"00057688"
"1";"00053580";"おおっ　そこのあなた";"Hey, you there!";"00057690"
"1";"000535A0";"おおっ　そこのお嬢さん";"Hey, young lady!";"00057698"
"1";"000535C0";"ちょっと助けてほしいんだ$n道に迷ってしまってね";"I need a little help.$nI’ve gotten lost.";"000576A0"
"1";"000535F0";"このあたりにお好み焼き屋があると$n聞いたんだが知らないかな？";"I heard there's an okonomiyaki restaurant around here.$nDo you happen to know where it is?";"000576A8"
"1";"00053630";"確か、パチンコ屋の向かいだ";"Across from the pachinko parlor";"000576B0"
"1";"00053650";"確か、パチンコ屋の右隣だ";"To the right of the pachinko parlor";"000576B8"
"1";"00053670";"確か、パチンコ屋の左隣だ";"To the left of the pachinko parlor";"000576C0"
"1";"00053690";"あんたは誰だ？";"Who are you?";"000576C8"
"1";"000536A0";"確か、パチンコ屋の向かいに…";"Across from the pachinko parlor";"000576D0"
"1";"000536C0";"確か、パチンコ屋の右隣に…";"To the right of the pachinko parlor";"000576D8"
"1";"000536E0";"確か、パチンコ屋の左隣に…";"To the left of the pachinko parlor";"000576E0"
"1";"00053700";"ところで、あなたは？";"Speaking of which, who are you?";"000576E8"
"1";"00053720";"確か、パチンコ屋の向かいだ";"I think it's across from the pachinko parlor.";"000576F0"
"1";"00053740";"確か、パチンコ屋の右隣だ";"I think it's to the right of the pachinko parlor.";"000576F8"
"1";"00053760";"確か、パチンコ屋の左隣だ";"I think it's to the left of the pachinko parlor.";"00057700"
"1";"00053780";"確か、パチンコ屋の向かいになかったかしら";"I think it was across from the pachinko parlor...";"00057708"
"1";"000537B0";"確か、パチンコ屋の右隣だと思うけど…";"I think it was to the right of the pachinko parlor...";"00057710"
"1";"000537E0";"確か、パチンコ屋の左隣だと思うけど…";"I think it was to the left of the pachinko parlor...";"00057718"
"1";"00053810";"おお　ありがとう";"Oh, thank you.";"00057720"
"1";"00053828";"あんたは誰だ？";"Who are you?";"00057728"
"1";"00053840";"ところで、あなたは？";"Speaking of which, who are you?";"00057730"
"1";"00053860";"申し遅れました　私は渡会　全国の$n美味しいものを紹介する仕事をしています";"Forgive my late introduction; I'm Watarai.$nMy job is to introduce delicious foods from all over the country.";"00057738"
"1";"000538B0";"みんなは私を「食通の渡会」と呼びます$n料理のことなら私に聞いてくださいね";"Everyone calls me ""Watarai the Gourmet."" If you have any questions about food, just ask me.";"00057740"
"1";"00053900";"それでは　失礼します";"Well then, if you'll excuse me.";"00057748"
"1";"00053918";"散髪屋の息子";"Barber's Son";"00057750"
"1";"00053930";"はじめまして　ボクはこの理髪店の息子
寿夫です";"Nice to meet you.
I’m Toshio, the barbershop owner's son.";"00057758"
"1";"00053960";"清水寿夫";"Toshio Shimizu";"00057760"
"1";"00053970";"ところで、
君には好きな人はいるのかい？";"By the way, is there someone you like?";"00057768"
"1";"00053998";"いる";"Yes";"00057770"
"1";"000539A0";"いない";"No";"00057778"
"1";"000539A8";"あなたが好き";"I like you";"00057780"
"1";"000539B8";"清水寿夫";"Toshio Shimizu";"00057788"
"1";"000539D0";"そうかい！　なら君も分かるだろう？
人を愛することのすばらしさが！";"I see! Then you know what I mean, right?
How wonderful it is to love someone!";"00057790"
"1";"00053A18";"清水寿夫";"Toshio Shimizu";"00057798"
"1";"00053A30";"そうなのかい？　もったいないなぁ！
人を愛することは、すばらしいことなのに！";"Is that so? What a shame!
Loving someone is such a wonderful thing!";"000577A0"
"1";"00053A80";"清水寿夫";"Toshio Shimizu";"000577A8"
"1";"00053A90";"えっ…　そうなのかい？
すまない　ボクには想っている人がいるんだ…";"Oh... really?
I'm sorry, but I already have feelings for someone else...";"000577B0"
"1";"00053AD8";"清水寿夫";"Toshio Shimizu";"000577B8"
"1";"00053AF0";"ああ…　彼女のことを想うと
胸が張り裂けそうだ…！";"Ah... Just thinking about her makes my
heart feel like it's going to tear apart...!";"000577C0"
"1";"00053B28";"誰のこと？";"Who is it?";"000577C8"
"1";"00053B38";"俺のこと？";"Me?";"000577D0"
"1";"00053B48";"私のこと？";"Me?";"000577D8"
"1";"00053B60";"すき焼き屋の妹のこと？";"The younger sister from the sukiyaki restaurant?";"000577E0"
"1";"00053B80";"すき焼き屋の姉のこと？";"The older sister from the sukiyaki restaurant?";"000577E8"
"1";"00053B98";"何も聞かない";"Don't ask anything";"000577F0"
"1";"00053BA8";"清水寿夫";"Toshio Shimizu";"000577F8"
"1";"00053BC0";"君は知らない子だよ";"It’s a girl you don’t know.";"00057800"
"1";"00053BD8";"清水寿夫";"Toshio Shimizu";"00057808"
"1";"00053BF0";"おいおい君は男だろ？
ボクはそんな趣味はないからな";"Hey hey, you're a guy, aren't you?
I'm not into that sort of thing.";"00057810"
"1";"00053C28";"清水寿夫";"Toshio Shimizu";"00057818"
"1";"00053C38";"君じゃないよ";"";"00057820"
"1";"00053C48";"清水寿夫";"Toshio Shimizu";"00057828"
"1";"00053C60";"そうじゃないよ
惜しいところをついているんだけど…";"";"00057830"
"1";"00053C98";"清水寿夫";"Toshio Shimizu";"00057838"
"1";"00053CB0";"えぇ！　君、何で知っているの？";"";"00057840"
"1";"00053CD0";"清水寿夫";"Toshio Shimizu";"00057848"
"1";"00053CE0";"そうだよ
出玉町のすき焼き屋の看板娘の姉だよ";"";"00057850"
"1";"00053D10";"出玉町の天ぷら屋の息子の話をする";"";"00057858"
"1";"00053D38";"何も言わない";"";"00057860"
"1";"00053D48";"$p";"";"00057868"
"1";"00053D50";"出玉町の天ぷら屋の息子も
彼女が好きで今度告白するって言っていたけど";"";"00057870"
"1";"00053D98";"清水寿夫";"Toshio Shimizu";"00057878"
"1";"00053DB0";"えっ！　そっ　それは本当かい？";"";"00057880"
"1";"00053DD0";"清水寿夫";"Toshio Shimizu";"00057888"
"1";"00053DE0";"今度そいつに話をつけてくる
告白するのはボクだって";"";"00057890"
"1";"00053E18";"清水寿夫";"Toshio Shimizu";"00057898"
"1";"00053E30";"出玉町の天ぷら屋の息子かぁ…
きっとお金持ちなんだろうな…";"";"000578A0"
"1";"00053E70";"清水寿夫";"Toshio Shimizu";"000578A8"
"1";"00053E80";"だけど愛はお金だけじゃないんだ！
愛するという気持ちが大事なんだ！";"";"000578B0"
"1";"00053EC8";"清水寿夫";"Toshio Shimizu";"000578B8"
"1";"00053EE0";"ねぇ　聞いたよ！　天ぷら屋の息子が
パチンコ勝負で告白の順番を決めるって！";"";"000578C0"
"1";"00053F30";"清水寿夫";"Toshio Shimizu";"000578C8"
"1";"00053F40";"でもボクには
パチプロを雇うお金なんてないしなぁ…";"";"000578D0"
"1";"00053F78";"引き受ける";"";"000578D8"
"1";"00053F88";"何も言わない";"";"000578E0"
"1";"00053F98";"$p";"";"000578E8"
"1";"00053FA0";"その勝負、俺が引き受けるよ";"";"000578F0"
"1";"00053FC0";"$p";"";"000578F8"
"1";"00053FD0";"その勝負、私が引き受けるよ";"";"00057900"
"1";"00053FF0";"清水寿夫";"Toshio Shimizu";"00057908"
"1";"00054000";"えっ！　ほっ　ほんとうですか！
ありがとうございます！";"";"00057910"
"1";"00054038";"$p";"";"00057918"
"1";"00054040";"裏パチンコ店で待っているそうだから
一緒に乗り込むぞ";"";"00057920"
"1";"00054078";"$p";"";"00057928"
"1";"00054080";"裏パチンコ店で待っているそうだから
一緒に乗り込むわよ";"";"00057930"
"1";"000540B8";"清水寿夫";"Toshio Shimizu";"00057938"
"1";"000540D0";"あいたたっ…　おっおなかが痛くなってきた…
あとから行くので…　先に行ってください…";"";"00057940"
"1";"00054130";"（裏パチンコ店への入り方を教えておいた）";"";"00057948"
"1";"00054160";"清水寿夫";"Toshio Shimizu";"00057950"
"1";"00054170";"君のおかげで彼女と知り合えたんだ
床屋代くらいはサービスするよ";"";"00057958"
"1";"000541B0";"清水寿夫";"Toshio Shimizu";"00057960"
"1";"000541C0";"またきておくれ";"";"00057968"
"1";"000541D0";"食通の渡会";"Watarai the Gourmet";"00057970"
"1";"000541E0";"むぅ〜ん　これは旨い！";"Mmm... this is delicious!";"00057978"
"1";"000541F8";"常連の三輪茂造";"Shigezo Miwa - Regular Customer";"00057980"
"1";"00054210";"ホルモンにゃ　ビールだぜ";"Horumon goes better with a cold beer.";"00057988"
"1";"00054230";"使い込まれた３輪の自動車だ";"A well-used three-wheeled truck.";"00057990"
"1";"00054250";"運転席を見る";"Look at the driver's seat";"00057998"
"1";"00054260";"車体の下を見る";"Look under the vehicle body";"000579A0"
"1";"00054270";"荷台を見る";"Look at the cargo bed";"000579A8"
"1";"00054280";"何も見ない";"Don't look at anything";"000579B0"
"1";"00054290";"運転席にはうっすらとホコリが積もっている";"A thin layer of dust has accumulated on the driver's seat.";"000579B8"
"1";"000542C0";"タイヤの跡から見るに、
ここ最近動いていないようだ";"Judging from the tire tracks, 
it hasn't moved recently.";"000579C0"
"1";"00054300";"荷台には何もない";"There's nothing in the truck bed.";"000579C8"
"1";"00054318";"赤い公衆電話だ";"It's a red public telephone.";"000579D0"
"1";"00054330";"アサガオが咲いている";"Morning glories are blooming.";"000579D8"
"1";"00054348";"郵便ポストだ";"It's a postbox.";"000579E0"
"1";"00054360";"丸々としたスイカだ";"It's a round, plump watermelon.";"000579E8"
"1";"00054378";"井戸がある";"There's a well here.";"000579F0"
"1";"00054388";"→
井原診療所";"→
Ihara Clinic";"000579F8"
"1";"000543A0";"「栄養満点！！　ホルモン焼き」";"""Packed with nutrients!! Horumonyaki (Grilled Offal)""";"00057A00"
"1";"000543C0";"「井原診療所」";"""Ihara Clinic""";"00057A08"
"1";"000543D0";"釣り竿が並んでいる";"Fishing rods are lined up.";"00057A10"
"1";"000543E8";"→
質　くらま";"→
Kurama Pawnshop";"00057A18"
"1";"00054400";"再開発事業に反対する看板だ";"A sign protesting the redevelopment project.";"00057A20"
"1";"00054420";"たらいが置いてある";"A washtub sits here.";"00057A28"
"1";"00054438";"片山 昭吾";"Shogo Katayama";"00057A30"
"1";"00054450";"おはようございますっ！";"Good morning!";"00057A38"
"1";"00054468";"片山 昭吾";"Shogo Katayama";"00057A40"
"1";"00054478";"こんにちは！";"Hello!";"00057A48"
"1";"00054488";"片山 昭吾";"Shogo Katayama";"00057A50"
"1";"00054498";"こんばんは！";"Good evening!";"00057A58"
"1";"000544B0";"パチンコ屋殺人事件の推理をぶつける";"";"00057A60"
"1";"000544D8";"やめておく";"";"00057A68"
"1";"000544E8";"$p";"$p";"00057A70"
"1";"000544F0";"パチンコ屋殺人事件で重要な話がしたいんだ";"";"00057A78"
"1";"00054520";"$p";"$p";"00057A80"
"1";"00054530";"パチンコ屋殺人事件で重要な話がしたいんだけど";"";"00057A88"
"1";"00054560";"$p";"$p";"00057A90"
"1";"00054570";"できれば町の人を集めて欲しい";"";"00057A98"
"1";"00054590";"$p";"$p";"00057AA0"
"1";"000545A0";"できれば、町の人を集めてくれないかな";"";"00057AA8"
"1";"000545C8";"片山 昭吾";"Shogo Katayama";"00057AB0"
"1";"000545E0";"パ、パチンコ屋殺人事件ですか！
それは大変だ！！";"";"00057AB8"
"1";"00054610";"片山 昭吾";"Shogo Katayama";"00057AC0"
"1";"00054620";"分かりました　少し待っていてください！";"";"00057AC8"
"1";"00054650";"（今日はもう遅い　明日にしよう…）";"";"00057AD0"
"1";"00054680";"…この屋台なら…";"...This food stall...";"00057AD8"
"1";"000546A0";"おいしいラーメンを食べさせてくれそうだ";"It looks like it serves some delicious ramen here";"00057AE0"
"1";"000546D0";"中に人を入れて運べそうだ";"I could probably put someone inside and carry them.";"00057AE8"
"1";"000546F0";"この屋台なら…　なんだっけ";"This food stall... What was it again?";"00057AF0"
"1";"00054710";"この屋台なら、
おいしいラーメンを食べさせてくれそうだ";"It looks like this food stall will 
serve some tasty ramen here.";"00057AF8"
"1";"00054750";"この屋台なら、中に人を入れて運べそうだ";"This food stall seems like it could carry people inside.";"00057B00"
"1";"00054780";"この屋台なら…　なんだっけ";"This food stall... What was it again?";"00057B08"
"1";"000547A0";"…？";"...?";"00057B10"
"1";"000547B0";"床にロッカーを動かしたような跡がある…";"";"00057B18"
"1";"000547E0";"ロッカーを動かしてみる";"";"00057B20"
"1";"000547F8";"何もしない";"Do nothing";"00057B28"
"1";"00054810";"丈夫そうな門だ
南京錠がかけられている";"That gate looks pretty sturdy. It's locked with a padlock.";"00057B30"
"1";"00054840";"$ci小さなカギ$crを使いますか？";"Would you use the $cismall key$cr?";"00057B38"
"1";"00054860";"はい";"Yes";"00057B40"
"1";"00054868";"いいえ";"No";"00057B48"
"1";"00054870";"………";".........";"00057B50"
"1";"00054878";"カギが開いた";"The lock opened.";"00057B58"
"1";"00054890";"…どうやら　カギがかかっているようだ";"...It seems to be locked.";"00057B60"
"1";"000548B8";"扉の向こうの声";"The Voice Behind the Door";"00057B68"
"1";"000548D0";"悪いけど、
うちは犯罪者相手に商売はしないよ！";"Sorry, but we don't serve criminals here!";"00057B70"
"1";"00054900";"…ここから先は行けないようだ";"...It seems I can't go any further from here.";"00057B78"
"1";"00054920";"…ここから先は行けないみたい";"...It looks like I can't go any further from here.";"00057B80"
"1";"00054940";"…跳ね橋が上がっている
今は向こうに行けないようだ";"...The drawbridge is raised.
I can't seem to get across right now.";"00057B88"
"1";"00054980";"…跳ね橋が上がっている
今は向こうに行けないみたい";"...The drawbridge is raised.
It looks like I can't get across just yet.";"00057B90"
"1";"000549B8";"美沢 ゆき";"";"00057B98"
"1";"000549D0";"え〜　どこ行くの？";"";"00057BA0"
"1";"000549E8";"美沢 ゆき";"";"00057BA8"
"1";"00054A00";"早くお魚釣りしようよ〜";"";"00057BB0"
"1";"00054A18";"美沢 ゆき";"";"00057BB8"
"1";"00054A30";"アレ？
もしかして、釣りエサがないの？";"";"00057BC0"
"1";"00054A58";"美沢 ゆき";"";"00057BC8"
"1";"00054A70";"しょうがないなあ　はい　これ";"";"00057BD0"
"1";"00054A90";"美沢 ゆき";"";"00057BD8"
"1";"00054AA0";"私は、隣で見てるね     ";"";"00057BE0"
"1";"00054AB8";"美沢 ゆき";"";"00057BE8"
"1";"00054AD0";"何が釣れるか、すごく楽しみ
大っきな魚を釣り上げてよ！";"";"00057BF0"
"1";"00054B08";"白石 紀子";"Noriko Shiraishi";"00057BF8"
"1";"00054B20";"あっ　$puさん！";"";"00057C00"
"1";"00054B30";"白石 紀子";"Noriko Shiraishi";"00057C08"
"1";"00054B40";"お久しぶりです
またこの町に戻ってきたんですね";"";"00057C10"
"1";"00054B70";"白石 紀子";"Noriko Shiraishi";"00057C18"
"1";"00054B80";"あの後すぐに$puさんが
旅立ってしまって…";"";"00057C20"
"1";"00054BB0";"白石 紀子";"Noriko Shiraishi";"00057C28"
"1";"00054BC0";"…みんな心配したんですよ";"";"00057C30"
"1";"00054BE0";"白石 紀子";"Noriko Shiraishi";"00057C38"
"1";"00054BF0";"私、また銀玉会館で働いているんです";"";"00057C40"
"1";"00054C18";"白石 紀子";"Noriko Shiraishi";"00057C48"
"1";"00054C30";"良かったら遊びにきてくださいね";"";"00057C50"
"1";"00054C50";"白石 紀子";"Noriko Shiraishi";"00057C58"
"1";"00054C60";"お久しぶりです
やっと出て来れたんですね…";"";"00057C60"
"1";"00054C90";"白石 紀子";"Noriko Shiraishi";"00057C68"
"1";"00054CA0";"みんな驚いていましたよ
まさかあんなことを言うなんて…";"";"00057C70"
"1";"00054CD8";"白石 紀子";"Noriko Shiraishi";"00057C78"
"1";"00054CF0";"そうだ、何か約束したまま
旅立ったりしてませんか？";"";"00057C80"
"1";"00054D28";"白石 紀子";"Noriko Shiraishi";"00057C88"
"1";"00054D40";"今からでも遅くないですよ
みんなきっと待ってますから";"";"00057C90"
"1";"00054D78";"白石 紀子";"Noriko Shiraishi";"00057C98"
"1";"00054D90";"それじゃあ、みんなには
私から連絡しておきますね";"";"00057CA0"
"1";"00054DC0";"デートしている場合じゃないな";"";"00057CA8"
"1";"00054DE0";"確か、出玉町の工事現場に来て欲しいと
片山は言っていたはずだ";"";"00057CB0"
"2";"0005A860";"あの日の朝早くに男の人が
店から大海町の方に走り去るのを見ました";"Early that morning, I saw a man running
away from the shop toward Great Sea Town.";"0006BBD0"
"2";"0005A8A0";"ほ、本当ですか！？
こ、これは大変な証言ですよ！？";"R-Really!? Th-That’s a major piece of evidence!";"0006BBD8"
"2";"0005A8E0";"ハイ　間違いありません";"Yes, I’m absolutely sure.";"0006BBE0"
"2";"0005A900";"ふうむ…
これは重要な証言になりそうですな";"Hmm...
This sounds like a very important testimony.";"0006BBE8"
"2";"0005A930";"店から立ち去った別の男か…
これは一度捜査を見直す必要がありそうだな";"Another man leaving the shop, huh...
It seems we need to re-examine the investigation.";"0006BBF0"
"2";"0005A980";"店から立ち去った男か…
これは一度捜査を見直す必要がありそうだな";"A man who left the shop, huh...
It seems we need to re-examine the investigation.";"0006BBF8"
"2";"0005A9C0";"あなたにはご迷惑をおかけしました
申し訳ありません";"We apologize for the trouble we caused you.";"0006BC00"
"2";"0005AA00";"いいよ　全然気にしてないさ";"It’s fine, I don't mind at all";"0006BC08"
"2";"0005AA20";"もっと気持ちを込めて謝れ！";"Apologize with more sincerity!";"0006BC10"
"2";"0005AA40";"謝って済むなら警察はいらないだろ？";"If a simple apology fixes everything, why would we need the police?";"0006BC18"
"2";"0005AA70";"いいのよ　全然気にしてないわ";"It's fine, I don't mind at all";"0006BC20"
"2";"0005AA90";"謝り方に誠意を感じられないわね";"I don't feel any sincerity in the way you're apologizing";"0006BC28"
"2";"0005AAB0";"謝って済むなら警察はいらないわ！";"If an apology were enough, we wouldn't need the police!";"0006BC30"
"2";"0005AAE0";"申し訳ありませんでした…";"I'm so sorry...";"0006BC38"
"2";"0005AB00";"いいよ　全然気にしてないさ
それよりも捜査に協力できてよかったよ";"It’s fine, I don't mind at all.
Besides, I'm just glad I could help with the investigation.";"0006BC40"
"2";"0005AB40";"気にしてないわ　それよりも
捜査のお役に立ててよかったわ";"I’m not bothered by it. More importantly,
I’m glad I could be of help with the investigation.";"0006BC48"
"2";"0005AB80";"そうですか
そう言っていただけると助かります";"I see. I appreciate you saying that.";"0006BC50"
"2";"0005ABB0";"何だその誠意の感じられない謝り方は！
もっと気持ちをこめて謝ってくれ！";"What kind of apology is that? I don't feel any sincerity!
Apologize with more feeling!";"0006BC58"
"2";"0005AC00";"何？　その謝り方…！
誠意が感じられないわ！";"What? That’s no way to apologize…!
I don’t feel any sincerity there!";"0006BC60"
"2";"0005AC30";"…本当に申し訳ありませんでした
ホラ　君も謝りたまえ";"...I am truly sorry. Come on, you should apologize too.";"0006BC68"
"2";"0005AC70";"誤って済むなら警察はいらないだろ？
俺は名誉を傷つけられたんだ！";"If a simple apology fixes everything, why do we even
need the police? My reputation has been ruined!";"0006BC70"
"2";"0005ACB0";"謝って済むなら警察はいらないわ
私の傷ついた心をどうしてくれるの？";"If an apology were enough, we wouldn’t need the police.
What are you going to do about my hurt feelings?";"0006BC78"
"2";"0005AD00";"…本当に申し訳ありませんでした
これはその気持ちです";"...We are truly sorry.
Please accept this as a token of our regret.";"0006BC80"
"2";"0005AD40";"慰謝料を受け取る";"Accept the compensation";"0006BC88"
"2";"0005AD60";"慰謝料を受け取らない";"Refuse the compensation";"0006BC90"
"2";"0005AD80";"これに懲りて　これからはむやみに人を
疑わないようにすることだな";"Let this be a lesson. From now on, don't go
around suspecting people without good reason.";"0006BC98"
"2";"0005ADC0";"いいかげんな理由で人を疑わないように！
いいわね？";"Don’t go around suspecting people for flimsy reasons!
Got it?";"0006BCA0"
"2";"0005AE00";"反省してくれたんならそれで十分だ
俺も気が済んだよ";"If you've learned your lesson, that's enough for me.
I feel better now.";"0006BCA8"
"2";"0005AE40";"もういいわ
…私もちょっと怒りすぎたみたいね";"Never mind.
…I guess I got a little too angry.";"0006BCB0"
"2";"0005AE70";"これであなたの容疑は晴れました
これからはこの町の外に出ても構いませんよ";"With this, all suspicion against you has been cleared.
You are free to leave this town whenever you wish.";"0006BCB8"
"2";"0005AEC0";"では、今日はこれで失礼します
ご協力ありがとうございました";"Well then, I will take my leave for today.
Thank you for your cooperation.";"0006BCC0"
"2";"0005AF00";"君は残ってもらえるかな？
少し話があるんです…";"Can you stay for a moment?
There's something I need to discuss with you...";"0006BCC8"
"2";"0005AF30";"あの…　私も　もう帰っていいですか？";"Um... can I go home now too?";"0006BCD0"
"2";"0005AF60";"はい　結構ですよ";"Yes, of course.";"0006BCD8"
"2";"0005AF80";"突然ですが実は今のアパートを
出て行ってもらうことになったんです";"This is sudden, but it's been decided that you'll
have to move out of your current apartment.";"0006BCE0"
"2";"0005AFC0";"どういうことか警官に聞き返す";"Ask the officer what he means";"0006BCE8"
"2";"0005AFE0";"ろくに帰ってなかったのであまり興味が無い";"I haven’t been home much, so I’m not really interested";"0006BCF0"
"2";"0005B010";"黙って話の続きを聞く";"Just listen quietly";"0006BCF8"
"2";"0005B030";"えっ！　どういうことですか！？";"What!? What do you mean by that!?";"0006BD00"
"2";"0005B050";"えっ！　どういうこと？";"Huh!? What’s going on?";"0006BD08"
"2";"0005B070";"落ち着いてください
今、その訳を説明します";"Please calm down. Let me explain the reason why.";"0006BD10"
"2";"0005B0A0";"へ〜　そうなんだ";"Oh, I see.";"0006BD18"
"2";"0005B0C0";"あら、そうなの？";"Oh, really?";"0006BD20"
"2";"0005B0E0";"自分の部屋ですよ？　いいんですか？
…とりあえず訳を説明します";"It's your own room, you know? Are you okay with this?
...Well, I'll explain anyway.";"0006BD28"
"2";"0005B120";"………";".........";"0006BD30"
"2";"0005B130";"これは何も本官の一存ではなく
大家さんから伝言を頼まれたことなんです";"This is not a decision I made on my own;
I was asked by the landlord to pass on the message.";"0006BD38"
"2";"0005B180";"急な用件で　どうしてもあの部屋を
空けてもらう必要があるらしいんです";"Apparently, something urgent has come up,
and that room absolutely needs to be vacated.";"0006BD40"
"2";"0005B1D0";"それで申し訳ありませんが
君には$ci大海町のアパート$crに移ってもらいます";"So, I'm sorry, but you’ll need to move
to an apartment in $ciGreat Sea Town$cr.";"0006BD48"
"2";"0005B220";"分かった　大海町に引越すよ";"All right. I'll move to Great Sea Town.";"0006BD50"
"2";"0005B240";"ちょうど俺もあの部屋を出たかったんだ";"I was actually thinking of moving out of that room anyway.";"0006BD58"
"2";"0005B270";"ふざけるな！　絶対に出て行くもんか!";"Don't be ridiculous! There’s no way I’m moving out!";"0006BD60"
"2";"0005B2A0";"分かったわ　大海町に引越せばいいのね";"Okay, so I just need to move to Great Sea Town, right?";"0006BD68"
"2";"0005B2D0";"ちょうど私もあの部屋を出たいと思ってたの";"Actually, I’ve been thinking about moving out of that room anyway.";"0006BD70"
"2";"0005B300";"どうして？　絶対に出て行かないから！";"Why? I’m definitely not moving out!";"0006BD78"
"2";"0005B330";"分かった　大海町に引越すよ";"Okay, I’ll move to Great Sea Town.";"0006BD80"
"2";"0005B350";"分かったわ　大海町に引越せばいいのね";"Okay, so I just need to move to Great Sea Town, right?";"0006BD88"
"2";"0005B380";"そうですか　そう言っていただけると
こちらも助かります";"I see. That makes things much easier on our end.";"0006BD90"
"2";"0005B3C0";"ちょうどよかった
俺もあの部屋を出たいと思ってたんだ";"That works out.
I was thinking about moving out of that room anyway.";"0006BD98"
"2";"0005B400";"ちょうどよかったわ
あの部屋を出たいと思ってたの";"Perfect timing, actually.
I was thinking to move out of that room anyway.";"0006BDA0"
"2";"0005B430";"そうだったんですか？
まあ　古いアパートですからね";"Is that so? Well, it's an old apartment, after all.";"0006BDA8"
"2";"0005B470";"ふざけるな！　あそこは俺の部屋だ！
絶対に出て行かないからな！";"Don’t be ridiculous! That’s my room!
There’s no way I’m moving out!";"0006BDB0"
"2";"0005B4B0";"どうして？　あそこは私の部屋よ！
絶対に出て行かないから！";"Why? That’s my room! I’m definitely not moving out!";"0006BDB8"
"2";"0005B4F0";"お気持ちは分かりますが…
これはもう決まってしまったことなんです";"I understand how you feel, but...
this has already been decided.";"0006BDC0"
"2";"0005B530";"それでは　急な話だとは思いますが
明日には部屋を移ってもらいます";"Now then, I know this is sudden,
but you'll need to move by tomorrow.";"0006BDC8"
"2";"0005B570";"このことは$ci大海町の交番$crにも伝えてあるので
新しい部屋の話はそこで聞いてください";"We've already informed the $ciGreat Sea Town$cr
police box, so please ask there about your new room.";"0006BDD0"
"2";"0005B5D0";"引越しの準備もあるでしょう
今日はもうお帰りくださって結構ですよ";"You probably have a lot of packing to do,
so you're free to head home for the day.";"0006BDD8"
"2";"0005B610";"やあ　おはよう";"Hey, good morning.";"0006BDE0"
"2";"0005B620";"聞いたよ　あんた　自分の容疑を
見事晴らしたんだって？　たいしたもんだ";"I heard you managed to clear your name, did you?
That's impressive.";"0006BDE8"
"2";"0005B670";"それでなんでも大海町に引越すことに
なったそうじゃないか ";"And I also heard you're moving to Great Sea Town, right?";"0006BDF0"
"2";"0005B6B0";"あそこは新しくて住みやすい町だよ
この町とは違ってな…";"It's a new town and easier to live in, unlike this place…";"0006BDF8"
"2";"0005B6F0";"おっ　そうだ！　あんたひとつ
頼まれてくれないか？";"Oh, right! Could I ask you a favor?";"0006BE00"
"2";"0005B728";"紀子さん";"Noriko";"0006BE08"
"2";"0005B738";"はい…";"Yes...";"0006BE10"
"2";"0005B740";"おはようございます…";"Good morning...";"0006BE18"
"2";"0005B758";"おはよう";"Morning";"0006BE20"
"2";"0005B768";"誰だっけ？";"Who are you again?";"0006BE28"
"2";"0005B778";"無視する";"Ignore";"0006BE30"
"2";"0005B790";"おはよう
もう　外出して大丈夫なのか？";"Morning. Is it already okay for you to go outside?";"0006BE38"
"2";"0005B7C0";"おはよう
もう　外に出て大丈夫なの？";"Morning. Is it already okay for you to go outside?";"0006BE40"
"2";"0005B7E8";"はい…";"Yes...";"0006BE48"
"2";"0005B7F0";"あんた　誰だっけ？";"Who are you again?";"0006BE50"
"2";"0005B810";"ごめん　あなた　誰だっけ？";"Sorry, who are you again?";"0006BE58"
"2";"0005B830";"………";".........";"0006BE60"
"2";"0005B840";"何を言っとる？　紀子さんだよ
忘れたのか？";"What are you talking about? It's Noriko. Did you forget?";"0006BE68"
"2";"0005B870";"………";".........";"0006BE70"
"2";"0005B878";"………";".........";"0006BE78"
"2";"0005B880";"彼女の怪我の方も　もう大分よくなってね
ただ、記憶の方がまだ戻ってないんだ";"Her injuries have healed up quite a bit by now.
But her memory still hasn't returned.";"0006BE80"
"2";"0005B8D0";"それで　大海町の病院で詳しい検査を
してもらおうと思っとるんだ";"So I’m thinking of having her undergo a thorough
examination at the hospital in Great Sea Town.";"0006BE88"
"2";"0005B910";"あんた　引越すついでに$ci病院$crまで
彼女に付いて行ってやってくれないか？";"Since you're moving anyway,
could you accompany her to the $cihospital$cr?";"0006BE90"
"2";"0005B960";"それくらいお安い御用さ";"That’s easy enough";"0006BE98"
"2";"0005B980";"彼女のためなら喜んで！";"I’d be happy to do it for her!";"0006BEA0"
"2";"0005B9A0";"彼女も大人だ　ひとりで行けるだろ";"She’s an adult, she can go by herself";"0006BEA8"
"2";"0005B9D0";"あんたが付き添えばいいだろ";"You can just accompany her yourself";"0006BEB0"
"2";"0005B9F0";"いいわよ　それくらい";"That's fine by me";"0006BEB8"
"2";"0005BA10";"彼女のためなら喜んで！";"I'd be happy to do that for her!";"0006BEC0"
"2";"0005BA30";"どうしても？　ひとりで行けるんじゃない？";"Do I really have to? Can't she go by herself?";"0006BEC8"
"2";"0005BA60";"あなたが付き添えばいいじゃない";"You should accompany her yourself";"0006BED0"
"2";"0005BA80";"それくらいお安い御用さ";"Sure, that's no problem.";"0006BED8"
"2";"0005BAA0";"いいわよ　それくらい";"Sure, I don't mind.";"0006BEE0"
"2";"0005BAC0";"そうか　助かったよ";"Is that so. That’s a relief.";"0006BEE8"
"2";"0005BAE0";"彼女のためなら喜んで！
いや、是非やらせてくれ！";"I’d be happy to do it for her! Please, let me handle it!";"0006BEF0"
"2";"0005BB10";"彼女のためなら喜んで！
いいえ、是非やらせてちょうだい！";"I’d be happy to do that for her! Please, let me do it!";"0006BEF8"
"2";"0005BB50";"そ、そうか　助かったよ";"I-is that so. That’s a relief.";"0006BF00"
"2";"0005BB70";"彼女もいい大人なんだ
病院くらいひとりで行けるだろ";"She's a grown woman.
I'm sure she can make it to the hospital on her own.";"0006BF08"
"2";"0005BBB0";"どうしても？
病院くらいひとりでいけるんじゃない？";"Do I really have to?
Can't she just go to the hospital on her own?";"0006BF10"
"2";"0005BBF0";"彼女はまだ記憶が戻っておらん
ひとりで行かせるのは不安だ";"She hasn't regained her memory yet.
I'm not comfortable letting her go by herself.";"0006BF18"
"2";"0005BC30";"それに　あんたと一緒にいることで
記憶が戻ることもあるかもしれんしな";"Besides, being with you might bring her memory back too.";"0006BF20"
"2";"0005BC80";"あんたが一緒に行ってやればいいじゃないか";"You could just go with her yourself.";"0006BF28"
"2";"0005BCB0";"あなたが一緒に行けばいいんじゃないの？";"Can't you go with her yourself?";"0006BF30"
"2";"0005BCE0";"もともとはそのつもりだったんだが
わしも外を出歩くのがつらい年でな";"I originally planned to, but I'm at the age
where it's tough for me to go outside.";"0006BF38"
"2";"0005BD30";"それにこの暑さだ
わしの方が入院する羽目になるかもしれん";"And in this heat, I might end up being hospitalized.";"0006BF40"
"2";"0005BD70";"しぶしぶ引き受ける";"Reluctantly agree";"0006BF48"
"2";"0005BD88";"金をせびる";"Ask for money";"0006BF50"
"2";"0005BD98";"……分かったよ";"...Fine";"0006BF58"
"2";"0005BDB0";"しょうがないわね　……分かったわ";"I guess I have no choice… Fine.";"0006BF60"
"2";"0005BDE0";"分かったよ
その代わり手間賃はもらえるんだろうな？";"All right, but I expect to be compensated for my time, right?";"0006BF68"
"2";"0005BE20";"分かったわ
その代わりタダっていうわけには…";"All right, but I can’t exactly do this for free…";"0006BF70"
"2";"0005BE50";"なんだ！　セコイ男だな
ほら　これでいいだろ";"What?! You're such a stingy man. Here, this should do it.";"0006BF78"
"2";"0005BE80";"むっ…　ま、まあ仕方ない
ほら　これでいいだろ";"Hmph… W-well, I suppose it can't be helped.
Here, this should be enough.";"0006BF80"
"2";"0005BEB0";"この橋を渡って真っ直ぐ行けば交番がある
病院の場所はそこで聞けばすぐに分かるよ";"Cross this bridge and head straight, there's a police box.
Ask there, and they’ll point you where the hospital is.";"0006BF88"
"2";"0005BF00";"それじゃあ彼女のことをよろしく頼む
ちゃんと$ci病院$crまで送ってくれよ";"Well then, I'm counting on you to look after her.
Make sure she gets all the way to the $cihospital$ci.";"0006BF90"
"2";"0005BF50";"よ、よろしくお願いします…";"P-please take care of me...";"0006BF98"
"2";"0005BF70";"カキ氷大好きっ子";"Kakigori-Loving Kid";"0006BFA0"
"2";"0005BF90";"やっぱりカキ氷は最高だよね！
…イテテ！";"Kakigori really is the best!
...Oww!";"0006BFA8"
"2";"0005BFC0";"カキ氷大好きっ子";"Kakigori-Loving Kid";"0006BFB0"
"2";"0005BFE0";"でも、頭がキーンってするのは
どうにかなんないかなあ";"But I wish there was a way to stop that brain freeze.";"0006BFB8"
"2";"0005C020";"カキ氷大好きっ子";"Kakigori-Loving Kid";"0006BFC0"
"2";"0005C040";"やった！！　これからは好きなだけ
$ciカキ氷$crが食べれるようになるんだ！";"";"0006BFC8"
"2";"0005C090";"カキ氷大好きっ子";"Kakigori-Loving Kid";"0006BFD0"
"2";"0005C0B0";"もらったカキ氷器、大事にしてるよ
春も秋も、冬だって使うんだから！";"";"0006BFD8"
"2";"0005C100";"カキ氷大好きっ子";"Kakigori-Loving Kid";"0006BFE0"
"2";"0005C120";"夏休みの宿題で観察日記をつけなきゃいけないんだ";"";"0006BFE8"
"2";"0005C150";"カキ氷大好きっ子";"Kakigori-Loving Kid";"0006BFF0"
"2";"0005C170";"何を観察してもいいんだけど
何がいいかな？";"";"0006BFF8"
"2";"0005C1A0";"朝顔の観察日記";"";"0006C000"
"2";"0005C1B0";"めだかの観察日記";"";"0006C008"
"2";"0005C1D0";"カブトムシの観察日記";"";"0006C010"
"2";"0005C1E8";"星座の観察日記";"";"0006C018"
"2";"0005C1F8";"$p";"";"0006C020"
"2";"0005C200";"朝顔の観察日記なんていいんじゃない？";"";"0006C028"
"2";"0005C228";"$p";"";"0006C030"
"2";"0005C230";"めだかの観察日記なんていいんじゃない？";"";"0006C038"
"2";"0005C258";"$p";"";"0006C040"
"2";"0005C260";"カブトムシの観察日記なんて
いいんじゃない？";"";"0006C048"
"2";"0005C290";"$p";"";"0006C050"
"2";"0005C2A0";"星座の観察日記なんていいんじゃない？";"";"0006C058"
"2";"0005C2D0";"カキ氷大好きっ子";"Kakigori-Loving Kid";"0006C060"
"2";"0005C2F0";"ダメダメ！　そんなの普通過ぎるよ";"";"0006C068"
"2";"0005C320";"カキ氷大好きっ子";"Kakigori-Loving Kid";"0006C070"
"2";"0005C340";"どうせならもっと変わったものを観察して
クラスのみんなをあっと言わせたいよ";"";"0006C078"
"2";"0005C390";"カキ氷大好きっ子";"Kakigori-Loving Kid";"0006C080"
"2";"0005C3B0";"何の観察日記をつけようかなあ";"";"0006C088"
"2";"0005C3D0";"カキ氷大好きっ子";"Kakigori-Loving Kid";"0006C090"
"2";"0005C3F0";"どうせなら変わったものを選んで
クラスのみんなをあっと言わせたいなあ";"";"0006C098"
"2";"0005C440";"「$ci古い日本人形$cr」を見せますか？";"";"0006C0A0"
"2";"0005C468";"見せる";"";"0006C0A8"
"2";"0005C470";"見せない";"";"0006C0B0"
"2";"0005C480";"カキ氷大好きっ子";"Kakigori-Loving Kid";"0006C0B8"
"2";"0005C4A0";"何これ？　観察日記は
成長するものじゃないとダメなんだよ";"";"0006C0C0"
"2";"0005C4E0";"髪がのびる人形だとおどろおどろしく言う";"";"0006C0C8"
"2";"0005C510";"髪がのびる人形だと言う";"";"0006C0D0"
"2";"0005C530";"何でもないと言う";"";"0006C0D8"
"2";"0005C548";"$p";"";"0006C0E0"
"2";"0005C550";"実はね…　　この人形…
………勝手に髪の毛がのびるんだよ！";"";"0006C0E8"
"2";"0005C590";"$p";"";"0006C0F0"
"2";"0005C5A0";"恨みがこもってるのさ…
前の持ち主に何かあったんだろうなあ…";"";"0006C0F8"
"2";"0005C5E0";"$p";"";"0006C100"
"2";"0005C5F0";"実はね…　　この人形…
………勝手に髪の毛がのびるのよ！";"";"0006C108"
"2";"0005C628";"$p";"";"0006C110"
"2";"0005C630";"恨みがこもってるのね…
前の持ち主に何かあったんでしょうねえ…";"";"0006C118"
"2";"0005C670";"カキ氷大好きっ子";"Kakigori-Loving Kid";"0006C120"
"2";"0005C690";"えっ！　…本当！？";"";"0006C128"
"2";"0005C6B0";"カキ氷大好きっ子";"Kakigori-Loving Kid";"0006C130"
"2";"0005C6D0";"………スゴイや！！
観察日記につけたら、みんな羨ましがるよ！";"";"0006C138"
"2";"0005C710";"カキ氷大好きっ子";"Kakigori-Loving Kid";"0006C140"
"2";"0005C730";"ねえ僕に頂戴！
いいでしょ？";"";"0006C148"
"2";"0005C750";"「$ci古い日本人形$cr」を渡しますか？";"";"0006C150"
"2";"0005C778";"渡す";"";"0006C158"
"2";"0005C780";"渡さない";"";"0006C160"
"2";"0005C790";"カキ氷大好きっ子";"Kakigori-Loving Kid";"0006C168"
"2";"0005C7B0";"やった！！　ありがとう！
僕、毎日ちゃんと観察するからね！";"";"0006C170"
"2";"0005C7F0";"カキ氷大好きっ子";"Kakigori-Loving Kid";"0006C178"
"2";"0005C810";"聞いてよ！　もらった人形の髪の毛
昨日は１センチものびてたんだよ！";"";"0006C180"
"2";"0005C860";"カキ氷大好きっ子";"Kakigori-Loving Kid";"0006C188"
"2";"0005C880";"夏休みの間にどれだけのびるんだろ？
楽しみだなあ";"";"0006C190"
"2";"0005C8B0";"カキ氷大好きっ子";"Kakigori-Loving Kid";"0006C198"
"2";"0005C8D0";"ちぇっ！　ケチッ！";"";"0006C1A0"
"2";"0005C8E8";"$p";"";"0006C1A8"
"2";"0005C8F0";"実はこの人形、髪の毛がのびるんだよ";"";"0006C1B0"
"2";"0005C918";"$p";"";"0006C1B8"
"2";"0005C920";"実はこの人形、髪の毛がのびるのよ";"";"0006C1C0"
"2";"0005C950";"カキ氷大好きっ子";"Kakigori-Loving Kid";"0006C1C8"
"2";"0005C970";"まさか！　そんなことあるわけないよ
子供だと思ってバカにしないでよ";"";"0006C1D0"
"2";"0005C9B8";"$p";"";"0006C1D8"
"2";"0005C9C0";"何でもないよ
ちょっと見せただけさ";"";"0006C1E0"
"2";"0005C9E8";"$p";"";"0006C1E8"
"2";"0005C9F0";"何でもないわ
ちょっと見せただけ";"";"0006C1F0"
"2";"0005CA10";"カキ氷大好きっ子";"Kakigori-Loving Kid";"0006C1F8"
"2";"0005CA30";"ふ〜ん？　変なの";"";"0006C200"
"2";"0005CA50";"カキ氷大好きっ子";"Kakigori-Loving Kid";"0006C208"
"2";"0005CA70";"人形、ありがとう
僕、毎日ちゃんと観察するからね";"";"0006C210"
"2";"0005CAA0";"汗かきなオバチャン";"Sweaty Auntie";"0006C218"
"2";"0005CAC0";"こう毎日暑い日が続くと
この子のカキ氷代もバカにならないよ";"With these hot days going on every day,
the cost of this kid’s kakigori is really adding up.";"0006C220"
"2";"0005CB00";"汗かきなオバチャン";"Sweaty Auntie";"0006C228"
"2";"0005CB20";"そんな難しいものじゃないんだから
家で作れればいいんだけど…";"It's not like it's that complicated.
If only I could make it at home, but…";"0006C230"
"2";"0005CB60";"汗かきなオバチャン";"Sweaty Auntie";"0006C238"
"2";"0005CB80";"ホラ！　そんなに慌てて食べないの
お腹こわしても知らないよ";"Hey! Slow down! If you eat it too fast and get
a stomachache, don't come crying to me.";"0006C240"
"2";"0005CBC0";"「$ciカキ氷器$cr」を渡しますか？";"";"0006C248"
"2";"0005CBE8";"渡す";"";"0006C250"
"2";"0005CBF0";"渡さない";"";"0006C258"
"2";"0005CC00";"汗かきなオバチャン";"Sweaty Auntie";"0006C260"
"2";"0005CC20";"えっ！　このカキ氷器くれるのかい？
悪いねえ　本当に助かるよ";"";"0006C268"
"2";"0005CC60";"汗かきなオバチャン";"Sweaty Auntie";"0006C270"
"2";"0005CC80";"これでウチの家計も少しは楽になるよ";"";"0006C278"
"2";"0005CCB0";"汗かきなオバチャン";"Sweaty Auntie";"0006C280"
"2";"0005CCD0";"カキ氷器が手に入ったら
ここには来なくなると思ってたんだけど…";"";"0006C288"
"2";"0005CD10";"汗かきなオバチャン";"Sweaty Auntie";"0006C290"
"2";"0005CD30";"外に出るともうダメなんだよ
この店にフラフラと足が向いちゃうんだよ";"";"0006C298"
"2";"0005CD80";"汗かきなオバチャン";"Sweaty Auntie";"0006C2A0"
"2";"0005CDA0";"家で涼しい思いをしてる分
我慢が効かなくなったのかねえ";"";"0006C2A8"
"2";"0005CDE0";"汗かきなオバチャン";"Sweaty Auntie";"0006C2B0"
"2";"0005CE00";"早く何の観察日記にするか
決めちゃいなさいよ";"";"0006C2B8"
"2";"0005CE30";"汗かきなオバチャン";"Sweaty Auntie";"0006C2C0"
"2";"0005CE50";"夏休みの終わりに手伝わされるのは
私は嫌だからね";"";"0006C2C8"
"2";"0005CE80";"汗かきなオバチャン";"Sweaty Auntie";"0006C2D0"
"2";"0005CEA0";"人形の観察日記なんて
今まで聞いたことがないよ";"";"0006C2D8"
"2";"0005CED0";"汗かきなオバチャン";"Sweaty Auntie";"0006C2E0"
"2";"0005CEF0";"ちゃんと先生に
受け取ってもらえるのかねえ？";"";"0006C2E8"
"2";"0005CF20";"$p";"$p";"0006C2F0"
"2";"0005CF30";"（カキ氷器か…）";"(A shaved ice machine, huh...)";"0006C2F8"
"2";"0005CF48";"甘味処の店員";"Sweet Shop Clerk";"0006C300"
"2";"0005CF60";"いらっしゃい　あら？";"Welcome. Oh?";"0006C308"
"2";"0005CF78";"甘味処の店員";"Sweet Shop Clerk";"0006C310"
"2";"0005CF90";"聞いたわよ　あなた大変だったらしいわね";"I heard about you. It sounds like you've been through a lot.";"0006C318"
"2";"0005CFB8";"甘味処の店員";"Sweet Shop Clerk";"0006C320"
"2";"0005CFD0";"私は最初からあなたは
犯人じゃないって思ってたのよ";"I knew from the beginning that you weren't the culprit.";"0006C328"
"2";"0005D008";"甘味処の店員";"Sweet Shop Clerk";"0006C330"
"2";"0005D020";"フフ　でもまさか
食い逃げはしないでしょうね？";"Hehe, but surely you wouldn't dine and dash, would you?";"0006C338"
"2";"0005D050";"甘味処の店員";"Sweet Shop Clerk";"0006C340"
"2";"0005D060";"いらっしゃい
フフ　まさか食い逃げはしないでしょうね？";"Welcome. You're not going to skip out
on the bill this time either, are you?";"0006C348"
"2";"0005D098";"甘味処の店員";"Sweet Shop Clerk";"0006C350"
"2";"0005D0B0";"フフ　また来てね";"Hehe, see you again.";"0006C358"
"2";"0005D0C8";"甘味処の店員";"Sweet Shop Clerk";"0006C360"
"2";"0005D0E0";"いらっしゃい
今日は何にするの？";"Welcome. What would you like today?";"0006C368"
"2";"0005D100";"釣り具屋のおやじ";"Fishing Tackle Shop Man";"0006C370"
"2";"0005D120";"いらっしゃい　…ん？";"Welcome... Hmm?";"0006C378"
"2";"0005D140";"釣り具屋のおやじ";"Fishing Tackle Shop Man";"0006C380"
"2";"0005D160";"…あんた確か　この前のパチンコ屋の事件で
警察に連れて行かれた人じゃないか？";"...Aren't you the person who was taken away by the
police for that pachinko parlor incident the other day?";"0006C388"
"2";"0005D1B0";"そうだ";"That's right.";"0006C390"
"2";"0005D1B8";"人違いだ";"You've got the wrong person.";"0006C398"
"2";"0005D1C8";"そうよ";"That's right.";"0006C3A0"
"2";"0005D1D0";"人違いでしょ";"You've got the wrong person, haven't you?";"0006C3A8"
"2";"0005D1E0";"釣り具屋のおやじ";"Fishing Tackle Shop Man";"0006C3B0"
"2";"0005D200";"やっぱりそうか…　話は聞いてるよ
大変だったな";"I thought so... I've heard about it. 
That must have been tough.";"0006C3B8"
"2";"0005D230";"釣り具屋のおやじ";"Fishing Tackle Shop Man";"0006C3C0"
"2";"0005D250";"あんた　そんなすぐバレる嘘は
つくもんじゃないぜ";"You shouldn't tell lies that are so easily exposed.";"0006C3C8"
"2";"0005D280";"釣り具屋のおやじ";"Fishing Tackle Shop Man";"0006C3D0"
"2";"0005D2A0";"もしあんたが無実だってんなら
こういう時こそ堂々としてるもんだ";"If you're really innocent, 
then this is exactly the time to be confident.";"0006C3D8"
"2";"0005D2E0";"釣り具屋のおやじ";"Fishing Tackle Shop Man";"0006C3E0"
"2";"0005D300";"で、今日は何の用だい？";"So, what brings you here today?";"0006C3E8"
"2";"0005D320";"釣り具を買いたい";"I want to buy fishing gear.";"0006C3F0"
"2";"0005D340";"釣った魚を売りたい";"I want to sell the fish I caught.";"0006C3F8"
"2";"0005D360";"釣り具屋のおやじ";"Fishing Tackle Shop Man";"0006C400"
"2";"0005D380";"今日は何の用だい？";"What can I do for you today?";"0006C408"
"2";"0005D398";"$p";"$p";"0006C410"
"2";"0005D3A0";"…そうだ";"...That's right.";"0006C418"
"2";"0005D3B0";"$p";"$p";"0006C420"
"2";"0005D3B8";"…人違いだろ";"...You've got the wrong person.";"0006C428"
"2";"0005D3C8";"$p";"$p";"0006C430"
"2";"0005D3D0";"そうよ";"That's right.";"0006C438"
"2";"0005D3D8";"$p";"$p";"0006C440"
"2";"0005D3E0";"人違いでしょ";"You've got the wrong person, haven't you?";"0006C448"
"2";"0005D3F0";"釣り具屋のおやじ";"Fishing Tackle Shop Man";"0006C450"
"2";"0005D410";"お！？　こりゃまた珍しい魚を
釣ってきたじゃねえか　どれどれ…";"";"0006C458"
"2";"0005D450";"釣り具屋のおやじ";"Fishing Tackle Shop Man";"0006C460"
"2";"0005D468";"まいど！";"Come again!";"0006C468"
"2";"0005D480";"釣り具屋のおやじ";"Fishing Tackle Shop Man";"0006C470"
"2";"0005D4A0";"実は、あんたに頼みがあるんだが
ちょっといいか？";"";"0006C478"
"2";"0005D4D0";"話を聞く";"";"0006C480"
"2";"0005D4E0";"話を聞かない";"";"0006C488"
"2";"0005D4F0";"$p";"$p";"0006C490"
"2";"0005D4F8";"何だい？";"";"0006C498"
"2";"0005D508";"$p";"$p";"0006C4A0"
"2";"0005D510";"悪いが俺は忙しいんだ";"";"0006C4A8"
"2";"0005D528";"$p";"$p";"0006C4B0"
"2";"0005D530";"何？";"";"0006C4B8"
"2";"0005D538";"$p";"$p";"0006C4C0"
"2";"0005D540";"悪いけど私は忙しいの";"";"0006C4C8"
"2";"0005D560";"釣り具屋のおやじ";"Fishing Tackle Shop Man";"0006C4D0"
"2";"0005D580";"最近、娘のカンナが
家に寄りつかなくて困ってんだ";"";"0006C4D8"
"2";"0005D5B0";"釣り具屋のおやじ";"Fishing Tackle Shop Man";"0006C4E0"
"2";"0005D5D0";"店の手伝いをするように言っても
全然聞きやしねえ";"";"0006C4E8"
"2";"0005D600";"釣り具屋のおやじ";"Fishing Tackle Shop Man";"0006C4F0"
"2";"0005D620";"遊びたい年頃なのは分かるが
少しは店を手伝ってもらわないとな";"";"0006C4F8"
"2";"0005D660";"釣り具屋のおやじ";"Fishing Tackle Shop Man";"0006C500"
"2";"0005D680";"悪いがあいつをどこかで見かけたら
店に来るように言ってくれねえか？";"";"0006C508"
"2";"0005D6D0";"「カンナを見かけたら伝えておく」と約束する";"";"0006C510"
"2";"0005D700";"「めんどくさいから」と断る";"";"0006C518"
"2";"0005D720";"釣り具屋のおやじ";"Fishing Tackle Shop Man";"0006C520"
"2";"0005D740";"そうか！
じゃあよろしく頼んだぜ";"";"0006C528"
"2";"0005D760";"釣り具屋のおやじ";"Fishing Tackle Shop Man";"0006C530"
"2";"0005D780";"そうか…　悪かったな";"";"0006C538"
"2";"0005D7A0";"カンナについて話す";"";"0006C540"
"2";"0005D7B8";"$p";"";"0006C548"
"2";"0005D7C0";"あんたの娘に店を手伝うように
伝えておいたよ";"";"0006C550"
"2";"0005D7F0";"$p";"";"0006C558"
"2";"0005D800";"カンナちゃんに店を手伝うように
伝えておいたわよ";"";"0006C560"
"2";"0005D830";"釣り具屋のおやじ";"";"0006C568"
"2";"0005D850";"そうか！　ありがとうよ
で、あいつは何だって？";"";"0006C570"
"2";"0005D880";"カンナは店を手伝いたがっている";"";"0006C578"
"2";"0005D8A0";"カンナは店を手伝うのを嫌がってる";"";"0006C580"
"2";"0005D8D0";"釣り具屋のおやじ";"";"0006C588"
"2";"0005D8F0";"そうか！　そりゃあ助かった！
あいつも少しは親孝行する気になったか";"";"0006C590"
"2";"0005D940";"釣り具屋のおやじ";"";"0006C598"
"2";"0005D960";"しかし、いつの間にそんな気になったんだ？
そんな素振りはまるでなかったけどな";"";"0006C5A0"
"2";"0005D9B0";"$p";"";"0006C5A8"
"2";"0005D9C0";"彼女は店を手伝う気はないってさ";"";"0006C5B0"
"2";"0005D9E0";"$p";"";"0006C5B8"
"2";"0005D9F0";"あの子は店を手伝う気はないって";"";"0006C5C0"
"2";"0005DA10";"釣り具屋のおやじ";"";"0006C5C8"
"2";"0005DA30";"何！？
あの野郎、どういうつもりだ！？";"";"0006C5D0"
"2";"0005DA60";"釣り具屋のおやじ";"";"0006C5D8"
"2";"0005DA80";"店を手伝うつもりが無いだと！？
カンナのヤツ、どういうつもりだ！？";"";"0006C5E0"
"2";"0005DAD0";"昔のことが原因で釣りを嫌ってるんだ";"";"0006C5E8"
"2";"0005DB00";"遊んでいる方が楽しいみたいだ";"";"0006C5F0"
"2";"0005DB20";"分からない";"";"0006C5F8"
"2";"0005DB30";"昔のことが原因で釣りを嫌ってるみたい";"";"0006C600"
"2";"0005DB60";"遊んでいる方が楽しいみたいよ";"";"0006C608"
"2";"0005DB80";"$p";"";"0006C610"
"2";"0005DB90";"昔、一度だけやった釣りが原因で
釣りが嫌いになったらしい";"";"0006C618"
"2";"0005DBC8";"$p";"";"0006C620"
"2";"0005DBD0";"昔、一度だけした釣りが原因で
釣りが嫌いになったみたい";"";"0006C628"
"2";"0005DC08";"$p";"";"0006C630"
"2";"0005DC10";"店の手伝いなんかより
遊んでる方が楽しいみたいだ";"";"0006C638"
"2";"0005DC40";"$p";"";"0006C640"
"2";"0005DC50";"さあ？　俺には分からないな";"";"0006C648"
"2";"0005DC70";"$p";"";"0006C650"
"2";"0005DC80";"店の手伝いなんかより
遊んでる方が楽しいみたいよ";"";"0006C658"
"2";"0005DCB0";"$p";"";"0006C660"
"2";"0005DCC0";"さあ？　私には分からないわ";"";"0006C668"
"2";"0005DCE0";"釣り具屋のおやじ";"";"0006C670"
"2";"0005DD00";"あいつ、そんな昔のこと
まだ気にしてたのか！";"";"0006C678"
"2";"0005DD30";"釣り具屋のおやじ";"";"0006C680"
"2";"0005DD50";"何年か前に急にあいつが釣りをしたいって
言い出したことがあったんだ";"";"0006C688"
"2";"0005DDA0";"釣り具屋のおやじ";"";"0006C690"
"2";"0005DDC0";"あいつも釣りに興味を持ったのかと思って
喜んで道具を貸してやったんだ";"";"0006C698"
"2";"0005DE10";"釣り具屋のおやじ";"";"0006C6A0"
"2";"0005DE30";"それが、しばらくして帰ってきたら
いもしねえ魚を釣ったって言い張るんだよ";"";"0006C6A8"
"2";"0005DE80";"釣り具屋のおやじ";"";"0006C6B0"
"2";"0005DEA0";"しかも、肝心の魚は海に放したって言うんだ
それで信用しろってのが無理な注文だぜ";"";"0006C6B8"
"2";"0005DEF0";"釣り具屋のおやじ";"";"0006C6C0"
"2";"0005DF10";"それで喧嘩になってな
その後、１週間口をきかなかったんだ";"";"0006C6C8"
"2";"0005DF50";"どうして釣ってないって言い切れるんだ？";"";"0006C6D0"
"2";"0005DF80";"きっと見栄を張りたかったんだよ";"";"0006C6D8"
"2";"0005DFA0";"あんた、ちょっと大人気ないよ";"";"0006C6E0"
"2";"0005DFC0";"どうして釣ってないって言い切れるの？";"";"0006C6E8"
"2";"0005DFF0";"きっと見栄を張りたかったのよ";"";"0006C6F0"
"2";"0005E010";"あなた、ちょっと大人気ないわよ";"";"0006C6F8"
"2";"0005E030";"$p";"";"0006C700"
"2";"0005E040";"どうして釣ってないって言い切れるんだ？
本当に逃がしてやったのかも知れないだろ";"";"0006C708"
"2";"0005E090";"釣り具屋のおやじ";"";"0006C710"
"2";"0005E0B0";"こちとら魚の専門家だぜ
つまらねえ嘘だってことはすぐに分かるさ";"";"0006C718"
"2";"0005E0F0";"$p";"";"0006C720"
"2";"0005E100";"きっと父親の前で見栄を張りたかったんだよ";"";"0006C728"
"2";"0005E130";"$p";"";"0006C730"
"2";"0005E140";"子供のついた嘘に
ちょっと大人気ないんじゃないか？";"";"0006C738"
"2";"0005E178";"$p";"";"0006C740"
"2";"0005E180";"どうして釣ってないって言い切れるの？
本当に逃がしてやったのかも知れないでしょ";"";"0006C748"
"2";"0005E1D0";"$p";"";"0006C750"
"2";"0005E1E0";"きっと父親の前で見栄を張りたかったのよ";"";"0006C758"
"2";"0005E208";"$p";"";"0006C760"
"2";"0005E210";"子供のついた嘘に
ちょっと大人気ないんじゃない？";"";"0006C768"
"2";"0005E240";"釣り具屋のおやじ";"";"0006C770"
"2";"0005E260";"確かにそうかもな
でも俺は釣りに関する嘘だけは許せねえんだ";"";"0006C778"
"2";"0005E2A0";"釣り具屋のおやじ";"";"0006C780"
"2";"0005E2C0";"だいたい、そんなの手伝いをしない
言い訳になりゃしねえよ";"";"0006C788"
"2";"0005E300";"釣り具屋のおやじ";"";"0006C790"
"2";"0005E320";"もともと、あいつがそんな嘘をつくのが
悪いんじゃねえか";"";"0006C798"
"2";"0005E360";"釣り具屋のおやじ";"";"0006C7A0"
"2";"0005E380";"遊んでる方が楽しいなんて
そんなの当たり前じゃねえか";"";"0006C7A8"
"2";"0005E3C0";"釣り具屋のおやじ";"";"0006C7B0"
"2";"0005E3E0";"そんなの言い訳にもなりゃしねえよ
今まで甘やかし過ぎたぜ";"";"0006C7B8"
"2";"0005E420";"釣り具屋のおやじ";"";"0006C7C0"
"2";"0005E440";"まったく何考えてんだ？
今まで甘やかし過ぎたぜ";"";"0006C7C8"
"2";"0005E470";"釣り具屋のおやじ";"";"0006C7D0"
"2";"0005E490";"あいつ、一体いつまで
昔のことを気にしてんだ";"";"0006C7D8"
"2";"0005E4C0";"釣り具屋のおやじ";"";"0006C7E0"
"2";"0005E4E0";"ん？　な、何だこりゃ！？
こんな魚見たこともねえぞ！？";"";"0006C7E8"
"2";"0005E520";"釣り具屋のおやじ";"";"0006C7F0"
"2";"0005E540";"し、しかも、カンナの言ってた魚に
瓜二つじゃねえか！？";"";"0006C7F8"
"2";"0005E580";"釣り具屋のおやじ";"";"0006C800"
"2";"0005E5A0";"し、信じられん…
あいつの話は本当だったのか…";"";"0006C808"
"2";"0005E5D0";"カンナの話を信じてやるべきだったな";"";"0006C810"
"2";"0005E600";"信じられなかったのも無理はないよ";"";"0006C818"
"2";"0005E630";"そこまで驚かなくても…";"";"0006C820"
"2";"0005E650";"釣りに詳しいと思い上がってたんだろ";"";"0006C828"
"2";"0005E680";"彼女の話を信じてあげるべきだったわね";"";"0006C830"
"2";"0005E6B0";"信じられなかったのも無理はないわ";"";"0006C838"
"2";"0005E6E0";"そこまで驚かなくても…";"";"0006C840"
"2";"0005E700";"釣りに詳しいと思い上がってたんでしょ？";"";"0006C848"
"2";"0005E728";"$p";"";"0006C850"
"2";"0005E730";"カンナの話を信じてやるべきだったな";"";"0006C858"
"2";"0005E760";"釣り具屋のおやじ";"";"0006C860"
"2";"0005E780";"ああ…
あいつは嘘なんてついてなかったんだな";"";"0006C868"
"2";"0005E7B0";"$p";"";"0006C870"
"2";"0005E7C0";"信じられなかったのも無理はないよ";"";"0006C878"
"2";"0005E7F0";"釣り具屋のおやじ";"";"0006C880"
"2";"0005E810";"だが、あいつは嘘なんて
ついてなかったんだ…";"";"0006C888"
"2";"0005E840";"$p";"";"0006C890"
"2";"0005E850";"そこまで驚かなくても…";"";"0006C898"
"2";"0005E870";"釣り具屋のおやじ";"";"0006C8A0"
"2";"0005E890";"そりゃ驚くさ！　俺の知らねえ魚が
まだ、この海にいたなんて…";"";"0006C8A8"
"2";"0005E8D0";"$p";"";"0006C8B0"
"2";"0005E8E0";"自分が釣り具屋だからって
ちょっと思い上がってたんじゃないか？";"";"0006C8B8"
"2";"0005E920";"$p";"";"0006C8C0"
"2";"0005E930";"カンナちゃんの話を
信じてあげるべきだったわね";"";"0006C8C8"
"2";"0005E960";"$p";"";"0006C8D0"
"2";"0005E970";"信じられなかったのも無理はないわ";"";"0006C8D8"
"2";"0005E998";"$p";"";"0006C8E0"
"2";"0005E9A0";"そこまで驚かなくても…";"";"0006C8E8"
"2";"0005E9B8";"$p";"";"0006C8F0"
"2";"0005E9C0";"自分が釣り具屋だからって
ちょっと思い上がってたんじゃないの？";"";"0006C8F8"
"2";"0005EA00";"釣り具屋のおやじ";"";"0006C900"
"2";"0005EA18";"す、すまねえ…";"";"0006C908"
"2";"0005EA30";"釣り具屋のおやじ";"";"0006C910"
"2";"0005EA50";"カンナには悪いことをしちまったな
後でちゃんと謝らねえとな";"";"0006C918"
"2";"0005EA90";"釣り具屋のおやじ";"";"0006C920"
"2";"0005EAB0";"それにしても、この魚は新種だぜ
釣り具屋の俺が言うんだ　間違いねえ";"";"0006C928"
"2";"0005EB00";"釣り具屋のおやじ";"";"0006C930"
"2";"0005EB20";"新種の魚には発見者の名前が
付けられるもんなんだ";"";"0006C938"
"2";"0005EB50";"釣り具屋のおやじ";"";"0006C940"
"2";"0005EB70";"本当はカンナの名前も付けてやりたいが
逃がしちまってるから、その権利がねえんだ";"";"0006C948"
"2";"0005EBC0";"釣り具屋のおやじ";"";"0006C950"
"2";"0005EBE0";"あんたの名前が「$ci$p$cr」だから
この魚の名前は「$ci$plウオ$cr」だな";"";"0006C958"
"2";"0005EC30";"釣り具屋のおやじ";"";"0006C960"
"2";"0005EC50";"もちろん記念に魚拓もとってやるよ
部屋の一番目立つ場所に飾ってくれよ";"";"0006C968"
"2";"0005ECA0";"釣り具屋のおやじ";"";"0006C970"
"2";"0005ECC0";"あんたは只者じゃねえと睨んでたが
俺の予想以上だったぜ";"";"0006C978"
"2";"0005ED00";"釣り具屋のおやじ";"";"0006C980"
"2";"0005ED20";"あんた　これでこの辺りの魚は
全部釣っちまったんじゃねえか？";"";"0006C988"
"2";"0005ED60";"釣り具屋のおやじ";"";"0006C990"
"2";"0005ED80";"俺も何年もこの商売をやってるが
あんた程の釣りの達人は初めてだぜ";"";"0006C998"
"2";"0005EDC0";"釣り具屋のおやじ";"";"0006C9A0"
"2";"0005EDE0";"こいつは俺からの記念のプレゼントだ
大事にしてくれよ";"";"0006C9A8"
"2";"0005EE20";"釣り具屋のおやじ";"";"0006C9B0"
"2";"0005EE40";"釣りについて分からないことがあったら
そこのお客さんに聞いてみな";"";"0006C9B8"
"2";"0005EE80";"釣り具屋のおやじ";"";"0006C9C0"
"2";"0005EEA0";"色々と教えてくれるはずだぜ";"";"0006C9C8"
"2";"0005EEC0";"釣り好きな男";"Fishing-Loving Man";"0006C9D0"
"2";"0005EED0";"あんた　釣りに興味はあるか？";"You! Are you interested in fishing?";"0006C9D8"
"2";"0005EEF0";"すごく興味がある";"Very interested.";"0006C9E0"
"2";"0005EF10";"まったく興味がない";"Not interested at all.";"0006C9E8"
"2";"0005EF28";"釣り好きな男";"Fishing-Loving Man";"0006C9F0"
"2";"0005EF40";"そうか！　今、確信したぜ
あんたは最近の事件の犯人じゃないってな";"Is that so! Now I'm convinced that you're
not the culprit behind that recent case.";"0006C9F8"
"2";"0005EF80";"釣り好きな男";"Fishing-Loving Man";"0006CA00"
"2";"0005EF90";"釣りが好きな人間に
悪いやつなんているはずないからな！";"Because there's no way someone who loves fishing
could be a bad person!";"0006CA08"
"2";"0005EFC8";"釣り好きな男";"Fishing-Loving Man";"0006CA10"
"2";"0005EFE0";"釣りについて聞きたいことがあるんなら
俺が何でも教えてやるよ";"If there's anything you want to know about fishing, 
I'll teach you everything.";"0006CA18"
"2";"0005F020";"釣りができる場所は？";"Where can I fish?";"0006CA20"
"2";"0005F040";"釣りに必要な道具は？";"What gear do I need to fish?";"0006CA28"
"2";"0005F060";"釣った魚はどうする？";"What do I do after I catch a fish?";"0006CA30"
"2";"0005F080";"知りたいことはない";"There's nothing I want to know.";"0006CA38"
"2";"0005F0A0";"釣りに役立つ情報を教えて";"Please give me some useful fishing tips.";"0006CA40"
"2";"0005F0C0";"釣り好きな男";"Fishing-Loving Man";"0006CA48"
"2";"0005F0D0";"この辺りには釣りができるポイントが
いくつかあるんだ";"There are several fishing spots around this area. ";"0006CA50"
"2";"0005F108";"釣り好きな男";"Fishing-Loving Man";"0006CA58"
"2";"0005F120";"この近くだと　そこの堤防を下りた所にある
$ci埠頭の先$c0で釣りができるぜ";"The closest one is right at $cithe end of the pier$c0, 
just down past the embankment.";"0006CA60"
"2";"0005F168";"釣り好きな男";"Fishing-Loving Man";"0006CA68"
"2";"0005F180";"もちろん　釣り具を持ってなきゃ
釣りはできないぜ";"Of course, if you don't have fishing gear with you,
then you can't fish.";"0006CA70"
"2";"0005F1B0";"釣り好きな男";"Fishing-Loving Man";"0006CA78"
"2";"0005F1C0";"他のポイントも　また今度教えてやるよ
自分で探してみるのもいいかもな";"I'll tell you about the other spots another time. 
You might want to try finding them yourself, too.";"0006CA80"
"2";"0005F208";"釣り好きな男";"Fishing-Loving Man";"0006CA88"
"2";"0005F220";"釣りをやるにはもちろん$ci釣竿$c0と$ci釣り餌$c0が必要だ";"To go fishing, you obviously need a $cifishing rod$c0 and a $cifishing bait$c0.";"0006CA90"
"2";"0005F258";"釣り好きな男";"Fishing-Loving Man";"0006CA98"
"2";"0005F270";"$ci釣竿$c0はやっぱりいい物を使った方が
よく釣れる気がするね";"Honestly, I feel that using a good $cifishing rod$c0 
really helps you catch more fish.";"0006CAA0"
"2";"0005F2B0";"釣り好きな男";"Fishing-Loving Man";"0006CAA8"
"2";"0005F2C0";"$ci釣り餌$c0にはいろんな種類があって
魚によって好きな$ci釣り餌$c0が違ってるんだ";"There are many kinds of $cifishing bait$c0, 
and different fish prefer $cidifferent baits$c0.";"0006CAB0"
"2";"0005F310";"釣り好きな男";"Fishing-Loving Man";"0006CAB8"
"2";"0005F320";"$ci釣り餌$c0は１回の釣りで使いきっちまうから
まとめて買っといたほうがいいだろう";"You'll use up all your $cibait$c0 in one fishing session, 
so it's better to buy it in bulk.";"0006CAC0"
"2";"0005F370";"釣り好きな男";"Fishing-Loving Man";"0006CAC8"
"2";"0005F380";"あとは$ciクーラーボックス$c0だな
こいつには釣った魚を入れておけるぜ";"Then there's the $cicooler box$c0;
you can store the caught fish in it.";"0006CAD0"
"2";"0005F3C8";"釣り好きな男";"Fishing-Loving Man";"0006CAD8"
"2";"0005F3E0";"ただし、入れておけるのは
各種類$ci９匹$c0ずつまでだからな";"However, you can only keep up to $cinine$c0 of each type.";"0006CAE0"
"2";"0005F420";"釣り好きな男";"Fishing-Loving Man";"0006CAE8"
"2";"0005F430";"最近の若えやつらは
釣りに全然見向きもしなくてよ";"Young people these days don't 
pay any attention to fishing at all.";"0006CAF0"
"2";"0005F460";"釣り好きな男";"Fishing-Loving Man";"0006CAF8"
"2";"0005F470";"あんたが釣りに興味があるって言ってくれて
嬉しかったんだ　遠慮せずに受け取ってくれ";"I was happy you said you're interested in fishing. 
Please take it without hesitation.";"0006CB00"
"2";"0005F4C8";"釣り好きな男";"Fishing-Loving Man";"0006CB08"
"2";"0005F4E0";"釣った魚はこの店で買い取ってくれるよ";"This shop will buy the fish you catch.";"0006CB10"
"2";"0005F508";"釣り好きな男";"Fishing-Loving Man";"0006CB18"
"2";"0005F520";"ついでに初めて釣ってきた$ci魚の名前$c0も
教えてくれるよ";"As a bonus, $cithe name of any fish$c0
you've caught will be identified for the first time.";"0006CB20"
"2";"0005F558";"釣り好きな男";"Fishing-Loving Man";"0006CB28"
"2";"0005F570";"記念に$ci魚拓$c0もとってくれるんだ";"And they'll also make a $cifish print$c0 for you as a keepsake.";"0006CB30"
"2";"0005F598";"釣り好きな男";"Fishing-Loving Man";"0006CB38"
"2";"0005F5B0";"そうかい…　じゃあ　釣りをやろうなんて
間違っても考えないでくれ";"I see.. Well then, don't even think about trying to fish,
even by mistake.";"0006CB40"
"2";"0005F5F0";"釣り好きな男";"Fishing-Loving Man";"0006CB48"
"2";"0005F600";"釣りに興味がない人間に釣られるなんて
魚の方もやり切れないだろうからよ";"If a fish is caught by someone with no interest in
fishing, the poor thing could live with the shame.";"0006CB50"
"2";"0005F650";"どうやって魚を釣るの？";"How do I catch fish?";"0006CB58"
"2";"0005F668";"釣り好きな男";"Fishing-Loving Man";"0006CB60"
"2";"0005F680";"どうせ、すぐに釣りを始めたいだろうから
俺の$ci釣り具一式$c0をおまえにやるよ";"Anyway, you probably want to start fishing soon, 
so I'll give you my set of $cifishing tools$c0.";"0006CB68"
"2";"0005F6D0";"釣り好きな男";"Fishing-Loving Man";"0006CB70"
"2";"0005F6E0";"それじゃあ頑張れよ
大物を釣ってくるのを楽しみにしてるぜ";"Kids these days don't give fishing the time of day.";"0006CB78"
"2";"0005F718";"釣り好きな男";"Fishing-Loving Man";"0006CB80"
"2";"0005F730";"釣りができるのは海だけとは限らねえよ";"";"0006CB88"
"2";"0005F758";"釣り好きな男";"Fishing-Loving Man";"0006CB90"
"2";"0005F770";"魚がいそうなポイントがあったら
どんどん調べてみな";"";"0006CB98"
"2";"0005F7A8";"釣り好きな男";"Fishing-Loving Man";"0006CBA0"
"2";"0005F7C0";"この店もいい釣り具を揃えているが
さすがに超大物を狙うのは難しいだろうな";"";"0006CBA8"
"2";"0005F808";"釣り好きな男";"Fishing-Loving Man";"0006CBB0"
"2";"0005F820";"あんたも超大物を狙うつもりがあるなら
まず専用の竿を探すところから始めないとな";"";"0006CBB8"
"2";"0005F870";"釣り好きな男";"Fishing-Loving Man";"0006CBC0"
"2";"0005F880";"ポイントによって釣れる魚は
ガラっと変わるぜ";"";"0006CBC8"
"2";"0005F8B0";"釣り好きな男";"Fishing-Loving Man";"0006CBD0"
"2";"0005F8C0";"中には特定のポイントでしか
釣れない魚も結構いる";"";"0006CBD8"
"2";"0005F8F0";"釣り好きな男";"Fishing-Loving Man";"0006CBE0"
"2";"0005F900";"ひとつのポイントでずっと釣ってても
釣りを極めることはできないんだ";"";"0006CBE8"
"2";"0005F948";"釣り好きな男";"Fishing-Loving Man";"0006CBF0"
"2";"0005F960";"$ci出玉町の港湾施設$crは、大抵の人間に取っちゃあ
用のない場所だが、俺たち釣り人は違う";"";"0006CBF8"
"2";"0005F9B8";"釣り好きな男";"Fishing-Loving Man";"0006CC00"
"2";"0005F9D0";"あそこには絶好の釣りポイントがあるんだ
あんたも今度行ってみな";"";"0006CC08"
"2";"0005FA10";"釣り好きな男";"Fishing-Loving Man";"0006CC10"
"2";"0005FA20";"本気で釣りを極めたいんなら
この町の中だけで満足してちゃあダメだ";"";"0006CC18"
"2";"0005FA60";"釣り好きな男";"Fishing-Loving Man";"0006CC20"
"2";"0005FA70";"この海の沖に$ciウミネコ島$crっていう
ちっぽけな島があるのさ";"";"0006CC28"
"2";"0005FAB0";"釣り好きな男";"Fishing-Loving Man";"0006CC30"
"2";"0005FAC0";"あの島は$ciデートスポット$crになってるが
あそこでしか釣れない魚もいるんだぜ";"";"0006CC38"
"2";"0005FB10";"釣り好きな男";"Fishing-Loving Man";"0006CC40"
"2";"0005FB20";"もし、あんたも島に行くことがあったら
$ci恋人$crなんて放っておいて釣りをすることだな";"";"0006CC48"
"2";"0005FB78";"釣り好きな男";"Fishing-Loving Man";"0006CC50"
"2";"0005FB90";"いい魚はいい釣り餌を好むもんだ
餌代をケチってたら大物は狙えねえぜ";"";"0006CC58"
"2";"0005FBD8";"釣り好きな男";"Fishing-Loving Man";"0006CC60"
"2";"0005FBF0";"この海には誰も釣ったことのない
幻の魚がいるんだぜ";"";"0006CC68"
"2";"0005FC28";"釣り好きな男";"Fishing-Loving Man";"0006CC70"
"2";"0005FC40";"何年か前に小さな女の子が一度だけ
釣ったことがあるって話もあるんだが…";"";"0006CC78"
"2";"0005FC88";"釣り好きな男";"Fishing-Loving Man";"0006CC80"
"2";"0005FCA0";"そんな魚はいやしないって言うやつも
多いんだが、俺はいるって信じてるんだ";"";"0006CC88"
"2";"0005FCE8";"釣り好きな男";"Fishing-Loving Man";"0006CC90"
"2";"0005FD00";"その時は釣った後に逃がしちまったらしい
本当ならもったいない話だよな";"";"0006CC98"
"2";"0005FD48";"釣り好きな男";"Fishing-Loving Man";"0006CCA0"
"2";"0005FD60";"あんた、スゴイ釣り人になったもんだ
俺が教えることなんてもう何もないよ";"";"0006CCA8"
"2";"0005FDA8";"釣り好きな男";"Fishing-Loving Man";"0006CCB0"
"2";"0005FDC0";"俺が説明するより実際に一度釣りを
やってみた方が話が早いと思うぜ";"I think it'll be quicker if you actually try fishing 
yourself once rather than having me explain it.";"0006CCB8"
"2";"0005FE00";"釣り好きな男";"Fishing-Loving Man";"0006CCC0"
"2";"0005FE10";"「$ciタイミングを合わせてボタンを押す$cr」
これさえ覚えておけば大丈夫だ";"""$ciPress the button at the right time$cr.""
Just remember this and you'll be fine.";"0006CCC8"
"2";"0005FE58";"釣り好きな男";"Fishing-Loving Man";"0006CCD0"
"2";"0005FE70";"最初はなかなか狙い通りの魚は
釣れないだろうが、そこは練習あるのみだな";"At first, you might not catch the fish you're aiming for,
but that's where practice comes in.";"0006CCD8"
"2";"0005FEB8";"定食屋のおやじ";"Diner Owner";"0006CCE0"
"2";"0005FED0";"いらっしゃい！
今日も暑いねえ";"Welcome! Another scorching hot day today, huh?";"0006CCE8"
"2";"0005FEF0";"定食屋のおやじ";"Diner Owner";"0006CCF0"
"2";"0005FF00";"ありがとうね！
また来てくださいよ！";"Thank you! Please come again!";"0006CCF8"
"2";"0005FF28";"定食屋のおやじ";"Diner Owner";"0006CD00"
"2";"0005FF40";"今日は大忙しだよ！
ようやく俺の腕が認められたんだ！";"";"0006CD08"
"2";"0005FF78";"定食屋のおやじ";"Diner Owner";"0006CD10"
"2";"0005FF90";"ありがとよ！
ああ忙しい忙しい";"";"0006CD18"
"2";"0005FFB0";"定食屋のおやじ";"Diner Owner";"0006CD20"
"2";"0005FFC0";"言っておくが値上げしたよ
まあ、それでも安いと思うがね";"";"0006CD28"
"2";"0005FFF8";"定食屋のおやじ";"Diner Owner";"0006CD30"
"2";"00060010";"今までが安すぎたんだ
本来の値段になったまでさ";"";"0006CD38"
"2";"00060040";"定食屋のおやじ";"Diner Owner";"0006CD40"
"2";"00060050";"か、かあちゃんは騒ぎ過ぎだぜ！";"";"0006CD48"
"2";"00060070";"定食屋のおやじ";"Diner Owner";"0006CD50"
"2";"00060080";"な、なあに　すぐに客で溢れかえるさ";"";"0006CD58"
"2";"000600A8";"定食屋のおやじ";"Diner Owner";"0006CD60"
"2";"000600C0";"ま、また来てくれよ
頼んだぜ！";"";"0006CD68"
"2";"000600E0";"定食屋のおやじ";"Diner Owner";"0006CD70"
"2";"000600F0";"あ、いらっしゃい…";"";"0006CD78"
"2";"00060108";"定食屋のおやじ";"Diner Owner";"0006CD80"
"2";"00060118";"はあ…";"Sigh...";"0006CD88"
"2";"00060120";"料理を注文する";"Order food";"0006CD90"
"2";"00060130";"20年来の常連客が言っていた言葉を伝える";"Tell him what the 20-year regular customer said";"0006CD98"
"2";"00060160";"おやじに質問する";"Ask the old man a question";"0006CDA0"
"2";"00060178";"$p";"$p";"0006CDA8"
"2";"00060180";"料理は食べてくれる人がいて
初めて完成する…";"";"0006CDB0"
"2";"000601B0";"定食屋のおやじ";"Diner Owner";"0006CDB8"
"2";"000601C0";"！？
あ、あんた！　その言葉を誰から！？";"";"0006CDC0"
"2";"000601E8";"自分で考えた";"";"0006CDC8"
"2";"00060200";"20年来の常連客から聞いた";"";"0006CDD0"
"2";"00060220";"定食屋の主人から聞いた";"";"0006CDD8"
"2";"00060238";"天の声を聞いた";"";"0006CDE0"
"2";"00060248";"$p";"";"0006CDE8"
"2";"00060250";"俺が自分で考えたんだ";"";"0006CDF0"
"2";"00060268";"$p";"";"0006CDF8"
"2";"00060270";"この店の常連客の男から聞いたんだ";"";"0006CE00"
"2";"00060298";"$p";"";"0006CE08"
"2";"000602A0";"あんたから聞いたんだ";"";"0006CE10"
"2";"000602B8";"$p";"";"0006CE18"
"2";"000602C0";"今朝目覚めと共にに天の声を聞いたんだ";"";"0006CE20"
"2";"000602E8";"$p";"";"0006CE28"
"2";"000602F0";"私が自分で考えたのよ";"";"0006CE30"
"2";"00060308";"$p";"";"0006CE38"
"2";"00060310";"この店の常連客の男の人から聞いたの";"";"0006CE40"
"2";"00060338";"$p";"";"0006CE48"
"2";"00060340";"あなたから聞いたのよ";"";"0006CE50"
"2";"00060358";"$p";"";"0006CE58"
"2";"00060360";"今朝目覚めと共に天の声を聞いたの";"";"0006CE60"
"2";"00060388";"定食屋のおやじ";"";"0006CE68"
"2";"000603A0";"そ、そうか…　偶然だね
同じ言葉を俺も知ってるよ…";"";"0006CE70"
"2";"000603D8";"定食屋のおやじ";"";"0006CE78"
"2";"000603F0";"あいつから！？
そうか…　あいつが…";"";"0006CE80"
"2";"00060418";"定食屋のおやじ";"";"0006CE88"
"2";"00060430";"俺が自分で！？
そんなこともあったのか…";"";"0006CE90"
"2";"00060458";"定食屋のおやじ";"";"0006CE98"
"2";"00060470";"…昔ね、一緒に料理人を目指していた
男がいたんだよ";"";"0006CEA0"
"2";"000604A8";"定食屋のおやじ";"";"0006CEA8"
"2";"000604C0";"そいつは才能があって
周りからも期待されてたんだ";"";"0006CEB0"
"2";"000604F0";"定食屋のおやじ";"";"0006CEB8"
"2";"00060500";"俺もそいつに追いつきたいって
ずっと目標にしてた男だったんだよ";"";"0006CEC0"
"2";"00060540";"定食屋のおやじ";"";"0006CEC8"
"2";"00060550";"だからかな？　あいつのことを思い出すと
鍋を振るあいつの後姿がいつも浮かぶよ";"";"0006CED0"
"2";"000605A0";"定食屋のおやじ";"";"0006CED8"
"2";"000605B0";"さっきの言葉
そいつの口癖だったんだ…";"";"0006CEE0"
"2";"000605D8";"定食屋のおやじ";"";"0006CEE8"
"2";"000605F0";"それを忘れた料理人は、どんなに腕が良くても
もう料理人を名乗る資格はない";"";"0006CEF0"
"2";"00060638";"定食屋のおやじ";"";"0006CEF8"
"2";"00060650";"あいつはそう言ってたんだ…";"";"0006CF00"
"2";"00060670";"これからどうするんだ？";"";"0006CF08"
"2";"00060690";"これからどうするの？";"";"0006CF10"
"2";"000606B0";"今、その料理人は？";"";"0006CF18"
"2";"000606C8";"そっとしておく";"";"0006CF20"
"2";"000606D8";"定食屋のおやじ";"";"0006CF28"
"2";"000606F0";"もう手遅れかもしれないが
また一から出直してみるよ";"";"0006CF30"
"2";"00060728";"定食屋のおやじ";"";"0006CF38"
"2";"00060740";"俺はさっきの言葉をずっと忘れていた";"";"0006CF40"
"2";"00060768";"定食屋のおやじ";"";"0006CF48"
"2";"00060780";"俺は少し料理を誉められたくらいで
いい気になっちゃいけなかったんだ";"";"0006CF50"
"2";"000607C8";"定食屋のおやじ";"";"0006CF58"
"2";"000607E0";"お客に食べさせてやってたわけじゃない
食べに来てもらってたんだからね…";"";"0006CF60"
"2";"00060828";"定食屋のおやじ";"";"0006CF68"
"2";"00060840";"今はもう料理はやっていない
正確には料理人になれなかったんだよ";"";"0006CF70"
"2";"00060880";"定食屋のおやじ";"";"0006CF78"
"2";"00060890";"実家の都合でね
どうしても諦めらなきゃいけなかったのさ";"";"0006CF80"
"2";"000608C8";"定食屋のおやじ";"";"0006CF88"
"2";"000608E0";"仕切り直しだと思って店を開けたんだが
朝から誰も来やしないんだよ";"";"0006CF90"
"2";"00060920";"定食屋のおやじ";"";"0006CF98"
"2";"00060930";"俺は相当お客さんを怒らしちゃったんだな…";"";"0006CFA0"
"2";"00060960";"定食屋のおやじ";"";"0006CFA8"
"2";"00060970";"だけど、美味しい料理を作り続ければ
お客さんが戻ってきてくれるって信じてるよ";"";"0006CFB0"
"2";"000609C0";"定食屋のおやじ";"";"0006CFB8"
"2";"000609D0";"おっ！　いらっしゃ…";"";"0006CFC0"
"2";"000609E8";"定食屋のおやじ";"";"0006CFC8"
"2";"000609F8";"マ、マサ…";"";"0006CFD0"
"2";"00060A08";"定食屋のおやじ";"";"0006CFD8"
"2";"00060A20";"す、すまねえマサ
俺はお前の言葉を…";"";"0006CFE0"
"2";"00060A48";"20年来の常連客";"";"0006CFE8"
"2";"00060A60";"アジフライ定食を頼む";"";"0006CFF0"
"2";"00060A78";"定食屋のおやじ";"";"0006CFF8"
"2";"00060A88";"マ、マサ？";"";"0006D000"
"2";"00060A98";"20年来の常連客";"";"0006D008"
"2";"00060AB0";"営業中なんだろ？
ならアジフライ定食をお願いするよ";"";"0006D010"
"2";"00060AE8";"20年来の常連客";"";"0006D018"
"2";"00060B00";"お前の言いたいことは分かる
だけど料理人なら料理で語るもんだぜ";"";"0006D020"
"2";"00060B40";"定食屋のおやじ";"";"0006D028"
"2";"00060B50";"あ、ありがとよ　マサ！";"";"0006D030"
"2";"00060B70";"定食屋のおばちゃん";"";"0006D038"
"2";"00060B90";"あんた！　アジフライ定食一丁！";"";"0006D040"
"2";"00060BB0";"定食屋のおやじ";"";"0006D048"
"2";"00060BC0";"あいよ！！";"";"0006D050"
"2";"00060BD0";"定食屋のおやじ";"";"0006D058"
"2";"00060BE0";"………";".........";"0006D060"
"2";"00060BE8";"定食屋のおやじ";"";"0006D068"
"2";"00060BF8";"あっ！！";"";"0006D070"
"2";"00060C08";"定食屋のおやじ";"";"0006D078"
"2";"00060C20";"へへっ　鍋を持つ手がにじんで見えるや
あんたは何にします？";"";"0006D080"
"2";"00060C60";"定食屋のおやじ";"";"0006D088"
"2";"00060C70";"いらっしゃい！
何にします？";"";"0006D090"
"2";"00060C90";"定食屋のおやじ";"";"0006D098"
"2";"00060CA0";"料理は食べてくれる人がいて
初めて完成する…";"";"0006D0A0"
"2";"00060CD0";"定食屋のおやじ";"";"0006D0A8"
"2";"00060CE0";"そんな言葉…
ずっと忘れてたよ…";"";"0006D0B0"
"2";"00060D00";"定食屋のおばちゃん";"Diner Lady";"0006D0B8"
"2";"00060D20";"いらっしゃい
ゆっくりしてっとくれよ";"Come on in! Make yourself at home.";"0006D0C0"
"2";"00060D50";"定食屋のおばちゃん";"";"0006D0C8"
"2";"00060D70";"ああ…　忙しくて目が回るよ";"";"0006D0D0"
"2";"00060D90";"定食屋のおばちゃん";"";"0006D0D8"
"2";"00060DB0";"この前、食通の渡会さんて人がウチに来て
随分、料理を誉めてくれたんだよ";"";"0006D0E0"
"2";"00060E00";"定食屋のおばちゃん";"";"0006D0E8"
"2";"00060E20";"その噂が広がったらしくてね
みんな現金だねえ";"";"0006D0F0"
"2";"00060E50";"定食屋のおばちゃん";"";"0006D0F8"
"2";"00060E70";"値上げなんて私は嫌だったんだけど
主人がどうしてもって言うんだよ";"";"0006D100"
"2";"00060EB0";"定食屋のおばちゃん";"";"0006D108"
"2";"00060ED0";"本当に大丈夫かねえ？
ちょっと調子に乗り過ぎな気がするよ";"";"0006D110"
"2";"00060F10";"定食屋のおばちゃん";"";"0006D118"
"2";"00060F30";"た、大変だよ！
お客さんが誰も来ないんだよ！";"";"0006D120"
"2";"00060F60";"定食屋のおばちゃん";"";"0006D128"
"2";"00060F80";"やっぱり値上げはやり過ぎだったんだ！
お客さんを怒らせちゃったんだよ！";"";"0006D130"
"2";"00060FD0";"定食屋のおばちゃん";"";"0006D138"
"2";"00060FF0";"値段を元に戻したのに
全然、お客さんが来ないんだよ…";"";"0006D140"
"2";"00061030";"定食屋のおばちゃん";"";"0006D148"
"2";"00061050";"あっ！
…いらっしゃい";"";"0006D150"
"2";"00061068";"小食な男";"";"0006D158"
"2";"00061080";"すごいご飯の量だ！
こんなにたくさん食べきれるかなあ？";"";"0006D160"
"2";"000610B8";"小食な男";"";"0006D168"
"2";"000610D0";"今日は全部食べれましたけど
何だか前より量が少なくなった気が…";"";"0006D170"
"2";"00061110";"よく日に焼けた男";"Sun-Tanned Man";"0006D178"
"2";"00061130";"この店の料理は量も多くて、栄養満点
何より安いってのがいいよな";"The portions here are huge, it's packed with nutrients,
and best of all, it's cheap.";"0006D180"
"2";"00061170";"よく日に焼けた男";"Sun-Tanned Man";"0006D188"
"2";"00061190";"俺みたいな体が資本の男にとっちゃあ
最高の料理さ";"For a guy like me, whose body is my livelihood,
this is the perfect meal.";"0006D190"
"2";"000611C0";"よく日に焼けた男";"Sun-Tanned Man";"0006D198"
"2";"000611E0";"お好み焼き屋の前のふたり
いつ見ても噂話してるな";"";"0006D1A0"
"2";"00061210";"よく日に焼けた男";"Sun-Tanned Man";"0006D1A8"
"2";"00061230";"毎日あれで、よく飽きねえよな";"";"0006D1B0"
"2";"00061250";"よく日に焼けた男";"Sun-Tanned Man";"0006D1B8"
"2";"00061270";"今日はやけに客が多いな？";"";"0006D1C0"
"2";"00061290";"よく日に焼けた男";"Sun-Tanned Man";"0006D1C8"
"2";"000612B0";"おいおい！　この値段でこの量か！？
これじゃあ　この後、仕事にならねえよ";"";"0006D1D0"
"2";"00061300";"よく日に焼けた男";"Sun-Tanned Man";"0006D1D8"
"2";"00061320";"おっ！　今日も大盛りだな
やっぱりこの店はこうでなくちゃよ";"";"0006D1E0"
"2";"00061360";"育ち盛りの少年";"Growing Boy";"0006D1E8"
"2";"00061370";"い〜っぱい食べて
早く大きくなるんだ！";"Gonna eat lots and grow up big and fast!";"0006D1F0"
"2";"00061398";"育ち盛りの少年";"Growing Boy";"0006D1F8"
"2";"000613B0";"変なの！
別に急に味が変わった訳じゃないのに";"";"0006D200"
"2";"000613E0";"育ち盛りの少年";"Growing Boy";"0006D208"
"2";"000613F0";"こんな量じゃ
全然大きくなれないよ！";"";"0006D210"
"2";"00061418";"育ち盛りの少年";"Growing Boy";"0006D218"
"2";"00061430";"よ〜し！
今日も食べるぞ〜";"";"0006D220"
"2";"00061450";"孫を見守るおばあちゃん";"Doting Grandma";"0006D228"
"2";"00061470";"ホラホラ　行儀が悪いねえ
ご飯粒こぼしてるよ";"Now, now, mind your manners.
You're spilling rice grains all over the place.";"0006D230"
"2";"000614A0";"孫を見守るおばあちゃん";"Doting Grandma";"0006D238"
"2";"000614C0";"ありがたい料理なんだから
ゆっくり味わって食べるんだよ";"";"0006D240"
"2";"00061500";"孫を見守るおばあちゃん";"Doting Grandma";"0006D248"
"2";"00061520";"何だか前より美味しくなくなった
気がするねえ…";"";"0006D250"
"2";"00061550";"孫を見守るおばあちゃん";"Doting Grandma";"0006D258"
"2";"00061570";"ちゃんとよく噛んで食べるんだよ
アゴが丈夫になるからね";"";"0006D260"
"2";"000615A8";"新顔の客";"";"0006D268"
"2";"000615C0";"俺はずうぅぅぅぅぅぅぅぅっと前から
この店は違うって思ってたぜ";"";"0006D270"
"2";"00061600";"新顔の客";"";"0006D278"
"2";"00061610";"こ、これくらいの値段は当然だよな！
………多分";"";"0006D280"
"2";"00061640";"噂に踊らされるおばちゃん";"";"0006D288"
"2";"00061660";"この店、雑誌で紹介されたんだってね！？
それにテレビも来たんだろ！？";"";"0006D290"
"2";"000616B0";"噂に踊らされるおばちゃん";"";"0006D298"
"2";"000616D0";"それに店の主人には海外から声がかかってて
奥さんは芸能界デビューしたって聞いたよ！";"";"0006D2A0"
"2";"00061730";"噂に踊らされるおばちゃん";"";"0006D2A8"
"2";"00061750";"そう言えばホルモン屋にも
テレビが来たって聞いたねえ…";"";"0006D2B0"
"2";"00061788";"20年来の常連客";"20-Year Regular Customer";"0006D2B8"
"2";"000617A0";"この店のおやじ
ああ見えて料理の腕は確かだぜ";"Don't let the old man's looks fool you,
he's the real master in the kitchen.";"0006D2C0"
"2";"000617D0";"20年来の常連客";"20-Year Regular Customer";"0006D2C8"
"2";"000617E0";"俺はあのおやじの腕なら
どこに出ても通用すると思ってるんだ";"I think his cooking skills could hold up anywhere he went.";"0006D2D0"
"2";"00061820";"20年来の常連客";"20-Year Regular Customer";"0006D2D8"
"2";"00061830";"隣の野郎　知った風なこと
ぬかしやがって…";"";"0006D2E0"
"2";"00061860";"20年来の常連客";"20-Year Regular Customer";"0006D2E8"
"2";"00061870";"確かに美味い…
美味いが…";"";"0006D2F0"
"2";"00061890";"20年来の常連客";"20-Year Regular Customer";"0006D2F8"
"2";"000618A0";"………";".........";"0006D300"
"2";"000618B0";"料理に箸もつけていない";"";"0006D308"
"2";"000618C8";"20年来の常連客";"20-Year Regular Customer";"0006D310"
"2";"000618E0";"うん　美味い！
やっぱりここのアジフライは最高だな";"";"0006D318"
"2";"00061918";"20年来の常連客";"20-Year Regular Customer";"0006D320"
"2";"00061930";"気に入らん男だが
あの渡会って食通、舌だけは確かだぜ";"";"0006D328"
"2";"00061968";"20年来の常連客";"20-Year Regular Customer";"0006D330"
"2";"00061980";"許せんヤツだったが
あの岩田って男、舌だけは確かだったぜ";"";"0006D338"
"2";"000619B8";"20年来の常連客";"20-Year Regular Customer";"0006D340"
"2";"000619D0";"あの男が言ってたんだ　「評判さえ広がれば
この店には客が集まる」ってな";"";"0006D348"
"2";"00061A18";"20年来の常連客";"20-Year Regular Customer";"0006D350"
"2";"00061A30";"確かにそうだろう
この店のおやじの腕は一流だよ";"";"0006D358"
"2";"00061A60";"男が海を眺めてたたずんでいる…";"A man stands gazing out at the sea...";"0006D360"
"2";"00061A80";"何をしているのか聞く";"Ask what he's doing";"0006D368"
"2";"00061AA0";"そんな所にいると危ないと注意する";"Warn him that it's dangerous to be there";"0006D370"
"2";"00061AC8";"驚かす";"Startle him";"0006D378"
"2";"00061AD0";"放っておく";"Leave him alone";"0006D380"
"2";"00061AE0";"$p";"$p";"0006D388"
"2";"00061AF0";"そんな所で何をしてるんだ？";"What are you doing there?";"0006D390"
"2";"00061B10";"$p";"$p";"0006D398"
"2";"00061B20";"そんな所で何をしてるの？";"What are you doing out there?";"0006D3A0"
"2";"00061B40";"$p";"$p";"0006D3A8"
"2";"00061B50";"そんな所にいると危ないぞ";"It's dangerous to stay there.";"0006D3B0"
"2";"00061B70";"$p";"$p";"0006D3B8"
"2";"00061B80";"そんな所にいると危ないわよ";"It's not safe to be out there.";"0006D3C0"
"2";"00061BA0";"$p";"$p";"0006D3C8"
"2";"00061BA8";"わっ！！";"Whoa!!";"0006D3D0"
"2";"00061BC0";"海辺にたたずむ男";"";"0006D3D8"
"2";"00061BE0";"うおっ！？
お、驚かすなよ";"";"0006D3E0"
"2";"00061C00";"海辺にたたずむ男";"";"0006D3E8"
"2";"00061C20";"ちょっと考え事をしてたんだ";"";"0006D3F0"
"2";"00061C40";"海辺にたたずむ男";"";"0006D3F8"
"2";"00061C60";"最近、知り合いが自分を見失っるみたいで
どうしたもんかと思ってな";"";"0006D400"
"2";"00061CA0";"海辺にたたずむ男";"";"0006D408"
"2";"00061CC0";"だけど、今更俺なんかに
とやかく言われたくないんだろうな";"";"0006D410"
"2";"00061D00";"海辺にたたずむ男";"";"0006D418"
"2";"00061D20";"料理は食べてくれる人がいて
初めて完成する…";"";"0006D420"
"2";"00061D50";"海辺にたたずむ男";"";"0006D428"
"2";"00061D70";"もうあいつは忘れちまったかな…";"";"0006D430"
"2";"00061D90";"会計を待つ男";"";"0006D438"
"2";"00061DA0";"おばちゃん
早くお会計頼むよ";"";"0006D440"
"2";"00061DC0";"会計を待つ男";"";"0006D448"
"2";"00061DD0";"こんなにするの！？
何かの間違いだろ！？";"";"0006D450"
"2";"00061DF8";"めぐみママ";"Mama Megumi";"0006D458"
"2";"00061E10";"あ〜ら　いらっしゃい";"Well now, welcome.";"0006D460"
"2";"00061E28";"注文する";"Order";"0006D468"
"2";"00061E40";"ミヨちゃんについて聞く";"Ask about Miyo";"0006D470"
"2";"00061E58";"話をする";"Talk";"0006D478"
"2";"00061E68";"めぐみママ";"Mama Megumi";"0006D480"
"2";"00061E80";"まあまあ　まずは１杯飲んだらどうなんだい？
話はそれからだよ";"Now, now. Why not have a drink first?
We can talk after that.";"0006D488"
"2";"00061EC0";"それじゃあ１杯もらうよ";"Then I’ll have a drink";"0006D490"
"2";"00061EE0";"マスター　いつもの頼むよ";"Boss, I’ll have the usual";"0006D498"
"2";"00061F00";"酒はやらないんだ";"I don't drink";"0006D4A0"
"2";"00061F20";"それじゃあ１杯もらうわ";"All right, I’ll have one.";"0006D4A8"
"2";"00061F40";"マスター　いつもの頼むわ";"Hey, Boss, the usual.";"0006D4B0"
"2";"00061F60";"お酒は飲まないの";"Sorry, but I don't drink.";"0006D4B8"
"2";"00061F78";"めぐみママ";"Mama Megumi";"0006D4C0"
"2";"00061F90";"あんた　こっちに来たのがつい最近だろ？
それに　あたしは『ママ』で通ってんだよ";"You only just got here, didn't you?
And I go by ""Mama,"" not ""Boss.""";"0006D4C8"
"2";"00061FE0";"めぐみママ";"Mama Megumi";"0006D4D0"
"2";"00061FF0";"フン！　冷やかしかい";"Hmph! You're just here to waste my time, aren't you?";"0006D4D8"
"2";"00062008";"めぐみママ";"Mama Megumi";"0006D4E0"
"2";"00062020";"ウチは飲み屋なんだよ
飲む気が無いんなら帰っとくれ";"This is a drinking place.
If you're not here to drink, then go home.";"0006D4E8"
"2";"00062058";"めぐみママ";"Mama Megumi";"0006D4F0"
"2";"00062070";"何の話が聞きたいんだい？";"So, what do you want to ask about?";"0006D4F8"
"2";"00062090";"ミヨちゃんについて";"Ask about Miyo";"0006D500"
"2";"000620A8";"この町について";"Ask about this town";"0006D508"
"2";"000620C0";"旦那さんとの馴れ初めについて";"Ask about how she met her husband";"0006D510"
"2";"000620E0";"聞きたいことはない";"There's nothing I want to ask";"0006D518"
"2";"000620F8";"めぐみママ";"Mama Megumi";"0006D520"
"2";"00062110";"ミヨのこと？
…あんた　娘とはどういう関係なんだい？";"Miyo?
…What relationship do you have with my daughter?";"0006D528"
"2";"00062150";"自分の無実を証明してくれる証人";"A witness who can prove my innocence";"0006D530"
"2";"00062170";"ただならぬ関係";"We have a special relationship";"0006D538"
"2";"00062180";"生き別れの兄妹";"She's my long-lost sister";"0006D540"
"2";"00062190";"宿命の恋敵";"A fated rival in love";"0006D548"
"2";"000621A0";"生き別れの姉妹";"We're long-lost sisters";"0006D550"
"2";"000621B0";"めぐみママ";"Mama Megumi";"0006D558"
"2";"000621C0";"そうかい…　
あんたが噂のよそ者だったのかい";"I see...
So you're that outsider everyone's been talking about.";"0006D560"
"2";"000621F0";"めぐみママ";"Mama Megumi";"0006D568"
"2";"00062200";"確かにあの日は
ミヨがタバコ屋の店番をしてたんだっけねえ";"Certainly, on that day,
Miyo was minding the tobacco shop, wasn't she?";"0006D570"
"2";"00062238";"めぐみママ";"Mama Megumi";"0006D578"
"2";"00062250";"だけど　ちょうど入れ違いになったねえ
あの子　ついさっきまで来てたんだよ";"But you just missed her.
She was here until a moment ago.";"0006D580"
"2";"00062298";"めぐみママ";"Mama Megumi";"0006D588"
"2";"000622B0";"これから　ご飯食べに行くって
帰り際に言ってたよ";"As she left, she said she was going out to eat.";"0006D590"
"2";"000622E0";"めぐみママ";"Mama Megumi";"0006D598"
"2";"000622F0";"どこに食べに行くかまでは
聞いてないんだよ　すまないね";"I didn’t ask where she was going, though.
Sorry about that.";"0006D5A0"
"2";"00062328";"めぐみママ";"Mama Megumi";"0006D5A8"
"2";"00062340";"そうかい…　まだまだ子供だと思ってたけど
あの子も　もうそんな年頃なんだねえ";"Is that so... I still thought of her as a child,
but I suppose she's at that age now, huh.";"0006D5B0"
"2";"00062390";"めぐみママ";"Mama Megumi";"0006D5B8"
"2";"000623A0";"あたしが気づかないうちに
ずいぶん大人になってたんだ…";"She's grown up so much without me even noticing...";"0006D5C0"
"2";"000623D8";"めぐみママ";"Mama Megumi";"0006D5C8"
"2";"000623F0";"あれ？　やだねえ　嬉しいことの筈なのに
なんで涙なんか溢れちまうんだろう？";"Huh? Oh dear... this should be happy news,
so why are my tears welling up?";"0006D5D0"
"2";"00062440";"めぐみママ";"Mama Megumi";"0006D5D8"
"2";"00062450";"あんたとかい！？
あの子も立派になったもんだねえ";"With you, huh!?
That girl has really grown up, hasn't she?";"0006D5E0"
"2";"00062480";"めぐみママ";"Mama Megumi";"0006D5E8"
"2";"00062490";"あんたみたいな大人の女とやり合うなんて
あの子も大したもんだよ";"For her to go up against a grown woman like you,
she's quite something else.";"0006D5F0"
"2";"000624D0";"めぐみママ";"Mama Megumi";"0006D5F8"
"2";"000624E0";"きっとあたしに似たんだろうねえ
あたしも若いころはそりゃあ凄かったのよ";"She must take after me.
I was really something in my younger days, too.";"0006D600"
"2";"00062528";"めぐみママ";"Mama Megumi";"0006D608"
"2";"00062540";"え！　どういうことだい！　まさかあんた…
亭主が余所の女に産ませた子かい！";"What?! What do you mean? Don’t tell me…
you're the child my husband had with another woman!";"0006D610"
"2";"00062590";"めぐみママ";"Mama Megumi";"0006D618"
"2";"000625A0";"あのろくでなし！
帰ったらタダじゃおかないよ！";"That good-for-nothing!
I won’t let him get away with this when he gets home!";"0006D620"
"2";"000625D0";"めぐみママ";"Mama Megumi";"0006D628"
"2";"000625E0";"……………でも　あんたに罪はないんだよね
…いいよ　ミヨに会うのは構わないよ";"...But, it's not your fault.
...It's fine, I don't mind you seeing Miyo.";"0006D630"
"2";"00062630";"めぐみママ";"Mama Megumi";"0006D638"
"2";"00062640";"最近　この町の住民をを立ち退かせて
ここら一帯を取り壊そうって話があるんだよ";"Lately, there’s been talk of evicting the
residents and tearing down this whole area.";"0006D640"
"2";"00062690";"めぐみママ";"Mama Megumi";"0006D648"
"2";"000626A0";"再開発だか何だか知らないけど
あたしたちには絶対に受け入れられない話さ";"I don’t know if it’s redevelopment or what,
but it’s absolutely unacceptable to us.";"0006D650"
"2";"000626E8";"めぐみママ";"Mama Megumi";"0006D658"
"2";"00062700";"だけど向こうも必死らしくてね
穏やかじゃない噂もよく耳にするよ…";"But they seem desperate too,
and I often hear unsettling rumors...";"0006D660"
"2";"00062740";"めぐみママ";"Mama Megumi";"0006D668"
"2";"00062750";"…余所者のあんたには関係のない話だったね
忘れとくれ";"...But that’s none of your business as an outsider.
Just forget I said anything.";"0006D670"
"2";"00062788";"めぐみママ";"Mama Megumi";"0006D678"
"2";"000627A0";"やだよ　もう！
こんなおばさんをからかうもんじゃないよ";"Oh, stop it! You shouldn't be teasing an old lady like me.";"0006D680"
"2";"000627D8";"めぐみママ";"Mama Megumi";"0006D688"
"2";"000627F0";"どうしても聞きたいんじゃあ　仕方ないね
あれはひどく風の強い夜のことだったよ…";"Well, if you insist on hearing it, I guess I have no choice.
It was a terribly windy night...";"0006D690"
"2";"00062840";"めぐみママ";"Mama Megumi";"0006D698"
"2";"00062850";"…その時のあの人の顔は一生忘れないね
世界で一番幸せそうな顔だったよ";"...I’ll never forget the look on his face back then.
He looked like the happiest man in the world.";"0006D6A0"
"2";"00062898";"めぐみママ";"Mama Megumi";"0006D6A8"
"2";"000628B0";"あの時あたしは誓ったのさ
この人を信じて　一生ついていこうって　";"That’s when I made a vow:
to trust him and stay by his side for the rest of my life.";"0006D6B0"
"2";"000628F0";"めぐみママ";"Mama Megumi";"0006D6B8"
"2";"00062900";"何だい　まだ聞き足りないのかい？";"What? You haven't heard enough yet?";"0006D6C0"
"2";"00062928";"めぐみママ";"Mama Megumi";"0006D6C8"
"2";"00062940";"あらごめんよ！　ちょっと話が長くなったね";"Oh, I’m sorry! I got a little carried away.";"0006D6D0"
"2";"00062970";"めぐみママ";"Mama Megumi";"0006D6D8"
"2";"00062980";"本当はここからが面白いんだけど
今日のところはこれぐらいにしとくよ";"This is the part where it gets interesting,
but I’ll stop here for today.";"0006D6E0"
"2";"000629C8";"めぐみママ";"Mama Megumi";"0006D6E8"
"2";"000629E0";"もう　ご飯を食べに帰っちゃったよ
どこの店に行ったかまでは分からないねえ";"She already went home to eat.
I don't know which shop she went to, though.";"0006D6F0"
"2";"00062A28";"$p";"$p";"0006D6F8"
"2";"00062A30";"それじゃあ１杯もらうよ";"Well then, I'll have a drink.";"0006D700"
"2";"00062A48";"$p";"$p";"0006D708"
"2";"00062A50";"悪いが　酒はやらないんだ";"Sorry, but I don’t drink.";"0006D710"
"2";"00062A70";"$p";"$p";"0006D718"
"2";"00062A80";"ミヨちゃんは来てないか？";"Has Miyo come by?";"0006D720"
"2";"00062AA0";"$p";"$p";"0006D728"
"2";"00062AB0";"この町について教えてくれ";"Tell me about this town.";"0006D730"
"2";"00062AD0";"$p";"$p";"0006D738"
"2";"00062AE0";"旦那さんとの馴れ初めを教えてくれ";"Tell me how you met your husband.";"0006D740"
"2";"00062B08";"$p";"$p";"0006D748"
"2";"00062B10";"彼女が証言してくれれば
俺の無実が証明できるかもしれないんだ";"If she testifies, it might prove my innocence.";"0006D750"
"2";"00062B50";"$p";"$p";"0006D758"
"2";"00062B60";"俺たちは　ただならぬ関係なんだ";"We have an unusual relationship.";"0006D760"
"2";"00062B80";"$p";"$p";"0006D768"
"2";"00062B90";"彼女は　俺の生き別れの妹なんだ";"She's my long-lost sibling.";"0006D770"
"2";"00062BB0";"$p";"$p";"0006D778"
"2";"00062BC0";"マスター　いつもの頼むよ";"Boss, the usual, please.";"0006D780"
"2";"00062BE0";"めぐみママ";"Mama Megumi";"0006D788"
"2";"00062BF0";"また　来とくれよ";"Come again soon!";"0006D790"
"2";"00062C08";"$p";"$p";"0006D798"
"2";"00062C10";"それじゃあ１杯もらうわ";"Well then, I’ll have a drink.";"0006D7A0"
"2";"00062C28";"$p";"$p";"0006D7A8"
"2";"00062C30";"ごめんなさい　お酒は飲まないの";"Sorry, I don’t drink.";"0006D7B0"
"2";"00062C50";"$p";"$p";"0006D7B8"
"2";"00062C60";"ミヨちゃんは来てない？";"Has Miyo arrived?";"0006D7C0"
"2";"00062C78";"$p";"$p";"0006D7C8"
"2";"00062C80";"この町について教えて";"Tell me about this town.";"0006D7D0"
"2";"00062C98";"$p";"$p";"0006D7D8"
"2";"00062CA0";"旦那さんとの馴れ初めを教えて";"Tell me how you met your husband.";"0006D7E0"
"2";"00062CC0";"$p";"$p";"0006D7E8"
"2";"00062CD0";"彼女が証言してくれれば
私の無実が証明できるかもしれないの";"If she testifies, it might prove my innocence.";"0006D7F0"
"2";"00062D10";"$p";"$p";"0006D7F8"
"2";"00062D20";"彼女は私の恋敵なの";"She's my romantic rival.";"0006D800"
"2";"00062D38";"$p";"$p";"0006D808"
"2";"00062D40";"彼女は　私の生き別れの妹なの";"She's my long-lost sister.";"0006D810"
"2";"00062D60";"$p";"$p";"0006D818"
"2";"00062D70";"マスター　いつもの頼むわ";"Boss, the usual, please.";"0006D820"
"2";"00062D90";"（だいぶ証言が集まったようだな…）";"(Looks like I’ve gathered quite a bit of testimonies…)";"0006D828"
"2";"00062DC0";"（だいぶ証言が集まったみたいね…）";"(Looks like I’ve gathered quite a few testimonies…)";"0006D830"
"2";"00062DF0";"（この辺で推理をしてみようか…）";"(Maybe it's time to try piecing the deduction together...)";"0006D838"
"2";"00062E20";"（推理をしてみようかな…）";"(Maybe I’ll try to figure this out…)";"0006D840"
"2";"00062E40";"ホステス親子について聞く";"Ask about the hostess mother and her daughter";"0006D848"
"2";"00062E60";"あけみについて";"Ask about Akemi";"0006D850"
"2";"00062E70";"かずみについて";"Ask about Kazumi";"0006D858"
"2";"00062E80";"かずみの父親について";"Ask about Kazumi's father";"0006D860"
"2";"00062EA0";"ふたりの仲について";"Ask about their relationship";"0006D868"
"2";"00062EC0";"あけみの給料について";"Ask about Akemi's salary";"0006D870"
"2";"00062ED8";"何も聞かない";"Don't ask anything";"0006D878"
"2";"00062EE8";"めぐみママ";"";"0006D880"
"2";"00062F00";"元々はこの町の人間じゃなくて
７年前にかずちゃんを連れて越して来たんだ";"";"0006D888"
"2";"00062F48";"めぐみママ";"";"0006D890"
"2";"00062F60";"この町に来る前、どこにいたのかまでは
実は知らないんだよ";"";"0006D898"
"2";"00062F98";"めぐみママ";"";"0006D8A0"
"2";"00062FB0";"あけみはそのことについては
あまり話したがらなかったからね";"";"0006D8A8"
"2";"00062FF0";"めぐみママ";"";"0006D8B0"
"2";"00063000";"うーん　何て言うか…　腕白な子だよ
女の子より男の子と遊ぶ方が好きらしいよ";"";"0006D8B8"
"2";"00063050";"めぐみママ";"";"0006D8C0"
"2";"00063060";"わたしはそのことを心配してたんだけど
あけみはあまり気にしてなかったみたいだね";"";"0006D8C8"
"2";"000630B0";"めぐみママ";"";"0006D8D0"
"2";"000630C0";"かずちゃんが物心つく前に
亡くなったって聞いてるよ";"";"0006D8D8"
"2";"000630F8";"めぐみママ";"";"0006D8E0"
"2";"00063110";"優しい真面目な人だったって
あけみは言ってたね";"";"0006D8E8"
"2";"00063140";"めぐみママ";"";"0006D8F0"
"2";"00063150";"実は、かずちゃんはあけみに
結構、不満そうにしてたんだよ";"";"0006D8F8"
"2";"00063188";"めぐみママ";"";"0006D900"
"2";"000631A0";"父親がいないんだ
しょうがないのかも知れないけどね…";"";"0006D908"
"2";"000631D8";"めぐみママ";"";"0006D910"
"2";"000631F0";"た、確かに親子ふたりが楽に生活できる程の
給料を払ってたわけじゃあなかったよ";"";"0006D918"
"2";"00063240";"めぐみママ";"";"0006D920"
"2";"00063250";"で、でも、もしお金に困ってたら
相談に乗るよって、いつも言ってたんだよ";"";"0006D928"
"2";"00063298";"めぐみママ";"";"0006D930"
"2";"000632B0";"正直、あけみのことを聞きまわっても
ふたりを見つけるのは難しいかも知れないね";"";"0006D938"
"2";"00063300";"めぐみママ";"";"0006D940"
"2";"00063310";"私ですら何も分からないんだ
あけみは他人と距離を置いちゃう子だからね";"";"0006D948"
"2";"00063358";"めぐみママ";"";"0006D950"
"2";"00063370";"どうせだったらかずちゃんのことを
聞いて回った方がいいかも知れないね";"";"0006D958"
"2";"000633B8";"めぐみママ";"";"0006D960"
"2";"000633D0";"子供のことなら、やっぱり同じ子供に
聞くのが一番だと思うよ";"";"0006D968"
"2";"00063410";"めぐみママ";"";"0006D970"
"2";"00063420";"ふたりについてなら何でも聞いとくれよ";"";"0006D978"
"2";"00063448";"めぐみママ";"";"0006D980"
"2";"00063460";"かずちゃんなら、多分甘味処の横だよ
よろしく頼んだからね";"";"0006D988"
"2";"00063498";"めぐみママ";"";"0006D990"
"2";"000634B0";"さっき、あの子達が来てったよ
お別れのあいさつだってさ";"";"0006D998"
"2";"000634E8";"めぐみママ";"";"0006D9A0"
"2";"00063500";"私のこと、母親みたいに思ってたってさ
泣かせるじゃないかい…";"";"0006D9A8"
"2";"00063540";"めぐみママ";"";"0006D9B0"
"2";"00063550";"用事が片付いて一段落したらまた戻ってくる
あの子はそう言ってたよ";"";"0006D9B8"
"2";"00063590";"無償でホステス親子を探すと申し出る";"";"0006D9C0"
"2";"000635C0";"有償でホステス親子を探すと申し出る";"";"0006D9C8"
"2";"000635E8";"めぐみママ";"";"0006D9D0"
"2";"00063600";"ふたりが心配だよ
無事だといいんだけど…";"";"0006D9D8"
"2";"00063630";"静香について聞く";"";"0006D9E0"
"2";"00063648";"$p";"";"0006D9E8"
"2";"00063650";"静香というホステスのことを知らないか？";"";"0006D9F0"
"2";"00063678";"$p";"";"0006D9F8"
"2";"00063680";"静香っていうホステスのことについて
聞きたいんだけど";"";"0006DA00"
"2";"000636B8";"めぐみママ";"";"0006DA08"
"2";"000636D0";"静香…？
ああ、あの大海町の事件の…";"";"0006DA10"
"2";"00063700";"本名「岬麗子」です";"";"0006DA18"
"2";"00063720";"本名「美沢ゆき」です";"";"0006DA20"
"2";"00063740";"本名「加納早苗」です";"";"0006DA28"
"2";"00063760";"本名「野々山春子」です";"";"0006DA30"
"2";"00063778";"$p";"";"0006DA38"
"2";"00063780";"本名を「岬麗子」というんだが…";"";"0006DA40"
"2";"000637A0";"$p";"";"0006DA48"
"2";"000637B0";"本名は「岬麗子」です";"";"0006DA50"
"2";"000637C8";"$p";"";"0006DA58"
"2";"000637D0";"本名を「美沢ゆき」というんだが…";"";"0006DA60"
"2";"000637F8";"$p";"";"0006DA68"
"2";"00063800";"本名は「美沢ゆき」です";"";"0006DA70"
"2";"00063818";"めぐみママ";"";"0006DA78"
"2";"00063830";"「美沢ゆき」？
聞いたことないわね…";"";"0006DA80"
"2";"00063858";"$p";"";"0006DA88"
"2";"00063860";"本名「加納早苗」というんだが…";"";"0006DA90"
"2";"00063880";"$p";"";"0006DA98"
"2";"00063890";"本名は「加納早苗」です";"";"0006DAA0"
"2";"000638A8";"めぐみママ";"";"0006DAA8"
"2";"000638C0";"加納さんは大海病院の
お医者さんじゃなかったかしら？";"";"0006DAB0"
"2";"000638F8";"$p";"";"0006DAB8"
"2";"00063900";"本名「野々山春子」というんだが…";"";"0006DAC0"
"2";"00063928";"$p";"";"0006DAC8"
"2";"00063930";"本名は「野々山春子」です";"";"0006DAD0"
"2";"00063950";"めぐみママ";"";"0006DAD8"
"2";"00063960";"春子さんは銀玉会館の
店長さんでしょう？";"";"0006DAE0"
"2";"00063988";"めぐみママ";"";"0006DAE8"
"2";"000639A0";"「岬麗子」？
…ああ、　安子のことね";"";"0006DAF0"
"2";"000639C8";"$p";"";"0006DAF8"
"2";"000639D0";"安子？";"";"0006DB00"
"2";"000639D8";"めぐみママ";"";"0006DB08"
"2";"000639F0";"その「岬麗子」って偽名なのよ
本当は「生田安子」っていうの";"";"0006DB10"
"2";"00063A30";"めぐみママ";"";"0006DB18"
"2";"00063A40";"あの子、本当の名前を言いたがらなくてね";"";"0006DB20"
"2";"00063A70";"安子について聞く";"";"0006DB28"
"2";"00063A90";"安子の過去について聞く";"";"0006DB30"
"2";"00063AB0";"安子のこの店での様子を聞く";"";"0006DB38"
"2";"00063AD0";"最近の安子について聞く";"";"0006DB40"
"2";"00063AE8";"何も聞かない";"Don't ask anything";"0006DB48"
"2";"00063AF8";"$p";"";"0006DB50"
"2";"00063B00";"その安子について知りたいんだが…";"";"0006DB58"
"2";"00063B28";"$p";"";"0006DB60"
"2";"00063B30";"その安子さんについて教えてくれない？";"";"0006DB68"
"2";"00063B58";"めぐみママ";"";"0006DB70"
"2";"00063B70";"安子はこの町の生まれでね";"";"0006DB78"
"2";"00063B90";"めぐみママ";"";"0006DB80"
"2";"00063BA0";"頭が良くて、可愛い子だったのよ";"";"0006DB88"
"2";"00063BC0";"めぐみママ";"";"0006DB90"
"2";"00063BD0";"でも…　そうやってみんなにチヤホヤされて";"";"0006DB98"
"2";"00063C00";"めぐみママ";"";"0006DBA0"
"2";"00063C10";"ちょっと自信過剰になっちゃったの";"";"0006DBA8"
"2";"00063C38";"$p";"";"0006DBB0"
"2";"00063C40";"安子の過去について知りたいんだが…";"";"0006DBB8"
"2";"00063C68";"$p";"";"0006DBC0"
"2";"00063C70";"安子さんの過去について教えてくれない？";"";"0006DBC8"
"2";"00063C98";"めぐみママ";"";"0006DBD0"
"2";"00063CB0";"あるとき映画のオーディションを受けて…
落ちることなんて考えてなかったみたいね";"";"0006DBD8"
"2";"00063D00";"めぐみママ";"";"0006DBE0"
"2";"00063D10";"確かにあの子は可愛かったけど…";"";"0006DBE8"
"2";"00063D30";"めぐみママ";"";"0006DBF0"
"2";"00063D40";"でも他の町に行けば
同じくらい可愛い子はいっぱいいるのよ";"";"0006DBF8"
"2";"00063D78";"めぐみママ";"";"0006DC00"
"2";"00063D90";"それに落選してから、すごく落ち込んでたわ";"";"0006DC08"
"2";"00063DC0";"めぐみママ";"";"0006DC10"
"2";"00063DD0";"…そのころね　「岬麗子」って名乗って
この店で働き始めたのは";"";"0006DC18"
"2";"00063E10";"$p";"";"0006DC20"
"2";"00063E20";"安子のこの店での様子について
知りたいんだが…";"";"0006DC28"
"2";"00063E50";"$p";"";"0006DC30"
"2";"00063E60";"安子さんのこの店での様子について
教えてくれない？";"";"0006DC38"
"2";"00063E98";"めぐみママ";"";"0006DC40"
"2";"00063EB0";"ここで働きはじめてから、
自己中心的な性格が強くなっていったわ";"";"0006DC48"
"2";"00063EF0";"めぐみママ";"";"0006DC50"
"2";"00063F00";"「落選したのは自分のせいじゃない
この町で生まれたせいだ」って";"";"0006DC58"
"2";"00063F40";"めぐみママ";"";"0006DC60"
"2";"00063F50";"冗談っぽく言ってたけど、
きっと本心だったんでしょうね";"";"0006DC68"
"2";"00063F88";"めぐみママ";"";"0006DC70"
"2";"00063FA0";"そのうち引き抜きがあったみたいでね
あいさつもそこそこに辞めていったわ";"";"0006DC78"
"2";"00063FE8";"めぐみママ";"";"0006DC80"
"2";"00064000";"まさか女豹のＮｏ．１になるとは
思わなかったけどね";"";"0006DC88"
"2";"00064038";"$p";"$p";"0006DC90"
"2";"00064040";"最近の安子について何か知らないか？";"";"0006DC98"
"2";"00064068";"$p";"$p";"0006DCA0"
"2";"00064070";"最近の安子さんについて何か知らない？";"";"0006DCA8"
"2";"00064098";"めぐみママ";"";"0006DCB0"
"2";"000640B0";"ここのところ、時々現れては
やたらと土地を売るのをすすめてきてね";"";"0006DCB8"
"2";"000640F0";"めぐみママ";"";"0006DCC0"
"2";"00064100";"「パチパラ町の土地は今が売り時だ」って";"";"0006DCC8"
"2";"00064128";"めぐみママ";"";"0006DCD0"
"2";"00064140";"もう前ほどの勢いがあるようでもないし…
お金に困ってたのかもしれないね…";"";"0006DCD8"
"2";"00064188";"ホステスあけみ";"Hostess Akemi";"0006DCE0"
"2";"000641A0";"あなた　日本中を旅してるんですってね
何か目的があって旅を続けてるの？";"I hear you've been traveling all around Japan.
Is there a purpose for continuing your journey?";"0006DCE8"
"2";"000641F0";"日本一のパチプロを目指す修行のため";"To train to become Japan's top pachinko professional.";"0006DCF0"
"2";"00064220";"愛に傷ついた心を癒すため";"To heal a heart wounded by love.";"0006DCF8"
"2";"00064240";"自分探しのため";"To find myself.";"0006DD00"
"2";"00064250";"働くのが嫌なため";"Because I hate working.";"0006DD08"
"2";"00064268";"ホステスあけみ";"Hostess Akemi";"0006DD10"
"2";"00064280";"そうなんだ…　でも、ひとつの場所に
根を下ろす生活も一度してみたら？";"I see... But why don't you try putting down 
roots somewhere in one place for once?";"0006DD18"
"2";"000642C8";"ホステスあけみ";"Hostess Akemi";"0006DD20"
"2";"000642E0";"日常の中のちょっとしたことに
感じる幸せってのも　いいものよ";"Finding happiness in little things of 
everyday life is also a good thing.";"0006DD28"
"2";"00064320";"ホステスあけみ";"Hostess Akemi";"0006DD30"
"2";"00064330";"あなたのおかげで父の死に目に会えたわ";"Thanks to you, 
I was able to meet my father before his death.";"0006DD38"
"2";"00064358";"ホステスあけみ";"Hostess Akemi";"0006DD40"
"2";"00064370";"父のことを許せたわけじゃないけど…
それでも最期に会えて良かったわ　ありがとう";"It's not that I've forgiven my father, but…
I'm still glad I could see him at the end. Thank you.";"0006DD48"
"2";"000643C0";"らの多い男";"Slurring Man";"0006DD50"
"2";"000643D0";"おっ！　こないらの事件の犯人らね〜か
な〜にしに来やがったんら？　……ヒック！";"Ohhh! Ain'tchu the cu-culprit from that inciden'?
Whaddya hell yer doin' here?! ...Hic!";"0006DD58"
"2";"00064420";"らの多い男";"Slurring Man";"0006DD60"
"2";"00064430";"酒らんて飲んれいられる身分らと
思ってんのか〜？　……ヒック！";"Ya think ya got any righ' ta be sittin' 
here drinkin' booze like thish?! ...Hic!";"0006DD68"
"2";"00064470";"俺は潔白だ！　恥ずべきことは何もない！";"I'm innocent! I've got nothing to be ashamed of!";"0006DD70"
"2";"000644A0";"酔っ払いにとやかく言われる筋合いは無い！";"I have no reason to be criticized by a drunk!";"0006DD78"
"2";"000644D0";"ひとりヤッてるんだ！　酒も飲みたくなるさ！";"I'm doing it alone! Of course, I'd want to drink too!";"0006DD80"
"2";"00064500";"すみません　出直してきます";"Sorry, I’ll come back later";"0006DD88"
"2";"00064520";"私は潔白よ！　恥じることは何もないわ！";"I'm innocent! I have nothing to be ashamed of!";"0006DD90"
"2";"00064550";"酔っ払いにとやかく言われる筋合いは無いわ！";"I have no right to be lectured by a drunk!";"0006DD98"
"2";"00064580";"ひとりヤッてるのよ！　お酒も飲みたくなるわ！";"I live on my own! Of course, I want to have a drink!";"0006DDA0"
"2";"000645B0";"すみません　出直してきます";"Excuse me, I'll come back later.";"0006DDA8"
"2";"000645D0";"らの多い男";"Slurring Man";"0006DDB0"
"2";"000645E0";"け〜れ　け〜れ！　酒がまずくなら〜
……………ヒック！";"Shoo, shoo! Yer ruinin' my drink...
...............Hic!";"0006DDB8"
"2";"00064618";"らの多い男";"Slurring Man";"0006DDC0"
"2";"00064630";"こないらはすまらかったら〜
あんら、無実らったらしいらね〜か";"Sorry 'bout the other day...
Guess you're innoshent after all, huh...";"0006DDC8"
"2";"00064670";"らの多い男";"Slurring Man";"0006DDD0"
"2";"00064680";"なら、おれもあんらをカンゲイするら
さあ、飲んら、飲んら〜";"Well then, yer welcome 'round here, too.
C'mon, drink up, drink up...";"0006DDD8"
"2";"000646C0";"らの多い男";"Slurring Man";"0006DDE0"
"2";"000646D0";"お〜うっ！　久しぶりらね〜か
ゆ〜っくり飲んれ行きらよ！";"Ohhh! Long time no shee, ain’t it?
Have a drink an' take it eashy!";"0006DDE8"
"2";"00064708";"ほろ酔いの男";"Tipsy Man";"0006DDF0"
"2";"00064720";"そこでホステスやってるあけみちゃんには
子供がひとりいるんだよ";"Akemi, who works as a hostess over there, has a child.";"0006DDF8"
"2";"00064760";"ほろ酔いの男";"Tipsy Man";"0006DE00"
"2";"00064770";"かずちゃんていう女の子でね
よく甘味処の前で遊んでるよ";"A little girl named Kazu.
She often plays in front of the sweet shop.";"0006DE08"
"2";"000647A8";"ほろ酔いの男";"Tipsy Man";"0006DE10"
"2";"000647C0";"あけみちゃん　まだ来てないみたいなんだ
こっちは彼女目当てで来てるってのに…";"Akemi doesn’t seem to be here yet.
And I came all this way hoping to see her…";"0006DE18"
"2";"00064810";"めぐみママ";"Mama Megumi";"0006DE20"
"2";"00064820";"………";".........";"0006DE28"
"2";"00064828";"ほろ酔いの男";"Tipsy Man";"0006DE30"
"2";"00064840";"も、もちろんママだけじゃ不満って
訳じゃないんだけどよ！";"";"0006DE38"
"2";"00064880";"酔いから醒めた男";"";"0006DE40"
"2";"000648A0";"昔、酔った勢いであけみちゃんに
結婚しようって言ったことがあるんだ";"";"0006DE48"
"2";"000648F0";"酔いから醒めた男";"";"0006DE50"
"2";"00064910";"そしたら、やけにまじめな顔をして
「私とはやめておいた方がいいわ」って";"";"0006DE58"
"2";"00064960";"酔いから醒めた男";"";"0006DE60"
"2";"00064980";"もしかしたら、あけみちゃんは
今回のことを言ってたのかも知れないな";"";"0006DE68"
"2";"000649C8";"ほろ酔いの男";"Tipsy Man";"0006DE70"
"2";"000649E0";"まさか、かずちゃんが男の子だったなんて
全然気付かなかったよ";"";"0006DE78"
"2";"00064A20";"ほろ酔いの男";"Tipsy Man";"0006DE80"
"2";"00064A30";"しかし、あけみちゃんがいないんじゃあ
この先、何を楽しみにして店に来れば…";"";"0006DE88"
"2";"00064A80";"ほろ酔いの男";"Tipsy Man";"0006DE90"
"2";"00064A90";"あけみちゃん　無事だといいんだけど…";"";"0006DE98"
"2";"00064AB8";"ほろ酔いの男";"Tipsy Man";"0006DEA0"
"2";"00064AD0";"あけみちゃんが戻ってきたんだよ！
これでまた店に来る楽しみができたよ";"";"0006DEA8"
"2";"00064B18";"やさぐれた男";"";"0006DEB0"
"2";"00064B30";"ちっくしょう！　何が先輩だ！
本当はバカにしてるくせによ！";"";"0006DEB8"
"2";"00064B70";"めぐみママ";"Mama Megumi";"0006DEC0"
"2";"00064B80";"お兄さん　もうやめときな
そんな無茶な飲み方するもんじゃないよ";"";"0006DEC8"
"2";"00064BC0";"やさぐれた男";"";"0006DED0"
"2";"00064BD0";"うるせえ！　俺の勝手だろ！？
ほっといてくれ！";"";"0006DED8"
"2";"00064C00";"やさぐれた男";"";"0006DEE0"
"2";"00064C10";"ん？　何だよあんた？
文句でもあるのか？";"";"0006DEE8"
"2";"00064C38";"文句がある";"";"0006DEF0"
"2";"00064C48";"文句はない";"";"0006DEF8"
"2";"00064C60";"後輩があんたのことを探していたよ";"";"0006DF00"
"2";"00064C90";"奥さんがあんたのことを探していたよ";"";"0006DF08"
"2";"00064CC0";"警察があんたのことを探していたよ";"";"0006DF10"
"2";"00064CF0";"借金取りがあんたのことを探していたよ";"";"0006DF18"
"2";"00064D20";"後輩があなたのことを探していたわ";"";"0006DF20"
"2";"00064D50";"奥さんがあなたのことを探していたわ";"";"0006DF28"
"2";"00064D80";"警察があなたのことを探していたわ";"";"0006DF30"
"2";"00064DB0";"借金取りがあなたのことを探していたわ";"";"0006DF38"
"2";"00064DD8";"やさぐれた男";"";"0006DF40"
"2";"00064DF0";"ヘッ！　俺に後輩なんていやしねえよ！";"";"0006DF48"
"2";"00064E18";"やさぐれた男";"";"0006DF50"
"2";"00064E30";"ヘッ！　俺に女房なんていやしねえよ！";"";"0006DF58"
"2";"00064E58";"やさぐれた男";"";"0006DF60"
"2";"00064E70";"えっ！　ひ、人違いだろ…";"";"0006DF68"
"2";"00064E90";"後輩が帰りを待ってることを伝える";"";"0006DF70"
"2";"00064EB8";"$p";"";"0006DF78"
"2";"00064EC0";"あんたの後輩　ずっとパチンコ屋で
あんたが戻って来るのを待ってるよ";"";"0006DF80"
"2";"00064F08";"$p";"";"0006DF88"
"2";"00064F10";"あなたの後輩　ずっとパチンコ屋で
あなたが戻って来るのを待ってるわよ";"";"0006DF90"
"2";"00064F58";"やさぐれた男";"";"0006DF98"
"2";"00064F70";"えっ！　な、なんでだ？
俺にまだ何の用があるってんだ？";"";"0006DFA0"
"2";"00064FA8";"やさぐれた男";"";"0006DFA8"
"2";"00064FC0";"パチンコで俺から教わることなんて
もう何もねえだろ？";"";"0006DFB0"
"2";"00065000";"あんたをひとりの人間として尊敬してるんだ";"";"0006DFB8"
"2";"00065030";"隣にあんたがいた方が腕が引き立つからだろ";"";"0006DFC0"
"2";"00065060";"直接本人に確かめればいいだろ";"";"0006DFC8"
"2";"00065080";"あなたをひとりの人間として尊敬してるのよ";"";"0006DFD0"
"2";"000650B0";"隣にあなたがいた方が腕が引き立つからだわ";"";"0006DFD8"
"2";"000650E0";"直接本人に確かめればいいでしょ";"";"0006DFE0"
"2";"00065100";"$p";"";"0006DFE8"
"2";"00065110";"あいつはパチンコの腕前だけじゃなく
あんたをひとりの人間として尊敬してるんだ";"";"0006DFF0"
"2";"00065160";"$p";"";"0006DFF8"
"2";"00065170";"彼はパチンコの腕前だけじゃなく
あなたをひとりの人間として尊敬してるのよ";"";"0006E000"
"2";"000651B8";"やさぐれた男";"";"0006E008"
"2";"000651D0";"ほ、本当か？　…でも、もうダメだ
俺はこんなみっともないマネをしちまった";"";"0006E010"
"2";"00065218";"やさぐれた男";"";"0006E018"
"2";"00065230";"ふ、ふざけやがって…
絶対にあそこには戻らねえからな！";"";"0006E020"
"2";"00065268";"やさぐれた男";"";"0006E028"
"2";"00065280";"そ、そんなこと怖くてできねえよ";"";"0006E030"
"2";"000652A0";"やさぐれた男";"";"0006E038"
"2";"000652B0";"あいつだって俺に呆れてるはずだ
一体、俺はどうすればいい？";"";"0006E040"
"2";"000652F0";"もっとあいつを信用したらどうだ？";"";"0006E048"
"2";"00065320";"あんたが自分で決めなきゃいけないことだ";"";"0006E050"
"2";"00065348";"諦めるしかない";"";"0006E058"
"2";"00065360";"もっと彼のことを信用したら？";"";"0006E060"
"2";"00065380";"あなたが自分で決めなきゃいけないことよ";"";"0006E068"
"2";"000653B0";"諦めるしかないわね";"";"0006E070"
"2";"000653C8";"$p";"";"0006E078"
"2";"000653D0";"あんた達の絆はそんなに弱いものなのか？
もっとあいつを信用したらどうなんだ";"";"0006E080"
"2";"00065420";"$p";"";"0006E088"
"2";"00065430";"あなた達の絆はそんなに弱いものなの？
もっと彼を信用したらどう？";"";"0006E090"
"2";"00065470";"やさぐれた男";"";"0006E098"
"2";"00065480";"あいつを…　信用…";"";"0006E0A0"
"2";"00065498";"やさぐれた男";"";"0006E0A8"
"2";"000654B0";"俺が…　自分で…";"";"0006E0B0"
"2";"000654C8";"やさぐれた男";"";"0006E0B8"
"2";"000654E0";"ああ！　俺はなんてことを
しちまったんだ！";"";"0006E0C0"
"2";"00065510";"やさぐれた男";"";"0006E0C8"
"2";"00065520";"………";".........";"0006E0D0"
"2";"00065528";"放っておく";"";"0006E0D8"
"2";"00065538";"コワモテの男";"";"0006E0E0"
"2";"00065550";"ちょっと邪魔するぜ";"";"0006E0E8"
"2";"00065568";"めぐみママ";"";"0006E0F0"
"2";"00065580";"いらっしゃい
お客さん、何にする？";"";"0006E0F8"
"2";"000655A8";"コワモテの男";"";"0006E100"
"2";"000655C0";"悪いが酒を飲みに来たんじゃねえ
ここにあけみってホステスがいるだろ？";"";"0006E108"
"2";"00065608";"めぐみママ";"";"0006E110"
"2";"00065620";"あけみ？
そんな子は知らないね";"";"0006E118"
"2";"00065640";"コワモテの男";"";"0006E120"
"2";"00065650";"そんな筈はねえ　確かにいるはずだ
こっちは確かな情報で来てんだからよ";"";"0006E128"
"2";"00065698";"めぐみママ";"";"0006E130"
"2";"000656B0";"知らないもんは知らないよ！
注文する気が無いんなら帰っとくれよ！";"";"0006E138"
"2";"000656F0";"コワモテの男";"";"0006E140"
"2";"00065700";"…そうかい　まあいい
もし、何か思い出したら教えてくれよ";"";"0006E148"
"2";"00065738";"コワモテの男";"";"0006E150"
"2";"00065750";"きっと、その方がお互いの
身のためになると思うぜ";"";"0006E158"
"2";"00065780";"めぐみママ";"";"0006E160"
"2";"00065790";"マズイね　どう考えても良くない話だよ";"";"0006E168"
"2";"000657B8";"めぐみママ";"";"0006E170"
"2";"000657D0";"あの子が店に来るのはどう考えてもマズイよ
店に顔を出すなって連絡しとかないと";"";"0006E178"
"2";"00065820";"酔いから醒めた男";"";"0006E180"
"2";"00065840";"俺があけみちゃんの家まで伝えに行くよ
ママが行けばきっと怪しまれる";"";"0006E188"
"2";"00065888";"めぐみママ";"";"0006E190"
"2";"000658A0";"そうかい？
ありがとう　助かるよ";"";"0006E198"
"2";"000658C0";"俺にもできることはないか？";"";"0006E1A0"
"2";"000658E0";"俺はゆっくり飲ませてもらうよ";"";"0006E1A8"
"2";"00065900";"俺はさっきの男にあけみのことを教えてくるよ";"";"0006E1B0"
"2";"00065930";"私にもできることはない？";"";"0006E1B8"
"2";"00065950";"私はゆっくり飲ませてもらうわよ";"";"0006E1C0"
"2";"00065970";"私はさっきの男にあけみのことを教えてくるわ";"";"0006E1C8"
"2";"000659A0";"めぐみママ";"";"0006E1D0"
"2";"000659B0";"何言ってんだい！
あんたにも頼みたいことがあるんだよ";"";"0006E1D8"
"2";"000659E8";"めぐみママ";"";"0006E1E0"
"2";"00065A00";"何言ってんだい！
あけみに何かあったらどうするんだい！";"";"0006E1E8"
"2";"00065A38";"めぐみママ";"";"0006E1F0"
"2";"00065A50";"あんたはあけみの子供の
かずちゃんを連れて来ておくれ";"";"0006E1F8"
"2";"00065A88";"めぐみママ";"";"0006E200"
"2";"00065AA0";"もしもってことがあるかも知れないからね";"";"0006E208"
"2";"00065AC8";"めぐみママ";"";"0006E210"
"2";"00065AE0";"多分、甘味処の横で遊んでるはずだよ
よろしく頼んだからね";"";"0006E218"
"2";"00065B20";"「かずみはいなかった」と伝える";"";"0006E220"
"2";"00065B40";"めぐみママ";"";"0006E228"
"2";"00065B50";"本当かい？　珍しいね
家で大人しくしてるような子じゃないのに";"";"0006E230"
"2";"00065B90";"酔いから醒めた男";"";"0006E238"
"2";"00065BB0";"大変だ！　あけみちゃんの家の前に
ガラの悪い連中がたむろしてたよ！";"";"0006E240"
"2";"00065BF8";"めぐみママ";"";"0006E248"
"2";"00065C08";"何だって！？";"";"0006E250"
"2";"00065C20";"酔いから醒めた男";"";"0006E258"
"2";"00065C40";"あれじゃあ　とても家に近づけないよ
まさか、あけみちゃんはもう…";"";"0006E260"
"2";"00065C80";"めぐみママ";"";"0006E268"
"2";"00065C90";"落ち着くんだよ　もしそうなら
家の前にいる必要なんてないだろ？";"";"0006E270"
"2";"00065CD0";"めぐみママ";"";"0006E278"
"2";"00065CE0";"まだ無事な証拠さ
連中に気付いてどこかに隠れてるんだよ";"";"0006E280"
"2";"00065D18";"めぐみママ";"";"0006E288"
"2";"00065D30";"それよりも、かずちゃんが心配だよ
あけみと一緒ならいいんだけど…";"";"0006E290"
"2";"00065D70";"めぐみママ";"";"0006E298"
"2";"00065D80";"あんた　ふたりを探してくれないかい？";"";"0006E2A0"
"2";"00065DA8";"めぐみママ";"";"0006E2A8"
"2";"00065DC0";"確かに相手はあんな連中だ
首を突っ込むべきじゃあないのかも知れない";"";"0006E2B0"
"2";"00065E08";"めぐみママ";"";"0006E2B8"
"2";"00065E20";"でも、あのふたりは本当にいい子達なんだ
放っておけないよ";"";"0006E2C0"
"2";"00065E58";"めぐみママ";"";"0006E2C8"
"2";"00065E70";"お願いだよ　頼まれてくれないかい？";"";"0006E2D0"
"2";"00065EA0";"頼みを請け、ふたりを探す";"";"0006E2D8"
"2";"00065EC0";"報酬を要求する";"";"0006E2E0"
"2";"00065ED0";"命が惜しいので断る";"";"0006E2E8"
"2";"00065EE8";"めぐみママ";"";"0006E2F0"
"2";"00065F00";"探してくれるのかい！？
ありがとう";"";"0006E2F8"
"2";"00065F28";"めぐみママ";"";"0006E300"
"2";"00065F40";"ふたりについてなら私に何でも聞いとくれよ";"";"0006E308"
"2";"00065F70";"めぐみママ";"";"0006E310"
"2";"00065F80";"もっともな言い分だね
分かったよ";"";"0006E318"
"2";"00065FA0";"めぐみママ";"";"0006E320"
"2";"00065FB0";"その代わりふたりのことは
よろしく頼んだからね";"";"0006E328"
"2";"00065FE0";"めぐみママ";"";"0006E330"
"2";"00065FF0";"そうかい…
無理を言ってすまなかったね…";"";"0006E338"
"2";"00066018";"コワモテの男";"";"0006E340"
"2";"00066028";"よお";"";"0006E348"
"2";"00066030";"コワモテの男";"";"0006E350"
"2";"00066040";"あんた、色んな事件に首を突っ込んでは
解決して回ってるらしいじゃねえか";"";"0006E358"
"2";"00066088";"コワモテの男";"";"0006E360"
"2";"000660A0";"そのあんたを見込んで頼みてえんだが
あけみのことを探してはくれねえか？";"";"0006E368"
"2";"000660E8";"コワモテの男";"";"0006E370"
"2";"00066100";"この町の連中はどうも非協力的でいけねえ
だが、あんたになら色々話してくれるだろう";"";"0006E378"
"2";"00066150";"コワモテの男";"";"0006E380"
"2";"00066160";"どうだい？　ちょっと頼まれてくれねえか？
もちろん報酬ははずむ　【$ci$e0$cr玉】でどうだ？";"";"0006E388"
"2";"000661C0";"頼みを請け、あけみを探す";"";"0006E390"
"2";"000661E0";"報酬のアップを要求する";"";"0006E398"
"2";"00066200";"係わり合いになりたくないので断る";"";"0006E3A0"
"2";"00066230";"さらに報酬のアップを要求する";"";"0006E3A8"
"2";"00066250";"この額で満足する";"";"0006E3B0"
"2";"00066268";"コワモテの男";"";"0006E3B8"
"2";"00066280";"そうかい　ありがとよ";"";"0006E3C0"
"2";"00066298";"コワモテの男";"";"0006E3C8"
"2";"000662B0";"ちっ！　分かったよ
ホラ　【$ci$e0$cr玉】でどうだ？";"";"0006E3D0"
"2";"000662E8";"コワモテの男";"";"0006E3D8"
"2";"00066300";"なにぃ！？　まだ足りねえってのか！
ふざけやがって！　じゃあ【$ci$e0$cr玉】でどうだ？";"";"0006E3E0"
"2";"00066358";"コワモテの男";"";"0006E3E8"
"2";"00066370";"当然だ！　この報酬の中には
俺のポケットマネーも入ってんだ！";"";"0006E3F0"
"2";"000663B0";"コワモテの男";"";"0006E3F8"
"2";"000663C0";"これで見つけられなかったら
タダじゃすまねえからな！　よく覚えとけよ！";"";"0006E400"
"2";"00066408";"コワモテの男";"";"0006E408"
"2";"00066420";"ふざけやがって！
もういい！　てめえには頼まねえ！";"";"0006E410"
"2";"00066458";"コワモテの男";"";"0006E418"
"2";"00066470";"しばらく、俺はこの町を離れるが
その間にあけみを探し出しておいてくれよ";"";"0006E420"
"2";"000664B8";"コワモテの男";"";"0006E428"
"2";"000664D0";"なにぃ！？
俺の頼みが聞けねえって言うのか？";"";"0006E430"
"2";"00066500";"冗談です　もちろん請けます";"";"0006E438"
"2";"00066520";"当たり前だ　もちろん請けない";"";"0006E440"
"2";"00066540";"当たり前よ　もちろん請けないわ";"";"0006E448"
"2";"00066560";"コワモテの男";"";"0006E450"
"2";"00066570";"そうだろうよ　つまらねえ冗談言いやがって
報酬は無しだ　タダ働きしてもらうぜ";"";"0006E458"
"2";"000665C0";"コワモテの男";"";"0006E460"
"2";"000665D0";"…ケッ！　分かったよ！
てめえにはもう頼まねえ！";"";"0006E468"
"2";"00066600";"コワモテの男";"";"0006E470"
"2";"00066610";"じゃあな　頼んだぜ";"";"0006E478"
"2";"00066628";"コワモテの男";"";"0006E480"
"2";"00066640";"報酬はそのときに払うからよ";"";"0006E488"
"2";"00066660";"譲らない男の子";"Stubborn Boy";"0006E490"
"2";"00066670";"今日は堤防で遊ぶんだ！";"Today we're playing at the embankment!";"0006E498"
"2";"00066688";"かずみの友達";"";"0006E4A0"
"2";"000666A0";"かずみ？　かずみなら今日は来てないよ";"";"0006E4A8"
"2";"000666C8";"かずみの友達";"";"0006E4B0"
"2";"000666E0";"あいつ、ひどいんだ
今日はかくれんぼをする約束だったのにさ";"";"0006E4B8"
"2";"00066720";"かずみの友達";"";"0006E4C0"
"2";"00066730";"かずみ、どうしたんだろ？
一緒にかくれんぼするはずだったのに…";"";"0006E4C8"
"2";"00066770";"かずみについて聞く";"";"0006E4D0"
"2";"00066790";"かくれんぼについて聞く";"";"0006E4D8"
"2";"000667B0";"かずみが隠れていた場所は…";"";"0006E4E0"
"2";"000667D0";"何も聞かない";"Don't ask anything";"0006E4E8"
"2";"000667E0";"かずみの友達";"";"0006E4F0"
"2";"000667F0";"いつも一緒に遊んでるのに
最近全然来ないんだよ";"";"0006E4F8"
"2";"00066820";"かずみの友達";"";"0006E500"
"2";"00066830";"家に行ってみても誰もいないみたいなんだ";"";"0006E508"
"2";"00066858";"かずみの友達";"";"0006E510"
"2";"00066870";"それに怖いおじさんに「何の用だ！？」って
怒鳴られてビックリしたよ";"";"0006E518"
"2";"000668B8";"かずみの友達";"";"0006E520"
"2";"000668D0";"かずみ　かくれんぼがすごくうまいんだ";"";"0006E528"
"2";"000668F8";"かずみの友達";"";"0006E530"
"2";"00066910";"この前、堤防でかくれんぼしたときは
ずうっと見つかんなかったんだ";"";"0006E538"
"2";"00066950";"かずみの友達";"";"0006E540"
"2";"00066960";"それで、鬼の子が泣いちゃって
大変だったんだから";"";"0006E548"
"2";"00066990";"かずみの友達";"";"0006E550"
"2";"000669A0";"でもあんな所に隠れられたら
見つけられないのも仕方ないけどね";"";"0006E558"
"2";"000669E0";"海の中";"";"0006E560"
"2";"000669E8";"路地の奥";"";"0006E568"
"2";"000669F8";"ドラム缶の陰";"";"0006E570"
"2";"00066A10";"クーラーボックスの中";"";"0006E578"
"2";"00066A28";"堤防の階段下";"";"0006E580"
"2";"00066A38";"かずみの友達";"";"0006E588"
"2";"00066A50";"えっ！　何で分かったの？";"";"0006E590"
"2";"00066A70";"かずみの友達";"";"0006E598"
"2";"00066A80";"え〜　全然違うよ〜";"";"0006E5A0"
"2";"00066AA0";"かずみが隠れていた場所は…";"";"0006E5A8"
"2";"00066AC0";"かずみの友達";"";"0006E5B0"
"2";"00066AD0";"あいつ、おそいな〜
なにやってんだろ？";"";"0006E5B8"
"2";"00066B00";"叶わぬ恋をする少年";"";"0006E5C0"
"2";"00066B20";"かずみ、もう会えないのかな…";"";"0006E5C8"
"2";"00066B40";"叶わぬ恋をする少年";"";"0006E5D0"
"2";"00066B60";"オレ、わかったんだ…
オレ、かずみのことが好きだったんだ";"";"0006E5D8"
"2";"00066BA0";"叶わぬ恋をする少年";"";"0006E5E0"
"2";"00066BC0";"いなくなって初めて気づくなんて…
オレってバカだな…";"";"0006E5E8"
"2";"00066BF8";"傷心の少年";"";"0006E5F0"
"2";"00066C10";"かずみが男だったなんて………";"";"0006E5F8"
"2";"00066C30";"傷心の少年";"";"0006E600"
"2";"00066C40";"………もう絶対に恋なんてするもんか！";"";"0006E608"
"2";"00066C68";"譲らない女の子";"Stubborn Girl";"0006E610"
"2";"00066C80";"今日は公園で遊ぶんだから！";"I said we're playing at the park today!";"0006E618"
"2";"00066CA0";"口の悪い男の子";"";"0006E620"
"2";"00066CB0";"うわっ！　見つかっちまった！";"";"0006E628"
"2";"00066CD0";"口の悪い男の子";"";"0006E630"
"2";"00066CE0";"おじさん　鬼の人？";"";"0006E638"
"2";"00066CF8";"口の悪い男の子";"";"0006E640"
"2";"00066D10";"おばさん　鬼の人？";"";"0006E648"
"2";"00066D28";"そうだ　";"That's right.";"0006E650"
"2";"00066D38";"違う";"";"0006E658"
"2";"00066D40";"俺はおじさんじゃない！";"";"0006E660"
"2";"00066D58";"そうよ";"";"0006E668"
"2";"00066D60";"違うわよ";"";"0006E670"
"2";"00066D70";"私はお姉さんよ！";"";"0006E678"
"2";"00066D88";"口の悪い男の子";"";"0006E680"
"2";"00066DA0";"ホントか？
全然、怖そうじゃねえぞ";"";"0006E688"
"2";"00066DC8";"口の悪い男の子";"";"0006E690"
"2";"00066DE0";"なんだ！
驚かすなよ！";"";"0006E698"
"2";"00066DF8";"口の悪い男の子";"";"0006E6A0"
"2";"00066E10";"ご、ごめんよ　お兄ちゃん…";"";"0006E6A8"
"2";"00066E30";"口の悪い男の子";"";"0006E6B0"
"2";"00066E40";"ご、ごめんよ　お姉ちゃん…";"";"0006E6B8"
"2";"00066E60";"口の悪い男の子";"";"0006E6C0"
"2";"00066E70";"今、かくれんぼしてんだ
ここに隠れてるってことは内緒にしとけよな";"";"0006E6C8"
"2";"00066EB0";"推理をぶつける";"";"0006E6D0"
"2";"00066EC0";"何も言わない";"";"0006E6D8"
"2";"00066ED0";"かずや";"";"0006E6E0"
"2";"00066EE0";"じいちゃんに言われたんだ
これからは俺がかあちゃんを守れって…";"";"0006E6E8"
"2";"00066F20";"かずや";"";"0006E6F0"
"2";"00066F30";"そんなの当たり前だけどさ！
だって、今までもずっとそうしてきたんだぜ";"";"0006E6F8"
"2";"00066F78";"$p";"";"0006E700"
"2";"00066F80";"君、もしかしてかずみちゃんじゃないのか？";"";"0006E708"
"2";"00066FB0";"$p";"";"0006E710"
"2";"00066FC0";"あなた、もしかしてかずみちゃんじゃない？";"";"0006E718"
"2";"00066FF0";"かずみ？";"";"0006E720"
"2";"00067000";"な、何言ってんだ
俺が女に見えるってのか？";"";"0006E728"
"2";"00067030";"$p";"";"0006E730"
"2";"00067040";"もともとかずみは男勝りで有名だった
君が女の子の格好をしてたんだ";"";"0006E738"
"2";"00067080";"$p";"";"0006E740"
"2";"00067090";"もともとかずみちゃんは男勝りで有名だった
あなたが女の子の格好をしてたんでしょ";"";"0006E748"
"2";"000670E0";"$p";"";"0006E750"
"2";"000670F0";"あけみが君を連れているところを
見た人だっているんだ";"";"0006E758"
"2";"00067128";"$p";"";"0006E760"
"2";"00067130";"あけみがあなたを連れているところを
見た人だっているのよ";"";"0006E768"
"2";"00067168";"かずみ？";"";"0006E770"
"2";"00067180";"…別に俺だって
好きであんな格好してたわけじゃねえや…";"";"0006E778"
"2";"000671B8";"ホステスあけみ";"Hostess Akemi";"0006E780"
"2";"000671C8";"かずや！！";"";"0006E788"
"2";"000671D8";"かずや";"";"0006E790"
"2";"000671E0";"かあちゃん！";"";"0006E798"
"2";"000671F0";"ホステスあけみ";"Hostess Akemi";"0006E7A0"
"2";"00067200";"あ、あなたどうしてここに？
私たちを探して、どういうつもりなの？";"";"0006E7A8"
"2";"00067240";"スナックのめぐみママに頼まれた";"";"0006E7B0"
"2";"00067260";"ヤクザに頼まれた";"";"0006E7B8"
"2";"00067278";"単なる気まぐれ";"";"0006E7C0"
"2";"00067288";"ホステスあけみ";"Hostess Akemi";"0006E7C8"
"2";"000672A0";"ママが！？
ありがとう、嬉しいわ…";"";"0006E7D0"
"2";"000672C8";"ホステスあけみ";"Hostess Akemi";"0006E7D8"
"2";"000672E0";"でも、ママに迷惑がかかるわ
私たちのことは放っておいて！";"";"0006E7E0"
"2";"00067318";"ホステスあけみ";"Hostess Akemi";"0006E7E8"
"2";"00067330";"ひ、人でなし！
私たちのことは放っておいて！";"";"0006E7F0"
"2";"00067360";"ホステスあけみ";"Hostess Akemi";"0006E7F8"
"2";"00067370";"な、何よ　気まぐれって…
私たちのことは放っておいて！";"";"0006E800"
"2";"000673A8";"コワモテの男";"";"0006E808"
"2";"000673C0";"申し訳ないですが
そうは行かんのです";"";"0006E810"
"2";"000673E8";"ホステスあけみ";"Hostess Akemi";"0006E818"
"2";"000673F8";"あっ！！";"";"0006E820"
"2";"00067408";"コワモテの男";"";"0006E828"
"2";"00067420";"見つけてくれたんだな
助かったぜ";"";"0006E830"
"2";"00067440";"コワモテの男";"";"0006E838"
"2";"00067450";"悪いな
あんたの後をつけさせてもらった";"";"0006E840"
"2";"00067478";"コワモテの男";"";"0006E848"
"2";"00067490";"ホラ　これが約束の報酬だ";"";"0006E850"
"2";"000674B0";"報酬を受け取る";"";"0006E858"
"2";"000674C0";"報酬を受け取らない";"";"0006E860"
"2";"000674D8";"報酬を要求する";"";"0006E868"
"2";"000674E8";"黙っている";"";"0006E870"
"2";"000674F8";"$p";"";"0006E878"
"2";"00067500";"俺のおかげでふたりに会えたんだ
報酬をよこせ！";"";"0006E880"
"2";"00067530";"$p";"";"0006E888"
"2";"00067540";"私のおかげでふたりに会えたのよ
報酬をよこしなさい！";"";"0006E890"
"2";"00067578";"コワモテの男";"";"0006E898"
"2";"00067590";"いらないのか？
…まあいい";"";"0006E8A0"
"2";"000675B0";"コワモテの男";"";"0006E8A8"
"2";"000675C0";"一度は断りやがったくせに！
まあいい…　ホラよ";"";"0006E8B0"
"2";"000675F0";"コワモテの男";"";"0006E8B8"
"2";"00067600";"さて…";"";"0006E8C0"
"2";"00067608";"コワモテの男";"";"0006E8C8"
"2";"00067620";"お嬢さん、坊ちゃんに女の恰好をさせてまで
坊ちゃんのことを隠したかったんですか？";"";"0006E8D0"
"2";"00067670";"ホステスあけみ";"Hostess Akemi";"0006E8D8"
"2";"00067680";"そうよ！　決まってるでしょ！？";"";"0006E8E0"
"2";"000676A0";"コワモテの男";"";"0006E8E8"
"2";"000676B0";"………";".........";"0006E8F0"
"2";"000676B8";"コワモテの男";"";"0006E8F8"
"2";"000676D0";"あけみお嬢さん、組に戻ってきてください
親分がおふたりに会いたがっています";"";"0006E900"
"2";"00067720";"ホステスあけみ";"Hostess Akemi";"0006E908"
"2";"00067730";"ふたり！？　ひとりの間違いでしょ！
あの人は組の跡取りが欲しいだけよ";"";"0006E910"
"2";"00067778";"コワモテの男";"";"0006E918"
"2";"00067790";"お嬢さん！　実の父親を
そんな風に言うもんじゃありません";"";"0006E920"
"2";"000677C8";"コワモテの男";"";"0006E928"
"2";"000677E0";"親分もこの７年で変わりました
ずっとおふたりのことを気に病んでたんです";"";"0006E930"
"2";"00067828";"ホステスあけみ";"Hostess Akemi";"0006E938"
"2";"00067840";"嘘よ！　結婚したいって言った私たちが
どんな酷い言葉を言われたと思ってるの！？";"";"0006E940"
"2";"00067890";"ホステスあけみ";"Hostess Akemi";"0006E948"
"2";"000678A0";"それで男の子ができたと知ったら
戻って来いだなんて、虫がよすぎるわ！";"";"0006E950"
"2";"000678E8";"ホステスあけみ";"Hostess Akemi";"0006E958"
"2";"00067900";"あの人の顔も見たくない！
絶対に組には戻らないわ！";"";"0006E960"
"2";"00067940";"あけみの肩を持つ";"";"0006E968"
"2";"00067958";"男の肩を持つ";"";"0006E970"
"2";"00067970";"黙って成り行きを見守る";"";"0006E978"
"2";"00067988";"$p";"$p";"0006E980"
"2";"00067990";"あけみの言うとおりだ！
そんな父親に会う必要はない！";"";"0006E988"
"2";"000679C8";"$p";"$p";"0006E990"
"2";"000679D0";"あけみの言うとおりよ！
そんな父親に会う必要はないわ！";"";"0006E998"
"2";"00067A08";"コワモテの男";"";"0006E9A0"
"2";"00067A20";"てめえは黙ってろ！";"";"0006E9A8"
"2";"00067A38";"$p";"$p";"0006E9B0"
"2";"00067A40";"あんたの気持ちも分かるが
父親に会ってやってもいいんじゃないか？";"";"0006E9B8"
"2";"00067A80";"$p";"$p";"0006E9C0"
"2";"00067A90";"あなたの気持ちも分かるけど
父親に会ってやってもいいんじゃない？";"";"0006E9C8"
"2";"00067AD0";"ホステスあけみ";"Hostess Akemi";"0006E9D0"
"2";"00067AE0";"あなたは黙ってて！";"";"0006E9D8"
"2";"00067AF8";"コワモテの男";"";"0006E9E0"
"2";"00067B10";"…親分があと１ケ月の命だとしてもですか？";"";"0006E9E8"
"2";"00067B40";"ホステスあけみ";"Hostess Akemi";"0006E9F0"
"2";"00067B50";"えっ！？　…どういうこと？";"";"0006E9F8"
"2";"00067B70";"コワモテの男";"";"0006EA00"
"2";"00067B80";"お嬢さんが出て行ってすぐ病気になって…
医者はもう何をしても手遅れだと言ってます";"";"0006EA08"
"2";"00067BD0";"コワモテの男";"";"0006EA10"
"2";"00067BE0";"確かに昔は、跡継ぎを欲しくて
お嬢さんを探していたのは事実です";"";"0006EA18"
"2";"00067C20";"コワモテの男";"";"0006EA20"
"2";"00067C30";"ですが、今は違います　最期におふたりに
一目会いたいと言ってるんです！";"";"0006EA28"
"2";"00067C78";"コワモテの男";"";"0006EA30"
"2";"00067C90";"お願いです！
親分に会ってあげてください！";"";"0006EA38"
"2";"00067CC0";"ホステスあけみ";"Hostess Akemi";"0006EA40"
"2";"00067CD0";"そんな…！
でも………";"";"0006EA48"
"2";"00067CF0";"今、会わないときっと後悔するよ";"";"0006EA50"
"2";"00067D10";"自分の気持ちに正直になりなよ";"";"0006EA58"
"2";"00067D30";"薄情者！";"";"0006EA60"
"2";"00067D40";"今まで受けた仕打ちを思い出せ！";"";"0006EA68"
"2";"00067D60";"今、会わないときっと後悔するわよ";"";"0006EA70"
"2";"00067D90";"自分の気持ちに正直になりなさいよ";"";"0006EA78"
"2";"00067DC0";"今まで受けた仕打ちを思い出すのよ！";"";"0006EA80"
"2";"00067DE8";"$p";"$p";"0006EA88"
"2";"00067DF0";"今、会わないときっと後悔するよ";"";"0006EA90"
"2";"00067E10";"$p";"$p";"0006EA98"
"2";"00067E20";"今、会わないときっと後悔するわよ";"";"0006EAA0"
"2";"00067E48";"$p";"$p";"0006EAA8"
"2";"00067E50";"自分の気持ちに正直になりなよ";"";"0006EAB0"
"2";"00067E70";"$p";"$p";"0006EAB8"
"2";"00067E80";"自分の気持ちに正直になりなさいよ";"";"0006EAC0"
"2";"00067EA8";"$p";"$p";"0006EAC8"
"2";"00067EB0";"この薄情者！";"";"0006EAD0"
"2";"00067EC0";"$p";"$p";"0006EAD8"
"2";"00067ED0";"今まで受けた仕打ちを思い出せ！";"";"0006EAE0"
"2";"00067EF0";"$p";"$p";"0006EAE8"
"2";"00067F00";"今まで受けた仕打ちを思い出すのよ！";"";"0006EAF0"
"2";"00067F28";"ホステスあけみ";"Hostess Akemi";"0006EAF8"
"2";"00067F40";"分かってるわ
でも…";"";"0006EB00"
"2";"00067F58";"かずや";"";"0006EB08"
"2";"00067F60";"かあちゃん
会いに行こうぜ";"";"0006EB10"
"2";"00067F80";"ホステスあけみ";"Hostess Akemi";"0006EB18"
"2";"00067F90";"かずや！？";"";"0006EB20"
"2";"00067FA0";"かずや";"";"0006EB28"
"2";"00067FB0";"俺、じいちゃんに会ってみたいな";"";"0006EB30"
"2";"00067FD0";"かずや";"";"0006EB38"
"2";"00067FE0";"かあちゃんは酷いヤツだって言ってたけど
とうちゃんは優しい人だって言ってたよ";"";"0006EB40"
"2";"00068030";"かずや";"";"0006EB48"
"2";"00068040";"優しすぎて、かあちゃんが心配なんだって
だからいつか仲直りできるってさ";"";"0006EB50"
"2";"00068088";"ホステスあけみ";"Hostess Akemi";"0006EB58"
"2";"000680A0";"あの人がそんなことを？";"";"0006EB60"
"2";"000680B8";"かずや";"";"0006EB68"
"2";"000680C0";"うん！　";"";"0006EB70"
"2";"000680D0";"かずや";"";"0006EB78"
"2";"000680E0";"それにホントに酷いヤツだったら
俺がかあちゃんを守ってやるからさ";"";"0006EB80"
"2";"00068120";"かずや";"";"0006EB88"
"2";"00068130";"だから、行こうぜ！
今、行かないと、もう会えなくなるんだろ？";"";"0006EB90"
"2";"00068170";"ホステスあけみ";"Hostess Akemi";"0006EB98"
"2";"00068180";"…ええ、そうね";"";"0006EBA0"
"2";"00068190";"ホステスあけみ";"Hostess Akemi";"0006EBA8"
"2";"000681A0";"分かりました
父に会ってみます…";"";"0006EBB0"
"2";"000681C0";"コワモテの男";"";"0006EBB8"
"2";"000681D0";"ありがとうございます！";"";"0006EBC0"
"2";"000681E8";"コワモテの男";"";"0006EBC8"
"2";"00068200";"こうしちゃ居られねえ！
早速親分に連絡だ！";"";"0006EBD0"
"2";"00068230";"ホステスあけみ";"Hostess Akemi";"0006EBD8"
"2";"00068240";"…これで良かったんですよね？";"";"0006EBE0"
"2";"00068260";"俺は正しい選択をしたんだと思うよ";"";"0006EBE8"
"2";"00068290";"私は正しい選択だと思うわ";"";"0006EBF0"
"2";"000682B0";"あ〜あ　早まったことを！";"";"0006EBF8"
"2";"000682D0";"俺には分からない…";"";"0006EC00"
"2";"000682F0";"私には分からないわ…";"";"0006EC08"
"2";"00068308";"$p";"";"0006EC10"
"2";"00068310";"あんたは正しい選択をした
俺はそう思うよ";"";"0006EC18"
"2";"00068338";"$p";"";"0006EC20"
"2";"00068340";"あなたは正しい選択をした
私はそう思うわ";"";"0006EC28"
"2";"00068368";"$p";"";"0006EC30"
"2";"00068370";"あ〜あ　早まったことを！";"";"0006EC38"
"2";"00068390";"$p";"";"0006EC40"
"2";"000683A0";"俺には分からない…";"";"0006EC48"
"2";"000683B8";"$p";"";"0006EC50"
"2";"000683C0";"私には分からないわ…";"";"0006EC58"
"2";"000683D8";"ホステスあけみ";"Hostess Akemi";"0006EC60"
"2";"000683F0";"…私、かずやの言葉を聞いて
決心がついたんです";"";"0006EC68"
"2";"00068420";"ホステスあけみ";"Hostess Akemi";"0006EC70"
"2";"00068430";"この子ならどんな現実でも受け止められる…
そう思ったんです";"";"0006EC78"
"2";"00068470";"かずや";"";"0006EC80"
"2";"00068478";"へへっ";"";"0006EC88"
"2";"00068480";"ホステスあけみ";"Hostess Akemi";"0006EC90"
"2";"00068490";"私たちはこれからスナックに行って
ママにあいさつしてからこの町を離れます";"";"0006EC98"
"2";"000684D8";"ホステスあけみ";"Hostess Akemi";"0006ECA0"
"2";"000684F0";"あなたにもお世話になりました
ありがとうございます";"";"0006ECA8"
"2";"00068528";"質屋の主人";"Pawnshop Owner";"0006ECB0"
"2";"00068538";"いらっしゃい";"Welcome.";"0006ECB8"
"2";"00068550";"質入れ、質請けをする";"Pawn or redeem an item";"0006ECC0"
"2";"00068570";"質屋についての説明を聞く";"Ask how the pawnshop works";"0006ECC8"
"2";"00068590";"質屋の主人";"Pawnshop Owner";"0006ECD0"
"2";"000685A0";"またどうぞ";"Please come again.";"0006ECD8"
"2";"000685B0";"質入れについて";"Ask about pawning";"0006ECE0"
"2";"000685C0";"質請けについて";"Ask about redeeming";"0006ECE8"
"2";"000685D0";"質入れできないアイテムについて";"Ask about items that cannot be pawned";"0006ECF0"
"2";"000685F0";"聞きたいことはない";"Ask nothing";"0006ECF8"
"2";"00068608";"質屋の主人";"Pawnshop Owner";"0006ED00"
"2";"00068620";"$ci質入れ$crではウチで$ciアイテム$crを預かって
その品に見合った数の$ci玉$crを貸しておる";"When you $cipawn$cr something, I hold the $ciitem$cr here
and lend you a number of $ciballs$cr based on its value.";"0006ED08"
"2";"00068678";"質屋の主人";"Pawnshop Owner";"0006ED10"
"2";"00068690";"質入れするアイテムが高価なほど
貸せる玉の数は多くなるよ";"The more valuable the item you pawn,
the more balls you'll get in return.";"0006ED18"
"2";"000686C8";"質屋の主人";"Pawnshop Owner";"0006ED20"
"2";"000686E0";"もちろん質入れ中のアイテムは使えなくなる
質入れするならそのつもりでな";"Of course, you won't be able to use the item while it's
pawned. Keep that in mind if you decide to pawn it.";"0006ED28"
"2";"00068728";"質屋の主人";"Pawnshop Owner";"0006ED30"
"2";"00068740";"質入れしてるアイテムが必要になったら
$ci質請け$crでアイテムを手元に戻せるよ";"If you need an item you’ve pawned,
you can $ciredeem$cr it to get it back.";"0006ED38"
"2";"00068790";"質屋の主人";"Pawnshop Owner";"0006ED40"
"2";"000687A0";"質請けにいる玉数は質入れで借りた玉数より
多くなるからそのつもりでな";"Just be aware that it'll cost you more balls to redeem it than what you originally borrowed when you pawned it.";"0006ED48"
"2";"000687E8";"質屋の主人";"Pawnshop Owner";"0006ED50"
"2";"00068800";"当然、持ち玉が足りないんじゃあ
預かってるアイテムは返せないからの";"And naturally, if you don’t have enough balls,
I can’t return the item I'm holding for you.";"0006ED58"
"2";"00068848";"質屋の主人";"Pawnshop Owner";"0006ED60"
"2";"00068860";"アイテムなら何でも質入れできるという
わけじゃあない";"Not every item can be pawned.";"0006ED68"
"2";"00068898";"質屋の主人";"Pawnshop Owner";"0006ED70"
"2";"000688B0";"質入れしたらあんたが困るだろうアイテムは
ウチでは預からんことにしておるんでな";"We do not accept items that would
cause you trouble if you pawned them.";"0006ED78"
"2";"00068900";"用はない";"Just looking";"0006ED80"
"2";"00068910";"食通の渡会";"Watarai the Gourmet";"0006ED88"
"2";"00068920";"ここの主人、只者じゃないですね
どの料理にも細やかな工夫が施されてます";"";"0006ED90"
"2";"00068968";"食通の渡会";"Watarai the Gourmet";"0006ED98"
"2";"00068980";"包丁捌きにも無駄が無い
この町にこれ程の料理人がいたとは…";"";"0006EDA0"
"2";"000689C0";"食通の渡会";"Watarai the Gourmet";"0006EDA8"
"2";"000689D0";"評判が広がりさえすれば
全国から人がやって来る腕前ですよ";"";"0006EDB0"
"2";"00068A10";"（この店の評判か…
どうやったら広げられるかな？）";"";"0006EDB8"
"2";"00068A48";"食通の渡会";"Watarai the Gourmet";"0006EDC0"
"2";"00068A60";"やはり甘味は日本のものに
限りますな";"";"0006EDC8"
"2";"00068A88";"食通の渡会";"Watarai the Gourmet";"0006EDD0"
"2";"00068AA0";"西洋のもののような派手さはありませんが
その上品な甘さは奥が深いですからね";"";"0006EDD8"
"2";"00068AF0";"食通の渡会";"Watarai the Gourmet";"0006EDE0"
"2";"00068B00";"この場末の雰囲気
たまらないなあ";"";"0006EDE8"
"2";"00068B20";"食通の渡会";"Watarai the Gourmet";"0006EDF0"
"2";"00068B30";"安いお酒のはずなのに
どうしてこう気持ちよく酔えるんですかね？";"";"0006EDF8"
"2";"00068B70";"カンナ";"";"0006EE00"
"2";"00068B80";"やっぱりここのお好み焼きは最高よね";"";"0006EE08"
"2";"00068BA8";"伝言を伝える";"";"0006EE10"
"2";"00068BB8";"伝言を伝えない";"";"0006EE18"
"2";"00068BC8";"$p";"$p";"0006EE20"
"2";"00068BD0";"お父さんが店を手伝いに来るように
言っていたよ";"";"0006EE28"
"2";"00068C00";"$p";"$p";"0006EE30"
"2";"00068C10";"お父さんが店を手伝いに来るように
言っていたわよ";"";"0006EE38"
"2";"00068C40";"カンナ";"";"0006EE40"
"2";"00068C50";"そうですか
わざわざすみません";"";"0006EE48"
"2";"00068C70";"カンナ";"";"0006EE50"
"2";"00068C80";"でも、私は店を手伝う気はないんです
父さんにそう伝えてください";"";"0006EE58"
"2";"00068CC0";"たまには親孝行するのもいいと思うよ";"";"0006EE60"
"2";"00068CF0";"そんなに店の手伝いが嫌なの？";"";"0006EE68"
"2";"00068D10";"遊びたい年頃だもんな";"";"0006EE70"
"2";"00068D30";"分かった　そう伝えておくよ";"";"0006EE78"
"2";"00068D50";"たまには親孝行するのもいいと思うわよ";"";"0006EE80"
"2";"00068D80";"そんなに店の手伝いが嫌なの？";"";"0006EE88"
"2";"00068DA0";"遊びたい年頃だもんね";"";"0006EE90"
"2";"00068DC0";"分かったわ　そう伝えておくわ";"";"0006EE98"
"2";"00068DE0";"カンナ";"";"0006EEA0"
"2";"00068DF0";"親孝行しろと言うなら、他のことでするわ
ただ、店の手伝いはしたくないの";"";"0006EEA8"
"2";"00068E38";"カンナ";"";"0006EEB0"
"2";"00068E40";"私、釣りが嫌いなんです";"";"0006EEB8"
"2";"00068E58";"カンナ";"";"0006EEC0"
"2";"00068E60";"手伝いが嫌と言うより
私、釣りが嫌いなんです";"";"0006EEC8"
"2";"00068E90";"カンナ";"";"0006EED0"
"2";"00068EA0";"遊びたいのも、もちろんそうだけど…
私、釣りが嫌いなんです";"";"0006EED8"
"2";"00068EE0";"カンナ";"";"0006EEE0"
"2";"00068EF0";"よろしくお願いします";"";"0006EEE8"
"2";"00068F08";"カンナ";"";"0006EEF0"
"2";"00068F10";"昔、一度だけ釣りをしたことがあるんだけど
その時に嫌な思いをして…";"";"0006EEF8"
"2";"00068F58";"カンナ";"";"0006EF00"
"2";"00068F60";"それ以来、釣り具を見るのも嫌なの
店の手伝いなんてしたくないわ";"";"0006EF08"
"2";"00068FA0";"カンナ";"";"0006EF10"
"2";"00068FB0";"釣り具を見るのも嫌なの
店の手伝いなんてしたくないわ";"";"0006EF18"
"2";"00068FF0";"昔、カンナが釣った魚について聞く";"";"0006EF20"
"2";"00069018";"何も聞かない";"Don't ask anything";"0006EF28"
"2";"00069028";"カンナ";"";"0006EF30"
"2";"00069030";"父さんに聞いたのね
子供のつまらない嘘だって言ってたでしょ？";"";"0006EF38"
"2";"00069070";"カンナ";"";"0006EF40"
"2";"00069080";"$puさんもそう思った？
それとも私の話を信じてくれる？";"";"0006EF48"
"2";"000690B8";"もちろん信じる";"";"0006EF50"
"2";"000690D0";"もちろん信じない";"";"0006EF58"
"2";"000690F0";"今はなんとも言えない";"";"0006EF60"
"2";"00069108";"カンナ";"";"0006EF68"
"2";"00069110";"そう！　あの話を信じてくれたのは
あなたが初めてだわ！";"";"0006EF70"
"2";"00069148";"カンナ";"";"0006EF78"
"2";"00069150";"そう…
でも、否定しないだけでも嬉しいな";"";"0006EF80"
"2";"00069178";"カンナ";"";"0006EF88"
"2";"00069180";"父さんや友達に話しても
嘘としか受け取ってくれなかったから…";"";"0006EF90"
"2";"000691C0";"カンナ";"";"0006EF98"
"2";"000691D0";"ショックだったわ…
私は嘘なんてついてなかったのに…";"";"0006EFA0"
"2";"00069210";"どんな魚だった？";"";"0006EFA8"
"2";"00069230";"なぜ逃がしてしまった？";"";"0006EFB0"
"2";"00069250";"どこでその魚を釣った？";"";"0006EFB8"
"2";"00069270";"釣り具は何を使った？";"";"0006EFC0"
"2";"00069290";"聞きたいことはない";"";"0006EFC8"
"2";"000692A8";"カンナ";"";"0006EFD0"
"2";"000692B0";"すごく大きな魚だった　あんな大きな魚が
私に釣れたなんて今でも信じられないわ";"";"0006EFD8"
"2";"00069300";"カンナ";"";"0006EFE0"
"2";"00069310";"それに、すごく綺麗な色をしていたの
まるで虹みたいな魚だったわ";"";"0006EFE8"
"2";"00069350";"カンナ";"";"0006EFF0"
"2";"00069360";"本当に綺麗な魚だったから
そのまま釣って帰るのが悪い気がして…";"";"0006EFF8"
"2";"000693A0";"カンナ";"";"0006F000"
"2";"000693B0";"でも、それが失敗だったわ！
誰も信じてくれないんだもの！";"";"0006F008"
"2";"000693E8";"カンナ";"";"0006F010"
"2";"000693F0";"釣りをしたのは店の前の$ci埠頭$crだったわ";"";"0006F018"
"2";"00069420";"カンナ";"";"0006F020"
"2";"00069430";"釣竿は店に置いてあった
$ci高級釣竿$crを使ったわ";"";"0006F028"
"2";"00069460";"カンナ";"";"0006F030"
"2";"00069470";"でも、今は確かウチでは
扱ってないはずよ";"";"0006F038"
"2";"00069498";"カンナ";"";"0006F040"
"2";"000694A0";"釣り餌は…
ごめんなさい　そこまでは覚えてないわ";"";"0006F048"
"2";"000694D0";"カンナ";"";"0006F050"
"2";"000694E0";"父さんは自分が知らない魚なんて
いるはずがないと思ってるのよ";"";"0006F058"
"2";"00069520";"カンナ";"";"0006F060"
"2";"00069530";"実物を目の前に突きつけられれば
嫌でも信じるだろうけど…";"";"0006F068"
"2";"00069568";"カンナ";"";"0006F070"
"2";"00069570";"そっか…　そうよね…";"";"0006F078"
"2";"00069588";"カンナ";"";"0006F080"
"2";"00069590";"あっ！！　この魚拓は！？";"";"0006F088"
"2";"000695B0";"七色の魚の魚拓だよ";"";"0006F090"
"2";"000695D0";"$plウオの魚拓だよ";"";"0006F098"
"2";"000695F0";"カンナウオの魚拓だよ";"";"0006F0A0"
"2";"00069608";"アジの魚拓だよ";"";"0006F0A8"
"2";"00069620";"クジラの魚拓だよ";"";"0006F0B0"
"2";"00069640";"七色の魚の魚拓よ";"";"0006F0B8"
"2";"00069660";"$plウオの魚拓よ";"";"0006F0C0"
"2";"00069670";"カンナウオの魚拓よ";"";"0006F0C8"
"2";"00069688";"アジの魚拓よ";"";"0006F0D0"
"2";"000696A0";"クジラの魚拓だよ";"";"0006F0D8"
"2";"000696B8";"カンナ";"";"0006F0E0"
"2";"000696C0";"あなたが釣ってくれたのね！！
ありがとう！！";"";"0006F0E8"
"2";"000696F0";"カンナ";"";"0006F0F0"
"2";"00069700";"わ、私は魚じゃないわよ！";"";"0006F0F8"
"2";"00069720";"カンナ";"";"0006F100"
"2";"00069730";"嘘！　私に分からないわけないじゃない！";"";"0006F108"
"2";"00069758";"カンナ";"";"0006F110"
"2";"00069760";"七色の魚を釣ってくれたのね！！
ありがとう！！";"";"0006F118"
"2";"00069790";"カンナ";"";"0006F120"
"2";"000697A0";"父さん、ビックリしてたでしょ？
何て言ってた？";"";"0006F128"
"2";"000697D0";"「自分が間違っていた」と後悔していた";"";"0006F130"
"2";"00069800";"「許してくれ、カンナ」と泣いていた";"";"0006F138"
"2";"00069830";"「こ、この魚は知ってらあ」と強がっていた";"";"0006F140"
"2";"00069860";"何も言っていなかった";"";"0006F148"
"2";"00069878";"カンナ";"";"0006F150"
"2";"00069880";"あの父さんが！？
やった！！　";"";"0006F158"
"2";"000698A0";"カンナ";"";"0006F160"
"2";"000698B0";"あの父さんが！？
よ、よく反省してるみたいね…";"";"0006F168"
"2";"000698E0";"カンナ";"";"0006F170"
"2";"000698F0";"まったく強がっちゃって！　まあいいわ
こっちには動かぬ証拠があるんだから";"";"0006F178"
"2";"00069938";"カンナ";"";"0006F180"
"2";"00069940";"やった！！
あまりのショックで言葉も無かったのね！";"";"0006F188"
"2";"00069978";"カンナ";"";"0006F190"
"2";"00069980";"これで私の話が本当だったって
証明できたわ！　ありがとう！！";"";"0006F198"
"2";"000699C0";"カンナ";"";"0006F1A0"
"2";"000699D0";"お礼にこれをあげるわ
ハイ";"";"0006F1A8"
"2";"000699F0";"カンナ";"";"0006F1B0"
"2";"00069A00";"本当はうお八秘蔵の釣竿なんだけど
父さんにはよ〜く反省してもらわないと";"";"0006F1B8"
"2";"00069A48";"カンナ";"";"0006F1C0"
"2";"00069A50";"今なら父さんも嫌とは言えないだろうしね
ふふふ…";"";"0006F1C8"
"2";"00069A80";"カンナ";"";"0006F1D0"
"2";"00069A90";"私の話が本当だったって証明できたわ
ありがとう！";"";"0006F1D8"
"2";"00069AC0";"「$ci$plウオの魚拓$cr」を見せますか？";"";"0006F1E0"
"2";"00069AE8";"見せる";"";"0006F1E8"
"2";"00069AF0";"見せない";"";"0006F1F0"
"2";"00069B00";"カンナ";"";"0006F1F8"
"2";"00069B10";"あの魚のことなら何でも聞いてね
あの時のことは今でもはっきり覚えてるわ";"";"0006F200"
"2";"00069B60";"定食屋のメニューが並んでいる
どうやら作り物のようだ";"The diner's menu items are lined up on display,
but they appear to be fake plastic food models.";"0006F208"
"2";"00069BA0";"立派な魚拓だ
この店の主人が釣ったのだろうか？";"That's an impressive fish print.
Did the shop owner caught it?";"0006F210"
"2";"00069BD0";"釣竿が並んでいる";"A row of fishing rods is lined up.";"0006F218"
"2";"00069BF0";"くたびれた腕時計が並んでいる";"Worn-out wristwatches are on display.";"0006F220"
"2";"00069C10";"おまけ画像「$ciトレジャーマリンちゃん$cr」を
手に入れた！";"Obtained bonus image: $ciTreasure Marine$cr!";"0006F228"
"2";"00069C50";"$puさん？";"";"0006F230"
"2";"00069C60";"どうしたんです？
何か手がかりでも見つけたんですか？";"";"0006F238"
"2";"00069CA0";"だといいんだけどな";"";"0006F240"
"2";"00069CC0";"ああ、すごい手がかりだ";"";"0006F248"
"2";"00069CE0";"いや、なんでもないよ";"";"0006F250"
"2";"00069D00";"だといいんだけどね";"";"0006F258"
"2";"00069D20";"ふふっ　すごい手がかりよ";"";"0006F260"
"2";"00069D40";"ううん　なんでもないわ";"";"0006F268"
"2";"00069D60";"だといいんだけどな";"";"0006F270"
"2";"00069D80";"だといいんだけどね";"";"0006F278"
"2";"00069DA0";"…やっぱり、事件のことは$n警察の人に任せた方がいいですよ";"";"0006F280"
"2";"00069DE0";"ああ、すごい手がかりだ";"";"0006F288"
"2";"00069E00";"ふふっ　すごい手がかりよ";"";"0006F290"
"2";"00069E20";"えっ　そうなんですか？";"";"0006F298"
"2";"00069E40";"でも…　やっぱり事件のことは$n警察の人に任せた方がいいですよ";"";"0006F2A0"
"2";"00069E80";"いや、なんでもないよ";"";"0006F2A8"
"2";"00069EA0";"ううん　なんでもないわ";"";"0006F2B0"
"2";"00069EC0";"…やっぱり、事件のことは$n警察の人に任せた方がいいですよ";"";"0006F2B8"
"2";"00069F00";"ケガをしてからじゃあ　遅いですから…";"";"0006F2C0"
"2";"00069F30";"ここじゃ…　外へ出ましょう";"";"0006F2C8"
"2";"00069F50";"……$puさんは$nこの事件を調べてどうしたいんですか…？";"";"0006F2D0"
"2";"00069F90";"真実の追究をしたいだけさ";"";"0006F2D8"
"2";"00069FB0";"俺を陥れた奴に仕返しをしたいのさ";"";"0006F2E0"
"2";"00069FE0";"ただの成り行きだよ";"";"0006F2E8"
"2";"0006A000";"どうもしない　暇つぶしだよ";"";"0006F2F0"
"2";"0006A020";"本当の事が知りたいだけよ";"";"0006F2F8"
"2";"0006A040";"私を陥れたやつに仕返ししたいの";"";"0006F300"
"2";"0006A060";"ただの成り行きよ";"";"0006F308"
"2";"0006A080";"どうもしないわ　ただの暇つぶしよ";"";"0006F310"
"2";"0006A0B0";"真実の追究をしたいだけさ";"";"0006F318"
"2";"0006A0D0";"俺を陥れた奴に仕返しをしたいのさ";"";"0006F320"
"2";"0006A100";"…ただの成り行きだよ";"";"0006F328"
"2";"0006A120";"どうかしたいわけじゃない$nただの暇つぶしだよ";"";"0006F330"
"2";"0006A150";"私は…　本当の事が知りたいの
ただそれだけ…";"";"0006F338"
"2";"0006A180";"私を陥れたやつに仕返ししないと
気がすまないのよ";"";"0006F340"
"2";"0006A1B0";"ただの成り行きよ";"";"0006F348"
"2";"0006A1D0";"どうかしたいつもりはないわ…
ただの暇つぶしよ";"";"0006F350"
"2";"0006A200";"……そうですか…";"";"0006F358"
"2";"0006A220";"$puさんには、いろいろと迷惑をかけて$n申し訳ないと思っています";"";"0006F360"
"2";"0006A260";"だから、$puさんが知りたいと言うなら$n本当の事をお話します";"";"0006F368"
"2";"0006A2A0";"本当の事を聞かせてくれ";"";"0006F370"
"2";"0006A2C0";"俺はどっちでもいい　任せるよ";"";"0006F378"
"2";"0006A2E0";"教えて　本当の事を…";"";"0006F380"
"2";"0006A300";"どっちでもいいわ　気が向いたら話してよ";"";"0006F388"
"2";"0006A330";"本当の事を聞かせてくれ";"";"0006F390"
"2";"0006A350";"俺はどっちでもいい　任せるよ";"";"0006F398"
"2";"0006A370";"教えて　本当の事を…";"";"0006F3A0"
"2";"0006A390";"どっちでもいいわ
気が向いたら話してよ";"";"0006F3A8"
"2";"0006A3C0";"私…　この町に父を探しに来たんです";"";"0006F3B0"
"2";"0006A3F0";"父は…　小さいころに別れたきりで$n顔も覚えていません";"";"0006F3B8"
"2";"0006A430";"母は世間体を気にする人で、$n私を父に会わせないようにしていました";"";"0006F3C0"
"2";"0006A480";"でも…　父にずっと会いたくて…$n母には内緒で居場所を調べていました";"";"0006F3C8"
"2";"0006A4D0";"それで…　大学の夏休みを利用して$nこの町に来たんです";"";"0006F3D0"
"2";"0006A510";"母親は許してくれたのか？";"";"0006F3D8"
"2";"0006A530";"それで…　どうして銀玉会館に？";"";"0006F3E0"
"2";"0006A550";"（だまって聞いている）";"";"0006F3E8"
"2";"0006A570";"お母さんは許してくれたの？";"";"0006F3F0"
"2";"0006A590";"それで…　どうして銀玉会館に？";"";"0006F3F8"
"2";"0006A5B0";"母親は許してくれたのか？";"";"0006F400"
"2";"0006A5D0";"お母さんは許してくれたの？";"";"0006F408"
"2";"0006A5F0";"母には、大学のゼミ旅行だといって$nウソをついてきました";"";"0006F410"
"2";"0006A630";"私以外の家族は、$n今ごろ海外に旅行に行っているはずです";"";"0006F418"
"2";"0006A670";"それで…　どうして銀玉会館に？";"";"0006F420"
"2";"0006A690";"それで…　どうして銀玉会館に？";"";"0006F428"
"2";"0006A6B0";"…はい";"";"0006F430"
"2";"0006A6C0";"あの雨の朝…　私も、銀玉会館で$n雨宿りをしていました";"";"0006F438"
"2";"0006A700";"店の隅で座っていると、不意にシャッターを$n叩く音がして…　男の人が入ってきました";"";"0006F440"
"2";"0006A760";"私に気づくとニヤニヤして…$nすごく怖かったのを覚えています";"";"0006F448"
"2";"0006A7A0";"その人は「さっさと渡しな」と言いました$n私はてっきり強盗だと思って…";"";"0006F450"
"2";"0006A7F0";"お金を渡したら「またバカにするのか！」$nといってひどく怒り始めて…";"";"0006F458"
"2";"0006A840";"つかみ倒されて…　頭を強く打ちました";"";"0006F460"
"2";"0006A870";"遠のく意識の中で、その人が$n複数の人に襲われるのを見ました";"";"0006F468"
"2";"0006A8B0";"複数の人？の事を聞く";"";"0006F470"
"2";"0006A8C8";"続きを聞く";"";"0006F478"
"2";"0006A8D8";"複数の人？";"";"0006F480"
"2";"0006A8E8";"複数の人？";"";"0006F488"
"2";"0006A900";"２、３人はいたと思います$n…たぶん　男の人だったと思います";"";"0006F490"
"2";"0006A940";"その後気を失ってしまって…$nはっきりとは覚えていないんですが…";"";"0006F498"
"2";"0006A980";"気づくと、井原診療所のベッドでした";"";"0006F4A0"
"2";"0006A9B0";"頭の中が真っ白で…$n何も思い出せないのに気づきました";"";"0006F4A8"
"2";"0006A9F0";"記憶を失っていたのは本当なんです$nでも…";"";"0006F4B0"
"2";"0006AA20";"退院して、銀玉会館で働くうちに$n少しずつ思い出してきたんです";"";"0006F4B8"
"2";"0006AA60";"私が父を探しに来たこと$nこの町に父がいること";"";"0006F4C0"
"2";"0006AA90";"そして「複数の人」の中に$nたぶん…　父がいたこと…";"";"0006F4C8"
"2";"0006AAD0";"その父とは誰だ？";"";"0006F4D0"
"2";"0006AAE8";"続きを聞く";"";"0006F4D8"
"2";"0006AB00";"あなたのお父さんて…？";"";"0006F4E0"
"2";"0006AB20";"その父とは誰だ？";"";"0006F4E8"
"2";"0006AB40";"あなたのお父さんて…？";"";"0006F4F0"
"2";"0006AB60";"それは…　言えません";"";"0006F4F8"
"2";"0006AB80";"でも…　私が娘であることは$n気づかなかったようです";"";"0006F500"
"2";"0006ABC0";"たぶん…　今でも…";"";"0006F508"
"2";"0006ABE0";"それから、ものすごい不安に駆られました$n記憶が戻った事を犯人が、父が知ったら…";"";"0006F510"
"2";"0006AC30";"私は殺人事件の目撃者ですから…";"";"0006F518"
"2";"0006AC50";"それに、娘だと言っても$n信じてもらえないかもしれない";"";"0006F520"
"2";"0006AC90";"それを言って良いのかどうかも…$n分かりませんでした";"";"0006F528"
"2";"0006ACD0";"だから、$n記憶を失ったふりをしていようと決めました";"";"0006F530"
"2";"0006AD10";"でも、捜査が進むにつれて不安になって…";"";"0006F538"
"2";"0006AD40";"父が逮捕されるかもしれない$nやっと会いに来れたのに…";"";"0006F540"
"2";"0006AD80";"だから$puさんが診療所の前で証拠品を$n見つけた時はもうだめだと思いました";"";"0006F548"
"2";"0006ADD0";"だから、誘拐されたと偽って
$puさんをおびき出したんです";"";"0006F550"
"2";"0006AE08";"でも…　私…";"";"0006F558"
"2";"0006AE20";"本当に…
どうしたらいいか分からないんです…";"";"0006F560"
"2";"0006AE50";"何が、父にとって一番いいことなのか…";"";"0006F568"
"2";"0006AE80";"$puさん…　父を…$nこの町の人をよろしくお願いします…";"";"0006F570"
"2";"0006AEC0";"誘拐のことを聞く";"";"0006F578"
"2";"0006AED8";"何も聞かない";"Don't ask anything";"0006F580"
"2";"0006AEE8";"$p";"";"0006F588"
"2";"0006AEF0";"誘拐事件のことだけど…";"";"0006F590"
"2";"0006AF10";"奪われた持ち物について聞く";"";"0006F598"
"2";"0006AF30";"銀玉仮面が誰だか聞く";"";"0006F5A0"
"2";"0006AF48";"$p";"";"0006F5A8"
"2";"0006AF50";"俺が気を失っているあいだに、
銀玉仮面が奪っていったものを知らないか？";"";"0006F5B0"
"2";"0006AF98";"$p";"";"0006F5B8"
"2";"0006AFA0";"私が気を失っているあいだに、
銀玉仮面が奪っていったものを知らない？";"";"0006F5C0"
"2";"0006AFE8";"$p";"";"0006F5C8"
"2";"0006AFF0";"銀玉仮面が誰なのか、知らないか？";"";"0006F5D0"
"2";"0006B018";"$p";"";"0006F5D8"
"2";"0006B020";"銀玉仮面が誰なのか、知らない？";"";"0006F5E0"
"2";"0006B040";"白石 紀子";"Noriko Shiraishi";"0006F5E8"
"2";"0006B050";"銀玉仮面は何のために私なんて
誘拐したんでしょうか…";"";"0006F5F0"
"2";"0006B090";"「$c4パチンコ屋殺人事件$cr」の新たな証言…";"";"0006F5F8"
"2";"0006B0C0";"$ci紀子の証言では、
犯人はパチパラ町の住人の誰か$crを入手した";"";"0006F600"
"2";"0006B100";"「$c4土地ブローカー殺害事件$cr」の新たな証言…";"";"0006F608"
"2";"0006B130";"$ci井原診療所の前にカフスが落ちていた$crを
入手した";"";"0006F610"
"2";"0006B168";"白石 紀子";"Noriko Shiraishi";"0006F618"
"2";"0006B180";"$puさん　体の方は大丈夫ですか？";"";"0006F620"
"2";"0006B1A0";"「自分は平気だ」と言い、紀子を安心させる";"";"0006F628"
"2";"0006B1D0";"「まだ意識がハッキリしない」と答える";"";"0006F630"
"2";"0006B200";"「気絶した振りだった」と嘘をつく";"";"0006F638"
"2";"0006B230";"記憶喪失の振りをする";"";"0006F640"
"2";"0006B248";"$p";"";"0006F648"
"2";"0006B250";"もう平気だ　ピンピンしてるよ";"";"0006F650"
"2";"0006B270";"$p";"";"0006F658"
"2";"0006B280";"大丈夫！　実は気絶した振りだったのさ";"";"0006F660"
"2";"0006B2A8";"$p";"";"0006F668"
"2";"0006B2B0";"まだ頭がボンヤリしてるよ…";"";"0006F670"
"2";"0006B2D0";"$p";"";"0006F678"
"2";"0006B2E0";"ここは…　どこだ？
俺は…　誰なんだ…？";"";"0006F680"
"2";"0006B308";"$p";"";"0006F688"
"2";"0006B310";"もう平気よ　ピンピンしてるわ";"";"0006F690"
"2";"0006B330";"$p";"";"0006F698"
"2";"0006B340";"大丈夫！　実は気絶した振りだったの";"";"0006F6A0"
"2";"0006B368";"$p";"";"0006F6A8"
"2";"0006B370";"まだ頭がボンヤリしてるわ…";"";"0006F6B0"
"2";"0006B390";"$p";"";"0006F6B8"
"2";"0006B3A0";"ここは…　どこ？
私は…　誰なの…？";"";"0006F6C0"
"2";"0006B3C8";"白石 紀子";"Noriko Shiraishi";"0006F6C8"
"2";"0006B3E0";"良かった…
私…　本当に心配で…";"";"0006F6D0"
"2";"0006B400";"白石 紀子";"Noriko Shiraishi";"0006F6D8"
"2";"0006B410";"だ、大丈夫ですか？
私…　本当に心配で…";"";"0006F6E0"
"2";"0006B438";"白石 紀子";"Noriko Shiraishi";"0006F6E8"
"2";"0006B450";"ええっ！？
まさか$puさんも…";"";"0006F6F0"
"2";"0006B470";"$p";"";"0006F6F8"
"2";"0006B480";"ゴメン　ゴメン
冗談だよ";"";"0006F700"
"2";"0006B498";"$p";"";"0006F708"
"2";"0006B4A0";"ごめんなさい
冗談よ";"";"0006F710"
"2";"0006B4B8";"白石 紀子";"Noriko Shiraishi";"0006F718"
"2";"0006B4D0";"よ、良かった…
ビックリさせないでください！　";"";"0006F720"
"2";"0006B500";"白石 紀子";"Noriko Shiraishi";"0006F728"
"2";"0006B510";"私、本当に心配したんですよ…";"";"0006F730"
"2";"0006B530";"白石 紀子";"Noriko Shiraishi";"0006F738"
"2";"0006B540";"…$puさんは銀玉仮面を見たんですか？";"";"0006F740"
"2";"0006B570";"「気絶していて見ていない」と事実を言う";"";"0006F748"
"2";"0006B5A0";"「殴られたショックで忘れた」と答える";"";"0006F750"
"2";"0006B5D0";"「もちろん見た」と見栄をはる";"";"0006F758"
"2";"0006B5F0";"$p";"";"0006F760"
"2";"0006B600";"ごめん　何も見てないんだ";"";"0006F768"
"2";"0006B620";"$p";"";"0006F770"
"2";"0006B630";"ごめんなさい　何も見てないの";"";"0006F778"
"2";"0006B650";"白石 紀子";"Noriko Shiraishi";"0006F780"
"2";"0006B660";"えっ！？　そうだったんですか！？
じゃあ銀玉仮面の顔を見たんですか？";"";"0006F788"
"2";"0006B6B0";"「本当は気絶していた」と正直に言う";"";"0006F790"
"2";"0006B6E0";"「もちろん見た」と嘘を重ねる";"";"0006F798"
"2";"0006B700";"「顔は見ていない」と取りつくろう";"";"0006F7A0"
"2";"0006B730";"「殴られたショックで忘れた」と白を切る";"";"0006F7A8"
"2";"0006B758";"$p";"";"0006F7B0"
"2";"0006B760";"も、もちろん見たぜ！
い、いかつい大柄な男だったかな？";"";"0006F7B8"
"2";"0006B798";"$p";"";"0006F7C0"
"2";"0006B7A0";"も、もちろん見たわ！
い、いかつい大柄な男だったかしら？";"";"0006F7C8"
"2";"0006B7D8";"$p";"";"0006F7D0"
"2";"0006B7E0";"残念だけど顔は見てないのよ…";"";"0006F7D8"
"2";"0006B800";"$p";"";"0006F7E0"
"2";"0006B810";"確かに見たんだけど…　思い出せない…
殴られたせいかな…";"";"0006F7E8"
"2";"0006B848";"$p";"";"0006F7F0"
"2";"0006B850";"確かに見たんだけど…　思い出せないわ…
殴られたせいかしら…";"";"0006F7F8"
"2";"0006B890";"白石 紀子";"Noriko Shiraishi";"0006F800"
"2";"0006B8A0";"そうですか…";"";"0006F808"
"2";"0006B8B0";"白石 紀子";"Noriko Shiraishi";"0006F810"
"2";"0006B8C0";"そうなんですか！？　じゃあ銀玉仮面を
捕まえられるかも知れませんね";"";"0006F818"
"2";"0006B908";"白石 紀子";"Noriko Shiraishi";"0006F820"
"2";"0006B920";"私は仕事帰りにいきなり後ろから殴られて…
だから何も見てないんです";"";"0006F828"
"2";"0006B968";"白石 紀子";"Noriko Shiraishi";"0006F830"
"2";"0006B980";"私も仕事帰りにいきなり後ろから殴られて…
だから何も見てないんです";"";"0006F838"
"2";"0006B9C8";"白石 紀子";"Noriko Shiraishi";"0006F840"
"2";"0006B9E0";"銀玉仮面は何のために私なんて
誘拐したんでしょうか…";"";"0006F848"
"2";"0006BA20";"（銀玉仮面の目的は…）";"";"0006F850"
"2";"0006BA40";"身代金を要求するため";"";"0006F858"
"2";"0006BA60";"自分をおびき寄せるため";"";"0006F860"
"2";"0006BA78";"特に意味はない";"";"0006F868"
"2";"0006BA90";"（身代金を要求するためではないか？）";"";"0006F870"
"2";"0006BAC0";"（俺をおびき寄せるためではないか？）";"";"0006F878"
"2";"0006BAF0";"（特に意味はないのか？）";"";"0006F880"
"2";"0006BB10";"（一度、よく考えてみる必要があるな…）";"";"0006F888"
"2";"0006BB40";"（身代金を要求するためなの？）";"";"0006F890"
"2";"0006BB60";"（私をおびき寄せるためなの？）";"";"0006F898"
"2";"0006BB80";"（特に意味はないの？）";"";"0006F8A0"
"2";"0006BBA0";"（一度、よく考えてみる必要があるわね…）";"";"0006F8A8"
"3";"000B2343";"店主";"";""
"3";"000B2348";"「$ci$e0$cr」なら【$ci$e1$cr玉】で返すよ";"";""
"3";"000B2371";"質請けする";"";""
"3";"000B237C";"やめておく";"Cancel";""
"3";"000B2387";"質屋の主人";"Pawnshop Owner";""
"3";"000B2392";"持ち玉が足りないね";"";""
"3";"000B23A5";"「$ci$e0$cr」なら【$ci$e1$cr玉】貸すよ";"";""
"3";"000B23CC";"質入する";"";""
