"block";"j_offset";"j_string";"e_string";"pointer"
"0";"0004F0B0";"？　ハンドルが湿っているような気がする";"";"000627B0"
"0";"0004F0E0";"手がペンキだらけになってしまった…";"";"000627B8"
"0";"0004F110";"大海病院は向こうのようですね";"";"000627C0"
"0";"0004F130";"車が走っているから気をつけな";"";"000627C8"
"0";"0004F150";"はい";"";"000627D0"
"0";"0004F160";"ここが大海病院みたいですね";"";"000627D8"
"0";"0004F180";"…中に入りましょうか";"";"000627E0"
"0";"0004F1A0";"車が走っているから、気をつけて渡りましょう";"";"000627E8"
"0";"0004F1D0";"…彼女をここまで連れてこないと";"";"000627F0"
"0";"0004F1F0";"…彼女を病院まで送っていかないと";"";"000627F8"
"0";"0004F220";"…彼女をここまで連れてこないとな";"";"00062800"
"0";"0004F250";"…彼女を病院まで送っていかないとな";"";"00062808"
"0";"0004F278";"暇そうな警備員";"";"00062810"
"0";"0004F290";"申し訳ありません
";"";"00062818"
"0";"0004F2A8";"暇そうな警備員";"";"00062820"
"0";"0004F2C0";"ただ今、橋上の歩道工事中でして
通行禁止となっております";"";"00062828"
"0";"0004F2F8";"暇そうな警備員";"";"00062830"
"0";"0004F310";"ご協力ありがとうございました
工事は終わりましたのでお通りください";"";"00062838"
"0";"0004F358";"暇そうな警備員";"";"00062840"
"0";"0004F370";"もうそろそろ会社に帰ろうかな
";"";"00062848"
"0";"0004F390";"…この先は、住宅地のようだ";"";"00062850"
"0";"0004F3B0";"…この先は、住宅地のようね";"";"00062858"
"0";"0004F3D0";"隣の部屋のドアが開いていたな…";"";"00062860"
"0";"0004F3F0";"隣の部屋のドアが開いていたわね…";"";"00062868"
"0";"0004F420";"彼女を置いて帰るわけにはいかないな";"";"00062870"
"0";"0004F450";"彼を置いて帰るわけにはいかないわね";"";"00062878"
"0";"0004F478";"貯玉がない…";"";"00062880"
"0";"0004F490";"そういえば、今夜は$e0さんと盆踊りの
約束をしていたなあ";"";"00062888"
"0";"0004F4C8";"白石";"";"00062890"
"0";"0004F4D0";"美沢";"";"00062898"
"0";"0004F4D8";"桂木";"";"000628A0"
"0";"0004F4E0";"片山";"";"000628A8"
"0";"0004F4E8";"黒崎";"";"000628B0"
"0";"0004F4F0";"朝倉";"";"000628B8"
"0";"0004F500";"部屋に備え付けのキッチン
水は出ていない";"";"000628C0"
"0";"0004F530";"カラーテレビがある　電源はついていない";"";"000628C8"
"0";"0004F560";"化粧棚がおいてある
中を荒らされた形跡がある";"";"000628D0"
"0";"0004F590";"（こ、これは…）";"";"000628D8"
"0";"0004F5B0";"やってません
営業時間：昼〜夜　　　　　　　　　　えの鮨";"";"000628E0"
"0";"0004F5F0";"本日は新装開店のため昼からの営業となります
　　　　　　　　　パーラー・ベリーラッキー";"";"000628E8"
"0";"0004F650";"ただいま清掃中
営業時間：朝・夕・夜　　　　　　　　海の湯";"";"000628F0"
"0";"0004F690";"準備中
営業時間：朝・昼・夜　　　　キッチン　たま";"";"000628F8"
"0";"0004F6D0";"閉店中
営業時間：朝〜夕　　　　　　パーマモンロー";"";"00062900"
"0";"0004F710";"閉院
診察時間：朝〜夕　　　　　　　　　大海病院";"";"00062908"
"0";"0004F740";"ここは女子トイレだ";"";"00062910"
"0";"0004F760";"こっちは男子トイレね";"";"00062918"
"0";"0004F780";"公園に人が集まっていたな";"";"00062920"
"0";"0004F7A0";"何かあったのだろうか…";"";"00062928"
"0";"0004F7C0";"公園に人が集まっていたわね";"";"00062930"
"0";"0004F7E0";"何かあったのかしら…";"";"00062938"
"0";"0004F800";"ドアにはカギがかかっている
";"";"00062940"
"0";"0004F820";"表札には「２０１」と書いてある";"";"00062948"
"0";"0004F840";"表札には「２０３」と書いてある";"";"00062950"
"0";"0004F860";"ドアには、警察のテープがかけられている";"";"00062958"
"0";"0004F890";"中には入れないようだ";"";"00062960"
"0";"0004F8A8";"ご立腹の女性";"";"00062968"
"0";"0004F8C0";"もう、覗きなんて最低よ
腹が立ってしようがないわ";"";"00062970"
"0";"0004F8F0";"ご立腹の女性";"";"00062978"
"0";"0004F900";"あらごめんなさい　名前も言ってなかったわね
私は洞口明子　この町に住んでいるの";"";"00062980"
"0";"0004F950";"洞口　明子";"";"00062988"
"0";"0004F960";"お風呂で初めて会った人に、こんな事件を
頼むことになってしまって申し訳ないわね";"";"00062990"
"0";"0004F9B0";"洞口　明子";"";"00062998"
"0";"0004F9C0";"でも私は見たのよ
窓から外を見たときに、何かが光ったのを";"";"000629A0"
"0";"0004F9F8";"洞口　明子";"";"000629A8"
"0";"0004FA10";"あれは、絶対にカメラのフラッシュよ
$ci写真館のオヤジ$crが怪しいに決まってるわ";"";"000629B0"
"0";"0004FA60";"洞口　明子";"";"000629B8"
"0";"0004FA70";"いつも気持ち悪い人形ばかりつくっているし…
今度やったら、絶対に捕まえてやるわ！";"";"000629C0"
"0";"0004FAC0";"牛乳配達員";"";"000629C8"
"0";"0004FAD0";"おはようございます　今日もいい天気ですね";"";"000629D0"
"0";"0004FB00";"「牛乳の集金をしている方ですか？」と尋ねる";"";"000629D8"
"0";"0004FB30";"「牛乳おいしそうですね」とそれとなくねだる";"";"000629E0"
"0";"0004FB60";"用はない";"";"000629E8"
"0";"0004FB70";"牛乳配達員";"";"000629F0"
"0";"0004FB80";"どうぞ　おいしいですよ";"";"000629F8"
"0";"0004FB98";"牛乳配達員";"";"00062A00"
"0";"0004FBB0";"欲しかったら、いつでも声をかけてください";"";"00062A08"
"0";"0004FBE0";"牛乳配達員";"";"00062A10"
"0";"0004FBF0";"ええ
月末に家を回って、集金もしていますよ";"";"00062A18"
"0";"0004FC20";"牛乳配達員";"";"00062A20"
"0";"0004FC30";"集金は、配達と違って人の家に入るので
見ちゃいけないものとかも見てしまうんですよ";"";"00062A28"
"0";"0004FC80";"「見ちゃいけないもの？」と尋ねる";"";"00062A30"
"0";"0004FCB0";"「へぇ　大変な仕事なんですね」と感心する";"";"00062A38"
"0";"0004FCE0";"「集金って面白そうですね」と興味を持つ";"";"00062A40"
"0";"0004FD08";"牛乳配達員";"";"00062A48"
"0";"0004FD18";"そうなんですよ";"";"00062A50"
"0";"0004FD28";"牛乳配達員";"";"00062A58"
"0";"0004FD40";"そうなんですよ　大変なんですよ";"";"00062A60"
"0";"0004FD60";"牛乳配達員";"";"00062A68"
"0";"0004FD70";"そうかもしれませんね";"";"00062A70"
"0";"0004FD88";"牛乳配達員";"";"00062A78"
"0";"0004FDA0";"この前、アパートの１０１号室に住んでいる
男性の所へ集金に行ったのですが…";"";"00062A80"
"0";"0004FDF0";"牛乳配達員";"";"00062A88"
"0";"0004FE00";"家の中に、双眼鏡やら望遠レンズのついた
カメラが散乱している部屋でしてね";"";"00062A90"
"0";"0004FE48";"牛乳配達員";"";"00062A98"
"0";"0004FE60";"おまけに部屋の中がすごく暗いんですよ";"";"00062AA0"
"0";"0004FE88";"牛乳配達員";"";"00062AA8"
"0";"0004FEA0";"何でも、部屋で写真を現像しているとかいう
話を先輩から聞きましたよ";"";"00062AB0"
"0";"0004FEE8";"牛乳配達員";"";"00062AB8"
"0";"0004FF00";"いやあ　あの人の家は本当にすごかったなぁ";"";"00062AC0"
"0";"0004FF30";"風呂好きのオヤジ";"";"00062AC8"
"0";"0004FF50";"朝風呂ってのは気持ちいいねぇ
寝ぼけた頭がシャキっと冴えてくるよ";"";"00062AD0"
"0";"0004FF90";"風呂好きのオヤジ";"";"00062AD8"
"0";"0004FFB0";"風呂屋っていうのは、大変そうだな
寝る暇なんて、あるのかねえ";"";"00062AE0"
"0";"0004FFF0";"風呂好きのオヤジ";"";"00062AE8"
"0";"00050010";"夕方に風呂に入るのは気持ちいいねぇ
仕事の汗を流すとスッキリするよ";"";"00062AF0"
"0";"00050060";"風呂好きのオヤジ";"";"00062AF8"
"0";"00050080";"夜のお風呂は好きじゃないな
人の後に入るのは、気持ちいいもんじゃねぇ";"";"00062B00"
"0";"000500C8";"徘徊する老人";"";"00062B08"
"0";"000500E0";"わしゃ、こうやって散歩するのが日課なんじゃ";"";"00062B10"
"0";"00050110";"礼儀正しい男の子";"";"00062B18"
"0";"00050130";"おはようございます";"";"00062B20"
"0";"00050150";"礼儀正しい男の子";"";"00062B28"
"0";"00050170";"こんにちは　夏休みっていいですね";"";"00062B30"
"0";"000501A0";"礼儀正しい男の子";"";"00062B38"
"0";"000501C0";"こんにちは　夕焼けってきれいですね";"";"00062B40"
"0";"000501F0";"勧め上手なおばさん";"";"00062B48"
"0";"00050210";"毎週末に、そこの公園で盆踊りをしてるわよ
あなたも、行ってきたらどうかしら";"";"00062B50"
"0";"00050260";"勧め上手なおばさん";"";"00062B58"
"0";"00050280";"公園でラジオ体操しているわよ
あなたも、行ってきたらどうかしら";"";"00062B60"
"0";"000502C0";"勧め上手なおばさん";"";"00062B68"
"0";"000502E0";"公園で人が死んで、盆踊りができなくなった
らしいわよ";"";"00062B70"
"0";"00050320";"勧め上手なおばさん";"";"00062B78"
"0";"00050340";"あなたも何か見つけたら、警察に報告なさいよ";"";"00062B80"
"0";"00050370";"勧め上手なおばさん";"";"00062B88"
"0";"00050390";"公園で盆踊りをしているわよ
あなたも、行ってきたらどうかしら";"";"00062B90"
"0";"000503D0";"勧め上手なおばさん";"";"00062B98"
"0";"000503F0";"今日は盆踊りの日よ
あなたも、行ってきたらどうかしら";"";"00062BA0"
"0";"00050428";"老けたおじさん";"";"00062BA8"
"0";"00050440";"そこの神社の神主は、金の亡者だよ
お賽銭を入れる気にもならねぇ";"";"00062BB0"
"0";"00050480";"手抜き主婦";"";"00062BB8"
"0";"00050490";"朝はキッチン たまで食べるのが一番よ";"";"00062BC0"
"0";"000504B8";"手抜き主婦";"";"00062BC8"
"0";"000504D0";"朝食なんてつくってられないわ";"";"00062BD0"
"0";"000504F0";"手抜き主婦";"";"00062BD8"
"0";"00050500";"昼もキッチン たまで食べるのが一番よ";"";"00062BE0"
"0";"00050528";"手抜き主婦";"";"00062BE8"
"0";"00050540";"あそこのオムライス、おいしいのよねえ";"";"00062BF0"
"0";"00050568";"手抜き主婦";"";"00062BF8"
"0";"00050580";"夕食をつくることを考えると、
つい憂鬱になってしまうのよねえ";"";"00062C00"
"0";"000505C0";"流行り好きの女性";"";"00062C08"
"0";"000505E0";"今度は、どんな髪型にしようかしら";"";"00062C10"
"0";"00050610";"流行り好きの女性";"";"00062C18"
"0";"00050630";"今晩は何をたべようかしら";"";"00062C20"
"0";"00050650";"腰の曲がったばあさん";"";"00062C28"
"0";"00050670";"通院生活は大変じゃ
";"";"00062C30"
"0";"00050690";"ほのぼのじいさん";"";"00062C38"
"0";"000506B0";"孫と一緒に、小暮写真館で記念写真でも
撮ろうかのう";"";"00062C40"
"0";"000506F0";"不安がるおじさん";"";"00062C48"
"0";"00050710";"となり町で殺人事件が起こったそうじゃないか";"";"00062C50"
"0";"00050740";"不安がるおじさん";"";"00062C58"
"0";"00050760";"恐い世の中になったもんだよ";"";"00062C60"
"0";"00050780";"不安がるおじさん";"";"00062C68"
"0";"000507A0";"公園で人が死んでいたって話じゃないか";"";"00062C70"
"0";"000507D0";"不安がるおじさん";"";"00062C78"
"0";"000507F0";"アパートで殺人事件が起こったらしいな";"";"00062C80"
"0";"00050820";"酔ってる風に見えない青年";"";"00062C88"
"0";"00050840";"ケッ　呑まなきゃやってらんねえよ";"";"00062C90"
"0";"00050868";"天気マニア";"";"00062C98"
"0";"00050880";"今日もいい天気だなあ";"";"00062CA0"
"0";"000508A0";"上を見上げる男性";"";"00062CA8"
"0";"000508C0";"近い将来、きっとあの丘の上に住んでみせるぜ";"";"00062CB0"
"0";"000508F0";"下を見つめる男性";"";"00062CB8"
"0";"00050910";"玉、落ちてないかなあ…
";"";"00062CC0"
"0";"00050928";"仕事帰りの男";"";"00062CC8"
"0";"00050940";"疲れたなあ
帰りにひとっ風呂浴びて帰るかな";"";"00062CD0"
"0";"00050970";"暴走した妄想狂";"";"00062CD8"
"0";"00050980";"大海病院の先生はきれいなんだよ";"";"00062CE0"
"0";"000509A0";"暴走した妄想狂";"";"00062CE8"
"0";"000509B0";"あんなきれいな人と毎日会うことができるなら
なんとかして病気になりたいなあ";"";"00062CF0"
"0";"00050A00";"ビックリしている警官";"";"00062CF8"
"0";"00050A20";"ややっ、あなたは…　$pさん
あなたのことはうかがっております";"";"00062D00"
"0";"00050A60";"ビックリしている警官";"";"00062D08"
"0";"00050A80";"先日は、警察へご協力いただき
ありがとうございました";"";"00062D10"
"0";"00050AC0";"ビックリしている警官";"";"00062D18"
"0";"00050AE0";"私はここ「大海町」派出所で勤務しております
銭型栄治と申します";"";"00062D20"
"0";"00050B20";"大海町派出所の銭型";"";"00062D28"
"0";"00050B40";"おや？！　
お連れ様が外でお待ちですよ";"";"00062D30"
"0";"00050B70";"大海町派出所の銭型";"";"00062D38"
"0";"00050B90";"用事が終えられてから、またいらしてください";"";"00062D40"
"0";"00050BC0";"大海町派出所の銭型";"";"00062D48"
"0";"00050BD8";"先ほどはどうも";"";"00062D50"
"0";"00050BF0";"大海町派出所の銭型";"";"00062D58"
"0";"00050C10";"どうですか、大海町は　いい町でしょう";"";"00062D60"
"0";"00050C40";"大海町派出所の銭型";"";"00062D68"
"0";"00050C60";"あなたも、この町でゆっくりされては
いかがですか";"";"00062D70"
"0";"00050C90";"大海町派出所の銭型";"";"00062D78"
"0";"00050CB0";"どうされましたか？";"";"00062D80"
"0";"00050CD0";"この町の地理を知りたい";"";"00062D88"
"0";"00050CF0";"住む場所を教えて欲しい";"";"00062D90"
"0";"00050D08";"世間話をする";"";"00062D98"
"0";"00050D20";"聞きたいことはない";"";"00062DA0"
"0";"00050D40";"大海町派出所の銭型";"";"00062DA8"
"0";"00050D60";"そうですか
では、この町の地図をさし上げます";"";"00062DB0"
"0";"00050D90";"―「アイテムメニュー」(△ボタン)→「地図」に大海町の詳細地図が追加されました―";"";"00062DB8"
"0";"00050DE0";"大海町派出所の銭型";"";"00062DC0"
"0";"00050E00";"現在、出玉町へ向かう橋の歩道を工事して
おりまして、通行できません";"";"00062DC8"
"0";"00050E50";"大海町派出所の銭型";"";"00062DD0"
"0";"00050E70";"工事が終われば、通行止めも解除される
はずですよ";"";"00062DD8"
"0";"00050EA0";"大海町派出所の銭型";"";"00062DE0"
"0";"00050EC0";"橋の工事が終わったので、北へ向かう橋を
渡れば出玉町へ行くことができますよ";"";"00062DE8"
"0";"00050F10";"大海町派出所の銭型";"";"00062DF0"
"0";"00050F30";"毎週末に、公園で盆踊りをやっているんです";"";"00062DF8"
"0";"00050F60";"大海町派出所の銭型";"";"00062E00"
"0";"00050F80";"私も彼女を誘って行きたいのですが、
交番を空けるわけにもいかないので…";"";"00062E08"
"0";"00050FD0";"大海町派出所の銭型";"";"00062E10"
"0";"00050FF0";"…盆踊りを見て、踊った気になって
気を紛らわしているのですよ";"";"00062E18"
"0";"00051030";"大海町派出所の銭型";"";"00062E20"
"0";"00051050";"ここからラジオ体操を見ていると、
私も体を動かしたくなってくるんですよね";"";"00062E28"
"0";"000510A0";"大海町派出所の銭型";"";"00062E30"
"0";"000510C0";"あなたも、公園に行ってみられては
いかがですか？";"";"00062E38"
"0";"000510F0";"大海町派出所の銭型";"";"00062E40"
"0";"00051110";"何かありましたら、いつでもお越しください";"";"00062E48"
"0";"00051140";"大海町派出所の銭型";"";"00062E50"
"0";"00051160";"他に何かございますか？";"";"00062E58"
"0";"00051180";"大海町派出所の銭型";"";"00062E60"
"0";"000511A0";"ああ！　そうでしたね
片山から話を聞いていますよ";"";"00062E68"
"0";"000511D0";"大海町派出所の銭型";"";"00062E70"
"0";"000511F0";"この町にある「$ciメゾン大海$cr」という
アパートを用意させていただきました";"";"00062E78"
"0";"00051240";"大海町派出所の銭型";"";"00062E80"
"0";"00051260";"あなたのお部屋は２階の$ci２０２号室$crです";"";"00062E88"
"0";"00051290";"大海町派出所の銭型";"";"00062E90"
"0";"000512B0";"私は“例の場所”なんて知りませんが…";"";"00062E98"
"0";"000512E0";"大海町派出所の銭型";"";"00062EA0"
"0";"00051300";"ただ、聞かれたときに『レストランのシェフ』
に会うように、とだけ言われています";"";"00062EA8"
"0";"00051350";"パチンコ屋事件について聞く";"";"00062EB0"
"0";"00051370";"大海町派出所の銭型";"";"00062EB8"
"0";"00051390";"申し訳ありません
現在、聞き込み調査中でして…";"";"00062EC0"
"0";"000513C0";"大海町派出所の銭型";"";"00062EC8"
"0";"000513E0";"事件の日の$ci朝$cr、パチパラ町から来た不審者を
見た人がいないか、調べている所なんです";"";"00062ED0"
"0";"00051440";"体操指導員の自殺について聞く";"";"00062ED8"
"0";"00051460";"大海町派出所の銭型";"";"00062EE0"
"0";"00051480";"状況からして、柳田の自殺という線は
変わらないと思うのですが…";"";"00062EE8"
"0";"000514C0";"大海町派出所の銭型";"";"00062EF0"
"0";"000514E0";"彼もよくわからない人物でしてね";"";"00062EF8"
"0";"00051500";"大海町派出所の銭型";"";"00062F00"
"0";"00051520";"朝は体操指導員をしていながら、昼からは
パチンコ店に通い詰めていたらしいのですよ";"";"00062F08"
"0";"00051570";"大海町派出所の銭型";"";"00062F10"
"0";"00051590";"詳しいことは、公園にいる警部に
聞いてもらえますか";"";"00062F18"
"0";"000515D0";"ホステス殺人事件について聞く";"";"00062F20"
"0";"000515F0";"大海町派出所の銭型";"";"00062F28"
"0";"00051610";"被害者の本名は岬 麗子
";"";"00062F30"
"0";"00051630";"大海町派出所の銭型";"";"00062F38"
"0";"00051650";"隣町、出玉町の高級クラブで「静香」という
源氏名で働いていたようです";"";"00062F40"
"0";"000516A0";"大海町派出所の銭型";"";"00062F48"
"0";"000516C0";"しかし、あなたの周りでは、どうしてこう
多くの事件が起こるのでしょうかねぇ";"";"00062F50"
"0";"00051710";"銭湯の覗き事件について聞く";"";"00062F58"
"0";"00051730";"大海町派出所の銭型";"";"00062F60"
"0";"00051750";"いやあ　その話なんですがねぇ
参りました";"";"00062F68"
"0";"00051780";"大海町派出所の銭型";"";"00062F70"
"0";"000517A0";"覗きは現行犯でしか、捕まえられなくてねぇ
私もどうして良いものか困っているんですよ";"";"00062F78"
"0";"00051800";"大海町派出所の銭型";"";"00062F80"
"0";"00051820";"物的な証拠でもあれば、
犯人を捕まえることができるのですがねえ";"";"00062F88"
"0";"00051860";"大海町派出所の銭型";"";"00062F90"
"0";"00051880";"神社の屋根に取り付けられていたものを
現在、本署の方で調べております";"";"00062F98"
"0";"000518D0";"大海町派出所の銭型";"";"00062FA0"
"0";"000518F0";"詳しい結果が出るには、もう少し時間が
かかりそうです";"";"00062FA8"
"0";"00051930";"大海町派出所の銭型";"";"00062FB0"
"0";"00051950";"ちょうどよかった　今、神社の上に取り付けて
あったものの調査結果が出たんですよ";"";"00062FB8"
"0";"000519A0";"大海町派出所の銭型";"";"00062FC0"
"0";"000519C0";"あれは、カメラを撮るときに使われる反射鏡で
針金で人為的に取り付けてあるものでした";"";"00062FC8"
"0";"00051A20";"大海町派出所の銭型";"";"00062FD0"
"0";"00051A40";"人間がやったという証拠までは出たのですが、
指紋が全く出てこなかったのですよ";"";"00062FD8"
"0";"00051A90";"事件「$cc銭湯の覗き魔は誰$cr」の推理をぶつける";"";"00062FE0"
"0";"00051AC0";"推理によって導き出した、$ci犯人は
ネコ$crであることを告げますか？";"";"00062FE8"
"0";"00051B10";"推理によって導き出した、$ci犯人は
写真屋のオヤジ$crであることを告げますか？";"";"00062FF0"
"0";"00051B60";"推理によって導き出した、$ci犯人は
アパートの住人$crであることを告げますか？";"";"00062FF8"
"0";"00051BB0";"推理によって導き出した、$ci犯人はおらず
被害者の狂言であった$crことを告げますか？";"";"00063000"
"0";"00051C08";"推理をぶつける";"";"00063008"
"0";"00051C18";"やっぱりやめる";"";"00063010"
"0";"00051C30";"事件の経緯について、交番の警官に話をした";"";"00063018"
"0";"00051C60";"大海町派出所の銭型";"";"00063020"
"0";"00051C78";"…なるほど";"";"00063028"
"0";"00051C90";"大海町派出所の銭型";"";"00063030"
"0";"00051CB0";"確かに、あなたの推理には筋が通っておる
気がいたします";"";"00063038"
"0";"00051CF0";"大海町派出所の銭型";"";"00063040"
"0";"00051D10";"明日からの捜査は、あなたの意見を参考に
させていただきます";"";"00063048"
"0";"00051D50";"大海町派出所の銭型";"";"00063050"
"0";"00051D70";"これほど多くの情報を提示していただいた
わけですし、後は必ず我々警察の手で…";"";"00063058"
"0";"00051DC0";"大海町派出所の銭型";"";"00063060"
"0";"00051DE0";"全貌を解明いたしますよ";"";"00063068"
"0";"00051E00";"大海町派出所の銭型";"";"00063070"
"0";"00051E20";"では、私はさっそくこれから本署に向かいます";"";"00063078"
"0";"00051E50";"大海町派出所の銭型";"";"00063080"
"0";"00051E70";"報告を楽しみにお待ちください！";"";"00063088"
"0";"00051E90";"大海町派出所の銭型";"";"00063090"
"0";"00051EA8";"…そうでしたね";"";"00063098"
"0";"00051EC0";"大海町派出所の銭型";"";"000630A0"
"0";"00051EE0";"結果から報告いたしますと…";"";"000630A8"
"0";"00051F00";"大海町派出所の銭型";"";"000630B0"
"0";"00051F20";"…あなたの推理は間違っておりました";"";"000630B8"
"0";"00051F50";"大海町派出所の銭型";"";"000630C0"
"0";"00051F70";"実はこの事件に、犯人は存在しなかったのです";"";"000630C8"
"0";"00051FA0";"大海町派出所の銭型";"";"000630D0"
"0";"00051FC0";"被害者らしき女性の妄想からきた
狂言だったのです";"";"000630D8"
"0";"00051FF0";"大海町派出所の銭型";"";"000630E0"
"0";"00052008";"………";"";"000630E8"
"0";"00052010";"大海町派出所の銭型";"";"000630F0"
"0";"00052030";"私の仕事は、この大海町で暮らしておられる
人々を世の悪からお守りすることです";"";"000630F8"
"0";"00052080";"大海町派出所の銭型";"";"00063100"
"0";"00052098";"ですが…";"";"00063108"
"0";"000520B0";"大海町派出所の銭型";"";"00063110"
"0";"000520D0";"このようなことがありますと、その気持ちも
少しだけですが揺らいでくるものがあります";"";"00063118"
"0";"00052130";"大海町派出所の銭型";"";"00063120"
"0";"00052150";"…あなたの推理通り、この事件に犯人はおらず
被害者の妄想からくる狂言でした";"";"00063128"
"0";"000521A0";"大海町派出所の銭型";"";"00063130"
"0";"000521B8";"………";"";"00063138"
"0";"000521C0";"大海町派出所の銭型";"";"00063140"
"0";"000521E0";"あなたから聞いて、ある程度は予測がついて
いたとはいえ…";"";"00063148"
"0";"00052220";"大海町派出所の銭型";"";"00063150"
"0";"00052240";"その事実に直面すると、やりきれないものが
ありますね";"";"00063158"
"0";"00052280";"大海町派出所の銭型";"";"00063160"
"0";"000522A0";"捜査へのご協力、ありがとうございました";"";"00063168"
"0";"000522D0";"大海町派出所の銭型";"";"00063170"
"0";"000522F0";"本来は、犯人逮捕につながった情報を
提供していただいた場合にのみ、";"";"00063178"
"0";"00052340";"大海町派出所の銭型";"";"00063180"
"0";"00052360";"粗品をさし上げることになっておるのですが、
今回は特別であります";"";"00063188"
"0";"000523A0";"大海町派出所の銭型";"";"00063190"
"0";"000523C0";"こちらは金一封になります";"";"00063198"
"0";"000523E0";"大海町派出所の銭型";"";"000631A0"
"0";"00052400";"協力のお礼に、奥の部屋にある品物を
お持ちください";"";"000631A8"
"0";"00052440";"何を聞こうかな？";"";"000631B0"
"0";"00052460";"何を聞こうかしら？";"";"000631B8"
"0";"00052480";"洞口について聞く";"";"000631C0"
"0";"000524A0";"１０１号室の野原くんについて聞く";"";"000631C8"
"0";"000524D0";"写真屋の小暮さんについて聞く";"";"000631D0"
"0";"000524F0";"野良猫について聞く";"";"000631D8"
"0";"00052510";"特別聞きたいことはなくなった";"";"000631E0"
"0";"00052530";"大海町派出所の銭型";"";"000631E8"
"0";"00052550";"偽証罪として逮捕されましたよ";"";"000631F0"
"0";"00052570";"大海町派出所の銭型";"";"000631F8"
"0";"00052590";"本人に、悪気がほとんどないことが
かなり問題なのでありますが…";"";"00063200"
"0";"000525D0";"大海町派出所の銭型";"";"00063208"
"0";"000525F0";"動機などは、一切不明であります";"";"00063210"
"0";"00052610";"大海町派出所の銭型";"";"00063218"
"0";"00052630";"これは本官の予測でしかないのですが…";"";"00063220"
"0";"00052660";"大海町派出所の銭型";"";"00063228"
"0";"00052680";"普段の素行から、彼女はただ目立ちたかった
だけなのではないかと思われます";"";"00063230"
"0";"000526D0";"大海町派出所の銭型";"";"00063238"
"0";"000526F0";"メゾン大海の野原さんの事情聴取中に
事件の真相が判明したんです";"";"00063240"
"0";"00052730";"大海町派出所の銭型";"";"00063248"
"0";"00052750";"一歩間違えれば、冤罪事件になっていた
ところですよ";"";"00063250"
"0";"00052790";"大海町派出所の銭型";"";"00063258"
"0";"000527B0";"彼は写真家で、日本中の銭湯をフィルムに
残して本にしようとしていたようです";"";"00063260"
"0";"00052800";"大海町派出所の銭型";"";"00063268"
"0";"00052820";"時代が急速に移りゆく中ですばらしい建造物を
記録に残そうと考えられていました";"";"00063270"
"0";"00052870";"大海町派出所の銭型";"";"00063278"
"0";"00052890";"本官も、無用な疑いをかけて
本当に悪いことをしたと思っております";"";"00063280"
"0";"000528D0";"大海町派出所の銭型";"";"00063288"
"0";"000528F0";"今はもう、他の町に引っ越されてしまいました";"";"00063290"
"0";"00052920";"大海町派出所の銭型";"";"00063298"
"0";"00052940";"小暮さんには、任意同行を願いました";"";"000632A0"
"0";"00052970";"大海町派出所の銭型";"";"000632A8"
"0";"00052990";"誤認逮捕しなかったことだけが救いであります";"";"000632B0"
"0";"000529C0";"大海町派出所の銭型";"";"000632B8"
"0";"000529E0";"一歩間違えれば、冤罪事件になっていた
ところですよ";"";"000632C0"
"0";"00052A20";"大海町派出所の銭型";"";"000632C8"
"0";"00052A40";"あのネコは、どこにでもいる野良猫です";"";"000632D0"
"0";"00052A70";"大海町派出所の銭型";"";"000632D8"
"0";"00052A90";"全く事件には関係ありませんでした";"";"000632E0"
"0";"00052AC0";"大海町派出所の銭型";"";"000632E8"
"0";"00052AE0";"この事件の話は、これで終わりにしましょう";"";"000632F0"
"0";"00052B10";"大海町派出所の銭型";"";"000632F8"
"0";"00052B30";"本官も、あまりに後味が悪すぎて
これ以上話しをする気になれません";"";"00063300"
"0";"00052B70";"榎本 澄雄";"";"00063308"
"0";"00052B80";"らっしゃい！　なにを握りましょう？";"";"00063310"
"0";"00052BA8";"榎本 澄雄";"";"00063318"
"0";"00052BC0";"またいらしてくだせぇ";"";"00063320"
"0";"00052BE0";"パチンコ屋事件について聞く";"";"00063328"
"0";"00052C00";"ラジオ体操について聞く";"";"00063330"
"0";"00052C20";"寿司をにぎってもらう";"";"00063338"
"0";"00052C38";"$p";"";"00063340"
"0";"00052C40";"パチパラ町のパチンコ屋事件で、
何か知っていることはないか？";"";"00063348"
"0";"00052C80";"$p";"";"00063350"
"0";"00052C90";"パチパラ町のパチンコ屋事件で、
何か知っていることはない？";"";"00063358"
"0";"00052CD0";"榎本 澄雄";"";"00063360"
"0";"00052CE0";"パチンコ屋殺人事件？
ああ、男女２人が誰かに殺されたって話だな";"";"00063368"
"0";"00052D20";"榎本 澄雄";"";"00063370"
"0";"00052D30";"いや…　俺は何も知らねえなあ
あの時は…、公園へラジオ体操に行っていたよ";"";"00063378"
"0";"00052D78";"$p";"";"00063380"
"0";"00052D80";"ラジオ体操について聞きたいのだけど…";"";"00063388"
"0";"00052DB0";"事件の日に休んでいた話をする";"";"00063390"
"0";"00052DD0";"最近、ラジオ体操をよく休んでいることを聞く";"";"00063398"
"0";"00052E00";"やっぱりやめる";"";"000633A0"
"0";"00052E10";"$p";"";"000633A8"
"0";"00052E20";"事件の日、あなたは休んでいたということを
指導員の柳田さんから聞いたよ";"";"000633B0"
"0";"00052E68";"$p";"";"000633B8"
"0";"00052E70";"事件の日、あなたは休んでいたということを
指導員の柳田さんから聞いたのよ";"";"000633C0"
"0";"00052EB8";"榎本 澄雄";"";"000633C8"
"0";"00052ED0";"俺はちゃんとラジオ体操に行ったよ";"";"000633D0"
"0";"00052EF8";"$p";"";"000633D8"
"0";"00052F00";"最近はよく、ラジオ体操を休んでいるらしい
じゃないですか";"";"000633E0"
"0";"00052F38";"$p";"";"000633E8"
"0";"00052F40";"最近はよく、ラジオ体操を休んでいるらしい
じゃない";"";"000633F0"
"0";"00052F78";"榎本 澄雄";"";"000633F8"
"0";"00052F90";"俺はちゃんと仕入れの帰りに行ってるよ";"";"00063400"
"0";"00052FB8";"榎本 澄雄";"";"00063408"
"0";"00052FD0";"な、何言ってやがる";"";"00063410"
"0";"00052FE8";"用はない";"";"00063418"
"0";"00052FF8";"榎本 澄雄";"";"00063420"
"0";"00053010";"…あ、あんたこの前の";"";"00063428"
"0";"00053028";"榎本 澄雄";"";"00063430"
"0";"00053040";"き、今日は何でもおごるぜ　好きなもん頼みな";"";"00063438"
"0";"00053070";"榎本 澄雄";"";"00063440"
"0";"00053080";"…わかったよ　悪かったよ
これで勘弁してくれ";"";"00063448"
"0";"000530B0";"榎本 澄雄";"";"00063450"
"0";"000530C0";"おまえさんには、かなわねえ
大赤字だけど、これで文句はねえだろう！";"";"00063458"
"0";"00053108";"榎本 澄雄";"";"00063460"
"0";"00053120";"来たくなかったら、こなくていいぞ";"";"00063468"
"0";"00053148";"榎本 澄雄";"";"00063470"
"0";"00053160";"あんたのおかげで赤字になりそうだよ";"";"00063478"
"0";"00053188";"榎本 澄雄";"";"00063480"
"0";"000531A0";"血も涙もない奴だな　あんた
もう二度とこないでくれ";"";"00063488"
"0";"000531D8";"若板";"";"00063490"
"0";"000531E0";"らっしゃい　なにを握りましょう？";"";"00063498"
"0";"00053208";"若板";"";"000634A0"
"0";"00053210";"今後ともごひいきに！";"";"000634A8"
"0";"00053228";"若板";"";"000634B0"
"0";"00053230";"らっしゃい…";"";"000634B8"
"0";"00053240";"若板";"";"000634C0"
"0";"00053250";"…あんたかい　あんたには正規より高い料金を
もらうことになってんだ";"";"000634C8"
"0";"00053298";"若板";"";"000634D0"
"0";"000532A0";"大将がいた時に、ひどい目に遭っているからね";"";"000634D8"
"0";"000532D0";"女将のさくら";"";"000634E0"
"0";"000532E0";"いらっしゃい";"";"000634E8"
"0";"000532F0";"女将のさくら";"";"000634F0"
"0";"00053300";"どこへ行ったのだろうねぇ　あの人は";"";"000634F8"
"0";"00053330";"女将さんに大将の浮気をばらす";"";"00063500"
"0";"00053350";"女将さんには悪いが黙っておく";"";"00063508"
"0";"00053370";"$p";"";"00063510"
"0";"00053380";"女将さん　実はこの前…";"";"00063518"
"0";"00053398";"榎本 澄雄";"";"00063520"
"0";"000533B0";"あーあー　分かったよ、あんた
メニューが少なくて怒ってんだろ？";"";"00063528"
"0";"000533F0";"榎本 澄雄";"";"00063530"
"0";"00053400";"…わかったよ　悪かったよ
これで勘弁してくれ";"";"00063538"
"0";"00053430";"榎本 澄雄";"";"00063540"
"0";"00053440";"あーあー　分かったよ、あんた
これでも足りねえのかよ！";"";"00063548"
"0";"00053478";"榎本 澄雄";"";"00063550"
"0";"00053490";"おまえさんには、かなわねえ
大赤字だけど、これで文句はねえだろう！";"";"00063558"
"0";"000534D8";"女将のさくら";"";"00063560"
"0";"000534F0";"どうしてあんただけタダなんだい？
どこかであの人を助けてでもくれたのかい？";"";"00063568"
"0";"00053540";"女将のさくら";"";"00063570"
"0";"00053550";"最近、ウチの人の様子が変なのよねえ";"";"00063578"
"0";"00053578";"女将のさくら";"";"00063580"
"0";"00053590";"それに、$ci朝$crは魚のにおいに混ざって
香水の香りがするのよ";"";"00063588"
"0";"000535D0";"女将のさくら";"";"00063590"
"0";"000535E0";"あの人、死んじまったのかい…";"";"00063598"
"0";"00053600";"女将のさくら";"";"000635A0"
"0";"00053610";"あたしがもっと、あの人のことをちゃんと
見ていれば…";"";"000635A8"
"0";"00053648";"女将のさくら";"";"000635B0"
"0";"00053660";"休んでなんかいられないよ
お店まで閉めたら、あの人も悲しむからね";"";"000635B8"
"0";"000536A0";"女将のさくら";"";"000635C0"
"0";"000536B0";"何か聞きたいことがあったら　言っておくれ
捜査にはできるだけ協力するよ";"";"000635C8"
"0";"00053700";"榎本について聞く";"";"000635D0"
"0";"00053720";"榎本の潜伏先について聞く";"";"000635D8"
"0";"00053740";"最後の手段について聞く";"";"000635E0"
"0";"00053760";"岩田について聞く";"";"000635E8"
"0";"00053780";"岩田の行動について聞く";"";"000635F0"
"0";"000537A0";"寿司の持ち帰りについて聞く";"";"000635F8"
"0";"000537C0";"辰男の寿司について";"";"00063600"
"0";"000537E0";"聞きたいことはない";"";"00063608"
"0";"000537F8";"$p";"";"00063610"
"0";"00053800";"榎本さんについて教えてくれないか？";"";"00063618"
"0";"00053828";"$p";"";"00063620"
"0";"00053830";"榎本さんについて教えてほしいんだけど…？";"";"00063628"
"0";"00053860";"女将のさくら";"";"00063630"
"0";"00053870";"うちのは…
ぽっと出て行くことが時々あってね";"";"00063638"
"0";"000538A0";"女将のさくら";"";"00063640"
"0";"000538B0";"もっともいつもは「どこそこへ行く」
って書置きを残していくんだけど";"";"00063648"
"0";"000538F8";"女将のさくら";"";"00063650"
"0";"00053910";"今回のはそれがなくて…
妙だとは思ってたんだけど…";"";"00063658"
"0";"00053948";"$p";"";"00063660"
"0";"00053950";"榎本さんはどこに隠れてたんだ？";"";"00063668"
"0";"00053970";"$p";"";"00063670"
"0";"00053980";"榎本さんはどこに隠れてたの？";"";"00063678"
"0";"000539A0";"女将のさくら";"";"00063680"
"0";"000539B0";"たぶん、知り合いの飲食店を回ってたんだと
思うよ　でも向こうから連絡はなかったね";"";"00063688"
"0";"00053A00";"女将のさくら";"";"00063690"
"0";"00053A10";"仕方がないから最後の手段で連絡をつけて…
ようやく電話がかかってきたんだよ";"";"00063698"
"0";"00053A60";"$p";"";"000636A0"
"0";"00053A68";"最後の手段？";"";"000636A8"
"0";"00053A78";"$p";"";"000636B0"
"0";"00053A80";"最後の手段って何ですか？";"";"000636B8"
"0";"00053AA0";"女将のさくら";"";"000636C0"
"0";"00053AB0";"新聞の３行広告だよ
あの人、新聞だけは必ず毎日見るからね";"";"000636C8"
"0";"00053AE8";"女将のさくら";"";"000636D0"
"0";"00053B00";"お金もかかるし　なんだか大げさだし
あまり使いたくないんだけど…";"";"000636D8"
"0";"00053B40";"女将のさくら";"";"000636E0"
"0";"00053B50";"どうしてもって時だけ
使ってたんだよ";"";"000636E8"
"0";"00053B78";"$p";"";"000636F0"
"0";"00053B80";"岩田について何か知らないか？";"";"000636F8"
"0";"00053BA0";"$p";"";"00063700"
"0";"00053BB0";"岩田について何か知らない？";"";"00063708"
"0";"00053BD0";"女将のさくら";"";"00063710"
"0";"00053BE0";"知らないも何も…　私はずっと
「渡会」さんだと信じてたんだよ";"";"00063718"
"0";"00053C20";"女将のさくら";"";"00063720"
"0";"00053C30";"それがあの人がいなくなってから
「自分は榎本さんの旧友だ」";"";"00063728"
"0";"00053C70";"女将のさくら";"";"00063730"
"0";"00053C80";"「私も彼を探すのを手伝います」
とかうまいこと言って…";"";"00063738"
"0";"00053CB8";"女将のさくら";"";"00063740"
"0";"00053CD0";"逆に私からあの人の情報を
聞き出してたんだよ…！";"";"00063748"
"0";"00053D00";"$p";"";"00063750"
"0";"00053D10";"岩田はここで何をしてたんだ？";"";"00063758"
"0";"00053D30";"$p";"";"00063760"
"0";"00053D40";"岩田はここで何をしていたの？";"";"00063768"
"0";"00053D60";"女将のさくら";"";"00063770"
"0";"00053D70";"カウンターでお寿司を食べながら
いつも主人のことを心配してたよ";"";"00063778"
"0";"00053DB0";"女将のさくら";"";"00063780"
"0";"00053DC0";"私は最初あんまり心配してなかったけど
あの男が不安になるようなことを言うから…";"";"00063788"
"0";"00053E10";"女将のさくら";"";"00063790"
"0";"00053E20";"あの日も…
主人から電話があった日もいたんだよ";"";"00063798"
"0";"00053E50";"女将のさくら";"";"000637A0"
"0";"00053E60";"「私が会ってきます」とか言って…";"";"000637A8"
"0";"00053E88";"女将のさくら";"";"000637B0"
"0";"00053EA0";"あの時、私が気づいていれば…";"";"000637B8"
"0";"00053EC0";"女将さんは悪くない";"";"000637C0"
"0";"00053EE0";"それでも岩田は強引に行こうとしただろう";"";"000637C8"
"0";"00053F10";"そうだな、気づいていれば…";"";"000637D0"
"0";"00053F30";"そうね、気づいていれば…";"";"000637D8"
"0";"00053F50";"何も言わない";"";"000637E0"
"0";"00053F60";"$p";"";"000637E8"
"0";"00053F70";"女将さんは悪くないよ";"";"000637F0"
"0";"00053F88";"$p";"";"000637F8"
"0";"00053F90";"女将さんは悪くないわ
自分を責めないで";"";"00063800"
"0";"00053FB8";"女将のさくら";"";"00063808"
"0";"00053FD0";"…ありがとう　気遣ってくれて…";"";"00063810"
"0";"00053FF0";"$p";"";"00063818"
"0";"00054000";"それでも…
岩田は強引に行こうとしただろうな";"";"00063820"
"0";"00054030";"$p";"";"00063828"
"0";"00054040";"それでも…
岩田は強引に行こうとしたでしょうね";"";"00063830"
"0";"00054070";"女将のさくら";"";"00063838"
"0";"00054080";"………はあ　どうしてこんなことに…";"";"00063840"
"0";"000540A8";"$p";"";"00063848"
"0";"000540B0";"そうだな、気づいていれば…";"";"00063850"
"0";"000540D0";"$p";"";"00063858"
"0";"000540E0";"そうね、気づいていれば…";"";"00063860"
"0";"00054100";"女将のさくら";"";"00063868"
"0";"00054110";"ほんと　悔やんでも悔やみきれないよ…";"";"00063870"
"0";"00054138";"$p";"";"00063878"
"0";"00054140";"…………";"";"00063880"
"0";"00054150";"女将のさくら";"";"00063888"
"0";"00054160";"…後悔してたって仕方ないわね";"";"00063890"
"0";"00054180";"女将のさくら";"";"00063898"
"0";"00054190";"…そうだ";"";"000638A0"
"0";"000541A0";"女将のさくら";"";"000638A8"
"0";"000541B0";"あのとき、岩田はどこかへ電話していったわ";"";"000638B0"
"0";"000541E0";"女将のさくら";"";"000638B8"
"0";"000541F0";"誰かと約束していたようだけど…";"";"000638C0"
"0";"00054210";"$p";"";"000638C8"
"0";"00054220";"事件当日、寿司を持ち帰りした人は？";"";"000638D0"
"0";"00054248";"女将のさくら";"";"000638D8"
"0";"00054260";"えっ？　寿司折かい？";"";"000638E0"
"0";"00054278";"女将のさくら";"";"000638E8"
"0";"00054290";"そうだね…　どうだったかな…";"";"000638F0"
"0";"000542B0";"女将のさくら";"";"000638F8"
"0";"000542C0";"テツさん！
あの日の寿司折のこと覚えてる？";"";"00063900"
"0";"000542F0";"若板";"";"00063908"
"0";"00054300";"はい　あの日はひとつだけ　確か、
$ci串カツ屋の辰男さん$crが買っていかれましたよ";"";"00063910"
"0";"00054350";"女将のさくら";"";"00063918"
"0";"00054360";"そうだったね　ありがとう";"";"00063920"
"0";"00054380";"女将のさくら";"";"00063928"
"0";"00054390";"そうそう　辰男さんが夜に来て
お土産に欲しいって買っていったわ";"";"00063930"
"0";"000543D0";"$p";"";"00063938"
"0";"000543E0";"辰男の買っていった寿司っていうのは？";"";"00063940"
"0";"00054408";"$p";"";"00063948"
"0";"00054410";"辰男さんの買っていった寿司って？";"";"00063950"
"0";"00054438";"女将のさくら";"";"00063958"
"0";"00054450";"にぎりの上を買っていかれましたよ
何かいいことあったんですかね";"";"00063960"
"0";"00054490";"いいこと？";"";"00063968"
"0";"000544A0";"にぎりの上？";"";"00063970"
"0";"000544B0";"$p";"";"00063978"
"0";"000544B8";"いいこと？";"";"00063980"
"0";"000544C8";"$p";"";"00063988"
"0";"000544D0";"にぎりの上？";"";"00063990"
"0";"000544E0";"女将のさくら";"";"00063998"
"0";"000544F0";"だって辰男さん、
めったに食べに来ないし…";"";"000639A0"
"0";"00054520";"女将のさくら";"";"000639A8"
"0";"00054530";"食べに来ても、
何かのお祝い事のときだけでしたから";"";"000639B0"
"0";"00054570";"うだつの上がらない会社員";"";"000639B8"
"0";"00054590";"ここの大将…
どっかで昔、見たことあるんだよなぁ";"";"000639C0"
"0";"000545C0";"うだつの上がらない会社員";"";"000639C8"
"0";"000545E0";"…そうだよ";"";"000639D0"
"0";"000545F0";"うだつの上がらない会社員";"";"000639D8"
"0";"00054610";"前に、クラブのねぇちゃんと遊んでいる
ところを見たんだよ";"";"000639E0"
"0";"00054650";"うだつの上がらない会社員";"";"000639E8"
"0";"00054670";"かーー！";"";"000639F0"
"0";"00054680";"うだつの上がらない会社員";"";"000639F8"
"0";"000546A0";"仕事の後の食いモンはうめぇなあ";"";"00063A00"
"0";"000546C0";"常連のおやじ";"";"00063A08"
"0";"000546D0";"エノちゃんとこの寿司は日本一だね";"";"00063A10"
"0";"000546F8";"常連のおやじ";"";"00063A18"
"0";"00054710";"エノちゃん、どこへ行っちまったんだ…";"";"00063A20"
"0";"00054738";"常連のおやじ";"";"00063A28"
"0";"00054750";"エノちゃん、死んじまったんだってな…";"";"00063A30"
"0";"00054778";"常連のおやじ";"";"00063A38"
"0";"00054790";"えの鮨は、日本一の寿司屋だね";"";"00063A40"
"0";"000547B0";"カウンターの店員";"";"00063A48"
"0";"000547D0";"いらっしゃいませ
当店　ベリーラッキーへようこそ";"";"00063A50"
"0";"00054800";"カウンターの店員";"";"00063A58"
"0";"00054820";"またのお越しをお待ちしています";"";"00063A60"
"0";"00054840";"開店を待つ客";"";"00063A68"
"0";"00054850";"今日は久々に新台が入るんだってさ";"";"00063A70"
"0";"00054878";"吠える客";"";"00063A78"
"0";"00054890";"ちきしょう！　昼まで待てねえよ";"";"00063A80"
"0";"000548B0";"迷い男";"";"00063A88"
"0";"000548C0";"今日に限って、朝から打てないとは…";"";"00063A90"
"0";"000548E8";"迷い男";"";"00063A98"
"0";"000548F0";"昼から、お得意様周りをしなくちゃ
いけないのにさ";"";"00063AA0"
"0";"00054920";"並んでいる客";"";"00063AA8"
"0";"00054930";"今日は結構、期待できるらしいぜ
前の奴が言ってたよ";"";"00063AB0"
"0";"00054968";"並んでいる客";"";"00063AB8"
"0";"00054980";"今日は結構、期待できるらしいぜ！";"";"00063AC0"
"0";"000549B0";"ベリーラッキーの店員　沙織";"";"00063AC8"
"0";"000549D0";"柳田さんは自殺じゃなかったんですね
それを聞いて少しだけ…";"";"00063AD0"
"0";"00054A10";"ベリーラッキーの店員　沙織";"";"00063AD8"
"0";"00054A30";"…でも、いったい誰が柳田さんを…";"";"00063AE0"
"0";"00054A60";"ベリーラッキーの店員　沙織";"";"00063AE8"
"0";"00054A80";"柳田さんはもう、帰ってはこないけど
事件が解決して本当によかったです";"";"00063AF0"
"0";"00054AD0";"憂いを秘めた女店員";"";"00063AF8"
"0";"00054AF0";"いらっしゃいませ";"";"00063B00"
"0";"00054B10";"憂いを秘めた女店員";"";"00063B08"
"0";"00054B30";"そ、そんな困ります…";"";"00063B10"
"0";"00054B50";"憂いを秘めた女店員";"";"00063B18"
"0";"00054B70";"あ、いらっしゃいませ…";"";"00063B20"
"0";"00054B90";"ベリーラッキーの店員　沙織";"";"00063B28"
"0";"00054BB0";"あ、いらっしゃいませ…";"";"00063B30"
"0";"00054BD0";"「沙織」っていう店員を知らないか？";"";"00063B38"
"0";"00054C00";"「沙織」っていう店員を知らないかしら？";"";"00063B40"
"0";"00054C30";"この店について教えてくれないか？";"";"00063B48"
"0";"00054C60";"この店について教えてくれないかしら？";"";"00063B50"
"0";"00054C88";"用はない";"";"00063B58"
"0";"00054C98";"$p";"";"00063B60"
"0";"00054CA0";"「沙織」っていう店員を知らないか？";"";"00063B68"
"0";"00054CC8";"$p";"";"00063B70"
"0";"00054CD0";"「沙織」っていう店員を知らないかしら？";"";"00063B78"
"0";"00054D00";"ベリーラッキーの店員　沙織";"";"00063B80"
"0";"00054D20";"は、はい　沙織なら私ですけど…";"";"00063B88"
"0";"00054D40";"柳田のことを聞く";"";"00063B90"
"0";"00054D60";"沙織のことを聞く";"";"00063B98"
"0";"00054D78";"$p";"";"00063BA0"
"0";"00054D80";"柳田のことを調べているんだが…
何か知っていたら教えてくれないか？";"";"00063BA8"
"0";"00054DC8";"$p";"";"00063BB0"
"0";"00054DD0";"柳田のことを調べているの…
何か知っていたら教えてくれないかしら？";"";"00063BB8"
"0";"00054E20";"ベリーラッキーの店員　沙織";"";"00063BC0"
"0";"00054E40";"柳田さんのことを…？";"";"00063BC8"
"0";"00054E60";"ベリーラッキーの店員　沙織";"";"00063BD0"
"0";"00054E80";"あの…　柳田さんが自殺したっていうのは
本当なんですか…？";"";"00063BD8"
"0";"00054EC0";"$iは自殺だと思っている";"";"00063BE0"
"0";"00054EE0";"警察は自殺だと言っている";"";"00063BE8"
"0";"00054F00";"$iは自殺じゃないと思っている";"";"00063BF0"
"0";"00054F20";"$iにはまだ分からない";"";"00063BF8"
"0";"00054F38";"$p";"";"00063C00"
"0";"00054F40";"$iは…　自殺だと思っている";"";"00063C08"
"0";"00054F60";"$p";"";"00063C10"
"0";"00054F70";"警察は…　自殺だと言っている";"";"00063C18"
"0";"00054F90";"$p";"";"00063C20"
"0";"00054FA0";"$iは…　自殺じゃないと思っている";"";"00063C28"
"0";"00054FC8";"$p";"";"00063C30"
"0";"00054FD0";"…$iにはまだ分からない";"";"00063C38"
"0";"00054FF0";"ベリーラッキーの店員　沙織";"";"00063C40"
"0";"00055010";"私…　信じたくないんです
柳田さんが自殺したなんて…";"";"00063C48"
"0";"00055050";"ベリーラッキーの店員　沙織";"";"00063C50"
"0";"00055070";"柳田さん…　このお店によく来ていて
私にはよく話しかけてくれました";"";"00063C58"
"0";"000550C0";"ベリーラッキーの店員　沙織";"";"00063C60"
"0";"000550E0";"亡くなる前の日もお店に来て…
確かに様子が変といえばそうでしたけど…";"";"00063C68"
"0";"00055130";"ベリーラッキーの店員　沙織";"";"00063C70"
"0";"00055150";"でもその時、今度ご飯食べに行こうって
誘ってくれたんです…";"";"00063C78"
"0";"00055190";"$p";"";"00063C80"
"0";"000551A0";"柳田は君のことを…";"";"00063C88"
"0";"000551B8";"$p";"";"00063C90"
"0";"000551C0";"柳田はあなたのことを…";"";"00063C98"
"0";"000551E0";"彼女だと思っていた？";"";"00063CA0"
"0";"00055200";"彼女にしたいと思っていた？";"";"00063CA8"
"0";"00055220";"友達だと思っていた？";"";"00063CB0"
"0";"00055238";"$p";"";"00063CB8"
"0";"00055240";"柳田は君のことを…
彼女だと思っていた？";"";"00063CC0"
"0";"00055268";"$p";"";"00063CC8"
"0";"00055270";"柳田はあなたのことを…
彼女だと思っていた？";"";"00063CD0"
"0";"000552A0";"ベリーラッキーの店員　沙織";"";"00063CD8"
"0";"000552C0";"…わかりません　でも…
よくプレゼントをくれました";"";"00063CE0"
"0";"000552F8";"$p";"";"00063CE8"
"0";"00055300";"柳田は君のことを…
彼女にしたいと思っていた？";"";"00063CF0"
"0";"00055330";"$p";"";"00063CF8"
"0";"00055340";"柳田はあなたのことを…
彼女にしたいと思っていた？";"";"00063D00"
"0";"00055380";"ベリーラッキーの店員　沙織";"";"00063D08"
"0";"000553A0";"直接そういうことを
言われたことはないんですけど…";"";"00063D10"
"0";"000553E0";"ベリーラッキーの店員　沙織";"";"00063D18"
"0";"00055400";"柳田さんにそういう気持ちが
あるって言うことは気付いてました";"";"00063D20"
"0";"00055440";"ベリーラッキーの店員　沙織";"";"00063D28"
"0";"00055460";"なんとなく…　ですけど…";"";"00063D30"
"0";"00055480";"$p";"";"00063D38"
"0";"00055490";"柳田は君のことを…
友達だと思っていた？";"";"00063D40"
"0";"000554B8";"$p";"";"00063D48"
"0";"000554C0";"柳田はあなたのことを…
友達だと思っていた？";"";"00063D50"
"0";"000554F0";"ベリーラッキーの店員　沙織";"";"00063D58"
"0";"00055510";"…確かに
告白はされなかったですけど…";"";"00063D60"
"0";"00055538";"$p";"";"00063D68"
"0";"00055540";"なるほど…";"";"00063D70"
"0";"00055550";"$p";"";"00063D78"
"0";"00055558";"なるほどね…";"";"00063D80"
"0";"00055570";"ありがとうと言って聞き込みを終わる";"";"00063D88"
"0";"000555A0";"ついでに沙織の気持ちを聞く";"";"00063D90"
"0";"000555C0";"$p";"";"00063D98"
"0";"000555D0";"ありがとう　参考になったよ";"";"00063DA0"
"0";"000555F0";"$p";"";"00063DA8"
"0";"00055600";"ありがとう　参考になったわ";"";"00063DB0"
"0";"00055620";"ベリーラッキーの店員　沙織";"";"00063DB8"
"0";"00055640";"…はい";"";"00063DC0"
"0";"00055648";"$p";"";"00063DC8"
"0";"00055650";"それで君は…　柳田のことを…？";"";"00063DD0"
"0";"00055670";"$p";"";"00063DD8"
"0";"00055680";"それであなたは…　柳田のことを…？";"";"00063DE0"
"0";"000556B0";"ベリーラッキーの店員　沙織";"";"00063DE8"
"0";"000556D0";"それは…　その…";"";"00063DF0"
"0";"000556F0";"ベリーラッキーの店員　沙織";"";"00063DF8"
"0";"00055710";"…はい　そうです";"";"00063E00"
"0";"00055730";"ベリーラッキーの店員　沙織";"";"00063E08"
"0";"00055750";"あの、これで失礼します
まだ仕事中なので…";"";"00063E10"
"0";"00055780";"$p";"";"00063E18"
"0";"00055790";"君のことについて
ちょっと知りたいんだが…";"";"00063E20"
"0";"000557C0";"$p";"";"00063E28"
"0";"000557D0";"あなたのことについて
ちょっと聞きたいんだけど…";"";"00063E30"
"0";"00055800";"ベリーラッキーの店員　沙織";"";"00063E38"
"0";"00055820";"や、やめてください
今仕事中ですから…";"";"00063E40"
"0";"00055850";"ベリーラッキーの店員　沙織";"";"00063E48"
"0";"00055870";"はあ…　柳田さん…";"";"00063E50"
"0";"00055888";"$p";"";"00063E58"
"0";"00055890";"この店について教えてくれないか？";"";"00063E60"
"0";"000558B8";"$p";"";"00063E68"
"0";"000558C0";"この店について教えてくれないかしら？";"";"00063E70"
"0";"000558F0";"ベリーラッキーの店員　沙織";"";"00063E78"
"0";"00055910";"ごめんなさい　私…
まだ、このお店に来て２週間しかたってなくて…";"";"00063E80"
"0";"00055950";"ベリーラッキーの店員　沙織";"";"00063E88"
"0";"00055970";"お店のことは、よく知らないんです";"";"00063E90"
"0";"00055998";"怒れる神主";"";"00063E98"
"0";"000559B0";"おや　あまり見かけん顔じゃな";"";"00063EA0"
"0";"000559D0";"怒れる神主";"";"00063EA8"
"0";"000559E0";"わしゃ、ここの神主をやっておる
社（やしろ）龍之介じゃ";"";"00063EB0"
"0";"00055A18";"神主の社さん";"";"00063EB8"
"0";"00055A30";"おまえさん
間違っても賽銭泥棒はせんようにな";"";"00063EC0"
"0";"00055A60";"神主の社さん";"";"00063EC8"
"0";"00055A70";"わしゃ　そんな場所は知らんぞ";"";"00063ED0"
"0";"00055A90";"神主の社さん";"";"00063ED8"
"0";"00055AA0";"おまえさんのボケーっと顔を見ていると、
こっちまでボケーっとしてくるぞぃ";"";"00063EE0"
"0";"00055AE8";"神主の社さん";"";"00063EE8"
"0";"00055B00";"もっと、頭をつかってシャキっとせんかい！";"";"00063EF0"
"0";"00055B30";"銭湯の覗き事件について尋ねる";"";"00063EF8"
"0";"00055B50";"神主の社さん";"";"00063F00"
"0";"00055B60";"なんと　銭湯の女湯を覗いたやつがいるのか！";"";"00063F08"
"0";"00055B90";"神主の社さん";"";"00063F10"
"0";"00055BA0";"けしからん！
そんな奴は、こらしめてやらんといかん！";"";"00063F18"
"0";"00055BD8";"神主の社さん";"";"00063F20"
"0";"00055BF0";"ワシはあんなところに鏡を付けたヤツなんか
見とらんぞぃ";"";"00063F28"
"0";"00055C28";"神主の社さん";"";"00063F30"
"0";"00055C38";"！";"";"00063F38"
"0";"00055C40";"神主の社さん";"";"00063F40"
"0";"00055C50";"さては、犯人め";"";"00063F48"
"0";"00055C60";"神主の社さん";"";"00063F50"
"0";"00055C70";"ワシのいない、$ci夜$crの時間を見計らって
あんなモンをつけおったな…";"";"00063F58"
"0";"00055CB8";"神主の社さん";"";"00063F60"
"0";"00055CD0";"今はそれどころでない！";"";"00063F68"
"0";"00055CE8";"神主の社さん";"";"00063F70"
"0";"00055D00";"あの、野良猫めぇ…
大事なお神酒を、ガブガブと飲みおって…";"";"00063F78"
"0";"00055D40";"神主の社さん";"";"00063F80"
"0";"00055D50";"こらしめてやらんといかん！";"";"00063F88"
"0";"00055D70";"神主の社さん";"";"00063F90"
"0";"00055D80";"逃げられてもうたな";"";"00063F98"
"0";"00055D98";"神主の社さん";"";"00063FA0"
"0";"00055DB0";"アイツは本当に、ふてぶてしいネコじゃ";"";"00063FA8"
"0";"00055DE0";"パチンコ屋事件について聞いてみる";"";"00063FB0"
"0";"00055E08";"神主の社さん";"";"00063FB8"
"0";"00055E20";"パチンコ屋事件じゃと？
";"";"00063FC0"
"0";"00055E38";"神主の社さん";"";"00063FC8"
"0";"00055E50";"そんな事件は、見たことも聞いたことも
ないぞい";"";"00063FD0"
"0";"00055E80";"神主の社さん";"";"00063FD8"
"0";"00055E90";"わしゃ、賽銭箱を見張るんで精一杯なんじゃ";"";"00063FE0"
"0";"00055EC0";"賽銭箱がある";"";"00063FE8"
"0";"00055ED0";"怒鳴る神主";"";"00063FF0"
"0";"00055EE0";"こら　賽銭泥棒するでない！";"";"00063FF8"
"0";"00055F00";"怒鳴る神主";"";"00064000"
"0";"00055F10";"わしの目の黒いうちは許さんぞ！";"";"00064008"
"0";"00055F30";"神主の社さん";"";"00064010"
"0";"00055F40";"こら　賽銭泥棒するでない！";"";"00064018"
"0";"00055F60";"神主の社さん";"";"00064020"
"0";"00055F70";"わしの目の黒いうちは許さんぞ！";"";"00064028"
"0";"00055F90";"賽銭泥棒する";"";"00064030"
"0";"00055FA0";"賽銭箱の底蓋を開ける";"";"00064038"
"0";"00055FB8";"何もしない";"";"00064040"
"0";"00055FD0";"貯玉の1/100　【$ci$e0$cr】玉お賽銭を入れる";"";"00064048"
"0";"00056000";"微笑む神主";"";"00064050"
"0";"00056010";"感心、感心！
神様に祈る心は大切ぞ";"";"00064058"
"0";"00056038";"神主の社さん";"";"00064060"
"0";"00056050";"感心、感心！
神様に祈る心は大切ぞ";"";"00064068"
"0";"00056078";"微笑む神主";"";"00064070"
"0";"00056090";"入れているふりをしても音を聞けばわかるぞぃ";"";"00064078"
"0";"000560C0";"神主の社さん";"";"00064080"
"0";"000560D0";"入れているふりをしても音を聞けばわかるぞぃ";"";"00064088"
"0";"00056100";"何も入っていない";"";"00064090"
"0";"00056120";"とりあえず鈴を鳴らす";"";"00064098"
"0";"00056140";"【$ci$e0$cr】玉 お賽銭を入れた";"";"000640A0"
"0";"00056160";"微笑む神主";"";"000640A8"
"0";"00056170";"ついでに、賽銭も入れてお行きなされ";"";"000640B0"
"0";"00056198";"神主の社さん";"";"000640B8"
"0";"000561B0";"ついでに、賽銭も入れてお行きなされ";"";"000640C0"
"0";"000561D8";"（ゴソゴソ…）";"";"000640C8"
"0";"000561F0";"（…何かを失ったような気がする）";"";"000640D0"
"0";"00056220";"怪訝そうな顔をしたネコが、塀の上に
居座っている";"";"000640D8"
"0";"00056250";"エサをやってみる";"";"000640E0"
"0";"00056270";"舌を鳴らしてみる";"";"000640E8"
"0";"00056288";"捕まえてみる";"";"000640F0"
"0";"000562A0";"ネコの鳴き声をしてみる";"";"000640F8"
"0";"000562B8";"…無視された";"";"00064100"
"0";"000562D0";"怪訝そうな顔をしたネコ";"";"00064108"
"0";"000562E8";"フゥーーッ！！";"";"00064110"
"0";"00056300";"ネコは塀の上を一目散に逃げて行った…";"";"00064118"
"0";"00056330";"（あのネコなら、神社の屋根の上に乗ることも
できるだろうなあ…）";"";"00064120"
"0";"00056370";"女湯の窓が見える";"";"00064128"
"0";"00056390";"足元に何か落ちていないか調べる";"";"00064130"
"0";"000563B0";"空を見上げる";"";"00064138"
"0";"000563C0";"試しに女湯を覗こうとしてみる";"";"00064140"
"0";"000563E0";"何もしない";"";"00064148"
"0";"000563F0";"土の地面だ
あるものといえば、$iの足跡くらいだ";"";"00064150"
"0";"00056420";"神社の屋根に光るものが見える";"";"00064158"
"0";"00056440";"なんと、神社の屋根には光が反射する
鏡のようなものが取り付けてあった";"";"00064160"
"0";"00056490";"ここからでは見えそうにない";"";"00064168"
"0";"000564B0";"大海町派出所の銭型";"";"00064170"
"0";"000564D0";"おや、あなたも見つけられたのですか";"";"00064178"
"0";"00056500";"大海町派出所の銭型";"";"00064180"
"0";"00056520";"実は先ほど、神社の上に怪しいものがある
という通報がありましてね";"";"00064188"
"0";"00056560";"大海町派出所の銭型";"";"00064190"
"0";"00056580";"これは我々が処理しておきます";"";"00064198"
"0";"000565A0";"大海町派出所の銭型";"";"000641A0"
"0";"000565C0";"もし、何かお聞きになりたいことがあれば
交番までお越しください";"";"000641A8"
"0";"00056600";"大海町派出所の銭型";"";"000641B0"
"0";"00056620";"では、失礼します";"";"000641B8"
"0";"00056640";"…こっちは男湯ね";"";"000641C0"
"0";"00056660";"俺はどうあがいても、
中学生以下には見られないな…";"";"000641C8"
"0";"000566A0";"番台のヨネ子おばちゃん";"";"000641D0"
"0";"000566C0";"いらっしゃい　大人は【$ci$e0$cr】玉だよ";"";"000641D8"
"0";"000566E8";"銭湯に入る";"";"000641E0"
"0";"000566F8";"やっぱり帰る";"";"000641E8"
"0";"00056710";"番台のヨネ子おばちゃん";"";"000641F0"
"0";"00056730";"まいど　おおきに";"";"000641F8"
"0";"00056750";"番台のヨネ子おばちゃん";"";"00064200"
"0";"00056770";"ああ、その話かい";"";"00064208"
"0";"00056790";"番台のヨネ子おばちゃん";"";"00064210"
"0";"000567B0";"わたしゃ詳しいことは知らないけど、
『交番の兄ちゃん』に会えばわかるらしいよ";"";"00064218"
"0";"00056800";"飲み物を買う";"";"00064220"
"0";"00056810";"番台のヨネ子おばちゃん";"";"00064228"
"0";"00056828";"なんだい？";"";"00064230"
"0";"00056840";"番台のヨネ子おばちゃん";"";"00064238"
"0";"00056860";"貯玉のない人は入れられないよ";"";"00064240"
"0";"00056880";"用はない";"";"00064248"
"0";"00056890";"覗き魔事件について聞く";"";"00064250"
"0";"000568B0";"約束を果たしてもらう";"";"00064258"
"0";"000568D0";"番台のヨネ子おばちゃん";"";"00064260"
"0";"000568F0";"実はね、
あんまり大きな声では言えないんだけど…";"";"00064268"
"0";"00056920";"番台のヨネ子おばちゃん";"";"00064270"
"0";"00056940";"あれから毎日、ウチの前に立っている$ci洞口$crさん";"";"00064278"
"0";"00056980";"番台のヨネ子おばちゃん";"";"00064280"
"0";"000569A0";"近所では「ほら吹きのホラグチ」って呼ばれて
いるみたいなんだって";"";"00064288"
"0";"000569E0";"番台のヨネ子おばちゃん";"";"00064290"
"0";"00056A00";"覗いている人がいる、っていうのも
本当はあの人の狂言なんじゃないのかねぇ…";"";"00064298"
"0";"00056A50";"番台のヨネ子おばちゃん";"";"000642A0"
"0";"00056A70";"番台に乗せて欲しい？
私がそんな約束をしたって言うのかい？";"";"000642A8"
"0";"00056AB0";"番台のヨネ子おばちゃん";"";"000642B0"
"0";"00056AD0";"あら、そんなこと言ったかねぇ";"";"000642B8"
"0";"00056AF0";"番台のヨネ子おばちゃん";"";"000642C0"
"0";"00056B10";"悪いけど、お客さんにも悪いし
番台に乗せて上げるわけにはいかないよ";"";"000642C8"
"0";"00056B60";"番台のヨネ子おばちゃん";"";"000642D0"
"0";"00056B80";"どうしても女湯を見たいのなら、
女の人にでもなることだねぇ";"";"000642D8"
"0";"00056BC0";"番台のヨネ子おばちゃん";"";"000642E0"
"0";"00056BE0";"あんたの望みのものじゃないかもしれない
けど、今回のお礼だよ";"";"000642E8"
"0";"00056C20";"番台のヨネ子おばちゃん";"";"000642F0"
"0";"00056C38";"今回のお礼だよ";"";"000642F8"
"0";"00056C50";"番台のヨネ子おばちゃん";"";"00064300"
"0";"00056C70";"取っておいておくれ
解決してくれて、本当にありがとう";"";"00064308"
"0";"00056CB0";"番台のヨネ子おばちゃん";"";"00064310"
"0";"00056CD0";"トイレは今、修理中なんだよ";"";"00064318"
"0";"00056CF0";"番台のヨネ子おばちゃん";"";"00064320"
"0";"00056D10";"誰かがトイレをつまらせちゃったもんだからさ";"";"00064328"
"0";"00056D40";"女性の悲鳴";"";"00064330"
"0";"00056D50";"キャーーーーーー　覗きよー";"";"00064338"
"0";"00056D70";"湯上りの女性";"";"00064340"
"0";"00056D80";"おばちゃん！
女湯の窓から誰かが覗いていたのよ";"";"00064348"
"0";"00056DB0";"湯上りの女性";"";"00064350"
"0";"00056DC0";"怖くてもう入っていられないわ！";"";"00064358"
"0";"00056DE0";"番台のヨネ子おばちゃん";"";"00064360"
"0";"00056E00";"困ったもんだねえ、覗き魔なんて
お客さんも来なくなってしまう…";"";"00064368"
"0";"00056E40";"番台のヨネ子おばちゃん";"";"00064370"
"0";"00056E60";"そこのおまえさん　悪いが、犯人を見つけて
警察に突き出してきてはもらえんか？";"";"00064378"
"0";"00056EB0";"番台のヨネ子おばちゃん";"";"00064380"
"0";"00056ED0";"見つけたら、そんな所でこそこそ覗かず
番台に座らせてあげようじゃないか";"";"00064388"
"0";"00056F20";"番台のヨネ子おばちゃん";"";"00064390"
"0";"00056F40";"見つけたら、それなりのものは出すからさ";"";"00064398"
"0";"00056F70";"番台のヨネ子おばちゃん";"";"000643A0"
"0";"00056F90";"どうだい
悪い話じゃないだろう？";"";"000643A8"
"0";"00056FB0";"女湯を覗いた犯人を探す依頼を受ける";"";"000643B0"
"0";"00056FE0";"面倒そうなので断る";"";"000643B8"
"0";"00057000";"番台のヨネ子おばちゃん";"";"000643C0"
"0";"00057020";"本当かい！　探してくれるんだね";"";"000643C8"
"0";"00057040";"番台のヨネ子おばちゃん";"";"000643D0"
"0";"00057060";"それじゃあ、よろしく頼んだよ
お巡りさんにも、事情は伝えておくから";"";"000643D8"
"0";"000570B0";"番台のヨネ子おばちゃん";"";"000643E0"
"0";"000570D0";"もし、犯人が見つかったら、お巡りさんに
伝えておくれよ";"";"000643E8"
"0";"00057110";"番台のヨネ子おばちゃん";"";"000643F0"
"0";"00057128";"そうかい";"";"000643F8"
"0";"00057140";"番台のヨネ子おばちゃん";"";"00064400"
"0";"00057160";"もし気が変わったら、いつでも話しかけて
おくれよ";"";"00064408"
"0";"00057190";"番台のヨネ子おばちゃん";"";"00064410"
"0";"000571B0";"やっぱり私のにらんだ通り、
洞口さんはホラをふいていたんだねえ";"";"00064418"
"0";"000571F0";"番台のヨネ子おばちゃん";"";"00064420"
"0";"00057210";"あんたには色々迷惑をかけてしまったねえ";"";"00064428"
"0";"00057240";"番台のヨネ子おばちゃん";"";"00064430"
"0";"00057260";"本当にありがとねぇ";"";"00064438"
"0";"00057278";"$p";"";"00064440"
"0";"00057280";"約束通り、番台に座らせてもらおうかな";"";"00064448"
"0";"000572B0";"番台のヨネ子おばちゃん";"";"00064450"
"0";"000572C8";"…";"";"00064458"
"0";"000572D0";"番台のヨネ子おばちゃん";"";"00064460"
"0";"000572F0";"いやね　昨日、いつもウチに来てくれる
お客さんから聞いた話なんだけど…";"";"00064468"
"0";"00057340";"番台のヨネ子おばちゃん";"";"00064470"
"0";"00057360";"ウチの前に立っている$ci洞口$crさん
";"";"00064478"
"0";"00057390";"番台のヨネ子おばちゃん";"";"00064480"
"0";"000573B0";"何でも、思い込んだら、
そのまま突っ走ってしまうらしくて…";"";"00064488"
"0";"000573F0";"番台のヨネ子おばちゃん";"";"00064490"
"0";"00057410";"この前も、町内会のお祭で
「カレーに白い粉が浮いている！」";"";"00064498"
"0";"00057450";"番台のヨネ子おばちゃん";"";"000644A0"
"0";"00057470";"「カレーに毒が入っているわよ」って言い
回って、ひと騒動起こしたところなんだってね";"";"000644A8"
"0";"000574D0";"番台のヨネ子おばちゃん";"";"000644B0"
"0";"000574F0";"実際はただの粉チーズだったらしいんだけど…";"";"000644B8"
"0";"00057520";"番台のヨネ子おばちゃん";"";"000644C0"
"0";"00057540";"今回のウチの騒動も同じようにならなければ
いいんだけどねえ…";"";"000644C8"
"0";"00057580";"番台のヨネ子おばちゃん";"";"000644D0"
"0";"000575A0";"今はこれといって、分かることはないねぇ";"";"000644D8"
"0";"000575D0";"番台のヨネ子おばちゃん";"";"000644E0"
"0";"000575F0";"でも、よろしく頼むよ";"";"000644E8"
"0";"00057610";"番台のヨネ子おばちゃん";"";"000644F0"
"0";"00057630";"もしウチで分かることがあったら教えるから
まめに顔を出しておくれ";"";"000644F8"
"0";"00057670";"番台のヨネ子おばちゃん";"";"00064500"
"0";"00057688";"そうそう";"";"00064508"
"0";"000576A0";"番台のヨネ子おばちゃん";"";"00064510"
"0";"000576C0";"この前お客さんが言っていたんだけど、大海
公園でずっと座っている人がいるんだって？";"";"00064518"
"0";"00057720";"番台のヨネ子おばちゃん";"";"00064520"
"0";"00057740";"その人なら、何かを見ているかもしれないねぇ";"";"00064528"
"0";"00057770";"番台のヨネ子おばちゃん";"";"00064530"
"0";"00057790";"夜によく見かけるらしいから、
聞いてみたらどうだい";"";"00064538"
"0";"000577D0";"風呂上がりの少年";"";"00064540"
"0";"000577F0";"コーヒー牛乳　大好きなんだよね";"";"00064548"
"0";"00057810";"風呂上がりの少年";"";"00064550"
"0";"00057830";"フルーツ牛乳　大好きなんだよね";"";"00064558"
"0";"00057850";"風呂上がりの少年";"";"00064560"
"0";"00057870";"やっぱりラムネが一番だね";"";"00064568"
"0";"00057890";"タイミングをはかる青年";"";"00064570"
"0";"000578B0";"今日はこれで、６本目のコーヒー牛乳だよ";"";"00064578"
"0";"000578E0";"タイミングをはかる青年";"";"00064580"
"0";"00057900";"俺は飲むことが目的じゃなく、番台の前に
買いに行くのが目的なんだけどなあ";"";"00064588"
"0";"00057948";"後悔するダンナ";"";"00064590"
"0";"00057960";"冬までに、５キロ落とさないといけないんだ";"";"00064598"
"0";"00057990";"後悔するダンナ";"";"000645A0"
"0";"000579A0";"約束なんかしなきゃよかったよ";"";"000645A8"
"0";"000579C0";"耐えるおとな";"";"000645B0"
"0";"000579D0";"修行中だ　邪魔をしないでもらえるかな";"";"000645B8"
"0";"000579F8";"横目で見る男性";"";"000645C0"
"0";"00057A10";"向こうの浴槽にいるオヤジが、妙にそわそわ
しているんだ";"";"000645C8"
"0";"00057A48";"横目で見る男性";"";"000645D0"
"0";"00057A60";"何か危険な香りがするなあ…";"";"000645D8"
"0";"00057A80";"横目で見る男性";"";"000645E0"
"0";"00057A90";"ん？　そわそわしなくなったなあ";"";"000645E8"
"0";"00057AB0";"湯船のオヤジ";"";"000645F0"
"0";"00057AC0";"海の湯の湯船は大きくて気持ちいいのう
じゃが、トイレが壊れているのが問題じゃ";"";"000645F8"
"0";"00057B10";"湯船のオヤジ";"";"00064600"
"0";"00057B20";"そわそわ";"";"00064608"
"0";"00057B30";"湯船のオヤジ";"";"00064610"
"0";"00057B40";"そわそわ、そわそわ
どうしたものか？　トイレ　トイレ……";"";"00064618"
"0";"00057B78";"湯船のオヤジ";"";"00064620"
"0";"00057B90";"うっ
やばい、やばい、あっもう！";"";"00064628"
"0";"00057BB0";"湯船のオヤジ";"";"00064630"
"0";"00057BC0";"ふぅ……………っ";"";"00064638"
"0";"00057BD8";"湯船のオヤジ";"";"00064640"
"0";"00057BF0";"トイレ？
ああ、もういいんじゃよ";"";"00064648"
"0";"00057C10";"湯船のオヤジ";"";"00064650"
"0";"00057C20";"いい湯じゃな";"";"00064658"
"0";"00057C30";"湯船のオヤジ";"";"00064660"
"0";"00057C40";"どうだい　おまえさんも入らんか？";"";"00064668"
"0";"00057C68";"湯船のオヤジ";"";"00064670"
"0";"00057C80";"もう入っとるか　ハッハッハッ
いい湯加減じゃろう";"";"00064678"
"0";"00057CB0";"説教ジジイ";"";"00064680"
"0";"00057CC0";"お主、湯船に入るときは体を洗ってからじゃぞ";"";"00064688"
"0";"00057CF0";"尻込みしている男";"";"00064690"
"0";"00057D10";"私の後ろに座っている人、
あんなに大きな傷が背中にあるんですよ";"";"00064698"
"0";"00057D50";"尻込みしている男";"";"000646A0"
"0";"00057D70";"もう、見るからに恐そうですよね";"";"000646A8"
"0";"00057D90";"尻込みしている男";"";"000646B0"
"0";"00057DB0";"今はいないみたいですね　あの男の人は";"";"000646B8"
"0";"00057DE0";"尻込みしている男";"";"000646C0"
"0";"00057E00";"盆踊りにでも行っているのかなあ…";"";"000646C8"
"0";"00057E30";"背中に傷を持つ男";"";"000646D0"
"0";"00057E50";"…背中に、刺されたような傷がある
怖そうな男性が髪を洗っている";"";"000646D8"
"0";"00057E90";"「今日は暑いですね」と声をかけてみる";"";"000646E0"
"0";"00057EC0";"こっそりシャンプーを頭にかけてみる";"";"000646E8"
"0";"00057EF0";"関わると面倒そうなので何もしない";"";"000646F0"
"0";"00057F20";"背中に傷を持つ男";"";"000646F8"
"0";"00057F40";"…暑いときほど、風呂に入りたくなる性分でな";"";"00064700"
"0";"00057F70";"背中に傷を持つ男";"";"00064708"
"0";"00057F88";"…";"";"00064710"
"0";"00057F90";"背中に傷を持つ男";"";"00064718"
"0";"00057FB0";"…今日は、泡がなかなかとれねぇなあ";"";"00064720"
"0";"00057FE0";"背中に傷を持つ男";"";"00064728"
"0";"00057FF8";"…よう兄ちゃん";"";"00064730"
"0";"00058010";"背中に傷を持つ男";"";"00064738"
"0";"00058030";"さっきは、面白いことをしてくれた
そうじゃねぇか";"";"00064740"
"0";"00058060";"「すいません」と平謝りする";"";"00064748"
"0";"00058080";"「つい出来心で…」と本心を話す";"";"00064750"
"0";"000580A0";"「私じゃない」とウソをつく";"";"00064758"
"0";"000580C0";"「誰ですか？」ととぼける";"";"00064760"
"0";"000580E0";"背中に傷を持つ男";"";"00064768"
"0";"00058100";"世の中、何でも謝れば片付くと
思ったか？";"";"00064770"
"0";"00058130";"背中に傷を持つ男";"";"00064778"
"0";"00058150";"正直に言えば、誰でも許してくれるとでも
思ったか？";"";"00064780"
"0";"00058190";"背中に傷を持つ男";"";"00064788"
"0";"000581B0";"ウソ突き通せば、大丈夫な相手だとでも
思ったか？";"";"00064790"
"0";"000581E0";"背中に傷を持つ男";"";"00064798"
"0";"00058200";"バカの振りしてとぼけておけば、
相手にされないとでも思ったか？";"";"000647A0"
"0";"00058240";"背中に傷を持つ男";"";"000647A8"
"0";"00058260";"そんなに世の中甘くねぇよ
俺にシャンプーをたっぷりとかけやがって…";"";"000647B0"
"0";"000582B0";"背中に傷を持つ男";"";"000647B8"
"0";"000582D0";"盆踊りの日の夜、公園で待ってるぜ
観客の前で、面白いショーが見せられるかもな";"";"000647C0"
"0";"00058320";"背中に傷を持つ男";"";"000647C8"
"0";"00058340";"来なかったらどうなるか…";"";"000647D0"
"0";"00058360";"背中に傷を持つ男";"";"000647D8"
"0";"00058380";"…分かっているよな";"";"000647E0"
"0";"000583A0";"オヤジくさいおねえさん";"";"000647E8"
"0";"000583C0";"お風呂上りはやっぱりビールよね";"";"000647F0"
"0";"000583E0";"オヤジくさいおねえさん";"";"000647F8"
"0";"00058400";"ここでもビールを売ればいいのにね";"";"00064800"
"0";"00058428";"深刻な顔の女性";"";"00064808"
"0";"00058440";"はぁ…
冬までに５キロ落とさないといけないの";"";"00064810"
"0";"00058470";"深刻な顔の女性";"";"00064818"
"0";"00058480";"ダンナとあんな約束しなきゃ良かったわ";"";"00064820"
"0";"000584A8";"妬む女";"";"00064828"
"0";"000584B0";"いいわね　細い人は…";"";"00064830"
"0";"000584C8";"妬む女";"";"00064838"
"0";"000584D0";"…いいわよね";"";"00064840"
"0";"000584E0";"とぼけた女";"";"00064848"
"0";"000584F0";"あら、あなた見ない顔ね";"";"00064850"
"0";"00058508";"体を洗う女性";"";"00064858"
"0";"00058520";"いやだ　石鹸、忘れてきちゃった…";"";"00064860"
"0";"00058548";"恥ずかしがる人";"";"00064868"
"0";"00058558";"やだ…";"";"00064870"
"0";"00058560";"恥ずかしがる人";"";"00064878"
"0";"00058570";"あんまりジロジロみないでください";"";"00064880"
"0";"000585A0";"落ち着きのない男の子";"";"00064888"
"0";"000585C0";"お兄ちゃん　かっこいいね";"";"00064890"
"0";"000585E0";"落ち着きのない男の子";"";"00064898"
"0";"00058600";"お姉ちゃん　かっこいいね";"";"000648A0"
"0";"00058620";"ラジオ体操指導員？";"";"000648A8"
"0";"00058640";"クソッ　ついてないな！
何で思うように出てくれないんだ！";"";"000648B0"
"0";"00058678";"柳田 まさと";"";"000648B8"
"0";"00058690";"クソッ　ついてないな！
何で思うように出てくれないんだ！";"";"000648C0"
"0";"000586D0";"ラジオ体操指導員？";"";"000648C8"
"0";"000586F0";"ああもう！
話があるなら、朝の公園にきてください";"";"000648D0"
"0";"00058720";"ラジオ体操指導員？";"";"000648D8"
"0";"00058740";"今は大海物語を楽しみたいんですよ";"";"000648E0"
"0";"00058770";"ラジオ体操指導員？";"";"000648E8"
"0";"00058790";"なあ　今度一緒に、食事にでも行こうよ";"";"000648F0"
"0";"000587B8";"柳田 まさと";"";"000648F8"
"0";"000587D0";"なあ　今度一緒に、食事にでも行こうよ";"";"00064900"
"0";"00058800";"ラジオ体操指導員？";"";"00064908"
"0";"00058820";"これ、君にあげるよ
この前から、欲しがっていただろう？";"";"00064910"
"0";"00058858";"柳田 まさと";"";"00064918"
"0";"00058870";"これ、君にあげるよ
この前から、欲しがっていただろう？";"";"00064920"
"0";"000588B0";"…食事に誘っているようだ";"";"00064928"
"0";"000588D0";"…プレゼントをあげているようだ";"";"00064930"
"0";"000588F0";"柳田 まさと";"";"00064938"
"0";"00058900";"毎朝、この公園でやっていますよ
是非あなたも、毎朝お越しください";"";"00064940"
"0";"00058940";"ラジオ体操指導員";"";"00064948"
"0";"00058960";"どうも　初めまして
私は、ラジオ体操の指導をしている柳田です";"";"00064950"
"0";"000589A0";"柳田 まさと";"";"00064958"
"0";"000589B0";"あなたもどうですか？　
ラジオ体操をすると、１日が気持ち良いですよ";"";"00064960"
"0";"00058A00";"パチンコ屋事件について聞く";"";"00064968"
"0";"00058A20";"ラジオ体操について聞く";"";"00064970"
"0";"00058A40";"榎本について聞く";"";"00064978"
"0";"00058A58";"特に用はない";"";"00064980"
"0";"00058A68";"$p";"";"00064988"
"0";"00058A70";"パチパラ町のパチンコ屋事件について
聞きたいんだが…";"";"00064990"
"0";"00058AA8";"$p";"";"00064998"
"0";"00058AB0";"パチパラ町のパチンコ屋事件について
聞きたいんだけど…";"";"000649A0"
"0";"00058AF0";"パチパラ町から大海町に向かった怪しい人物";"";"000649A8"
"0";"00058B20";"その日のアリバイ";"";"000649B0"
"0";"00058B40";"何か気づいたこと";"";"000649B8"
"0";"00058B58";"やっぱりやめる";"";"000649C0"
"0";"00058B68";"$p";"";"000649C8"
"0";"00058B70";"事件の日の朝、パチパラ町からこの町に
怪しい人物が来なかったか？";"";"000649D0"
"0";"00058BB0";"$p";"";"000649D8"
"0";"00058BC0";"事件の日の朝、パチパラ町からこの町に
怪しい人物が来なかったかしら？";"";"000649E0"
"0";"00058C08";"柳田 まさと";"";"000649E8"
"0";"00058C20";"あの日ですか…？　そうですねえ…";"";"000649F0"
"0";"00058C48";"柳田 まさと";"";"000649F8"
"0";"00058C60";"いや…　そういった記憶はありませんねえ…";"";"00064A00"
"0";"00058C90";"$p";"";"00064A08"
"0";"00058CA0";"あの日の朝、何をしていました？";"";"00064A10"
"0";"00058CC0";"$p";"";"00064A18"
"0";"00058CD0";"あの日の朝、何をしていました？";"";"00064A20"
"0";"00058CF0";"柳田 まさと";"";"00064A28"
"0";"00058D00";"ボクは…　いつものようにこの公園に
ラジオ体操に来ていましたよ";"";"00064A30"
"0";"00058D40";"柳田 まさと";"";"00064A38"
"0";"00058D50";"でも、雨が降り出したんで、
その日は中止にしたんです";"";"00064A40"
"0";"00058D88";"$p";"";"00064A48"
"0";"00058D90";"あの日のことで、
何か気づいたことはないか？";"";"00064A50"
"0";"00058DC0";"$p";"";"00064A58"
"0";"00058DD0";"あの日のことで、
何か気づいたことはないかしら？";"";"00064A60"
"0";"00058E00";"柳田 まさと";"";"00064A68"
"0";"00058E10";"そうですね…　特にこれと言って…
あ、そうだ…";"";"00064A70"
"0";"00058E40";"柳田 まさと";"";"00064A78"
"0";"00058E50";"$ci榎本$crさんが来ませんでしたね
あの人、時々休むことがあるんです";"";"00064A80"
"0";"00058E98";"$p";"";"00064A88"
"0";"00058EA0";"榎本さんというのは？";"";"00064A90"
"0";"00058EB8";"$p";"";"00064A98"
"0";"00058EC0";"榎本さんて、誰？";"";"00064AA0"
"0";"00058ED8";"柳田 まさと";"";"00064AA8"
"0";"00058EF0";"この大海町の寿司屋、「$ciえの鮨$cr」の大将です";"";"00064AB0"
"0";"00058F20";"柳田 まさと";"";"00064AB8"
"0";"00058F30";"仕入れの帰りに体操に来られるんですが…
休むことが多いですね";"";"00064AC0"
"0";"00058F70";"チャルメラのおやじ";"";"00064AC8"
"0";"00058F90";"おっ　兄ちゃん、格好いいなあ";"";"00064AD0"
"0";"00058FB0";"チャルメラのおやじ";"";"00064AD8"
"0";"00058FD0";"おっ　姉ちゃん、かわいいねえ";"";"00064AE0"
"0";"00058FF0";"チャルメラのおやじ";"";"00064AE8"
"0";"00059010";"安くしとくよ　一杯どうだい？";"";"00064AF0"
"0";"00059030";"チャルメラのおやじ";"";"00064AF8"
"0";"00059050";"また、よってくれよ";"";"00064B00"
"0";"00059068";"町内会の会長";"";"00064B08"
"0";"00059080";"今日は体操指導員が来るのが遅いな
夏風邪でもひいたのだろうか…";"";"00064B10"
"0";"000590C0";"町内会の会長";"";"00064B18"
"0";"000590D0";"夏と言えば、ラジオ体操ですよ";"";"00064B20"
"0";"000590F0";"町内会の会長";"";"00064B28"
"0";"00059100";"しかし、柳田君がいなくなって寂しいですね";"";"00064B30"
"0";"00059130";"町内会の会長";"";"00064B38"
"0";"00059140";"まさか、彼が死んでしまうとは…";"";"00064B40"
"0";"00059160";"健康なおばあさん";"";"00064B48"
"0";"00059180";"健康にはラジオ体操が一番よ";"";"00064B50"
"0";"000591A0";"健康なおばあさん";"";"00064B58"
"0";"000591C0";"…なんであんな若いもんが死ぬのかねえ";"";"00064B60"
"0";"000591E8";"大海町の長老";"";"00064B68"
"0";"00059200";"あの若造、どこで暇をつぶしているんじゃ！";"";"00064B70"
"0";"00059230";"大海町の長老";"";"00064B78"
"0";"00059240";"お主もどうじゃ　気持ちええぞ";"";"00064B80"
"0";"00059260";"大海町の長老";"";"00064B88"
"0";"00059270";"あの若造、ええ奴じゃったのにな…";"";"00064B90"
"0";"000592A0";"面倒そうな女の子";"";"00064B98"
"0";"000592C0";"ラジオ体操って、メンドクサイ";"";"00064BA0"
"0";"000592E0";"面倒そうな女の子";"";"00064BA8"
"0";"00059300";"せっかくラジオ体操がなくなったと
思ったのになあ…";"";"00064BB0"
"0";"00059340";"面倒そうな女の子";"";"00064BB8"
"0";"00059360";"これじゃあ、ラジオ体操はできないよね";"";"00064BC0"
"0";"00059390";"面倒そうな女の子";"";"00064BC8"
"0";"000593A8";"明日から休もう";"";"00064BD0"
"0";"000593B8";"眠そうな男の子";"";"00064BD8"
"0";"000593D0";"眠いよう
夏休みくらい、ゆっくり寝ていたいのに…";"";"00064BE0"
"0";"00059400";"眠そうな男の子";"";"00064BE8"
"0";"00059410";"うう…
もっとラジオ体操が休みだったらよかったのに";"";"00064BF0"
"0";"00059448";"小学校の学級長";"";"00064BF8"
"0";"00059460";"みんな来ているか確認しないとな";"";"00064C00"
"0";"00059480";"小学校の学級長";"";"00064C08"
"0";"00059490";"それにしても、今日は体操のお兄さんが
なかなか来ないなあ";"";"00064C10"
"0";"000594C8";"小学校の学級長";"";"00064C18"
"0";"000594E0";"体操のお兄さん、死んじゃったんだね";"";"00064C20"
"0";"00059508";"近所のガキ大将";"";"00064C28"
"0";"00059520";"なんで学級長が、隣にいるんだよ
ミキちゃんと話しづらいじゃねーか";"";"00064C30"
"0";"00059560";"かわいい転校生";"";"00064C38"
"0";"00059570";"あなたも、ラジオ体操しませんか";"";"00064C40"
"0";"00059590";"かわいい転校生";"";"00064C48"
"0";"000595A0";"体操のおじさん、遅いなあ";"";"00064C50"
"0";"000595C0";"かわいい転校生";"";"00064C58"
"0";"000595D0";"体操のおじさんは、いなくなっちゃったけど
あなたもラジオ体操しませんか";"";"00064C60"
"0";"00059618";"お面屋";"";"00064C68"
"0";"00059620";"祭にお面は欠かせないよ！";"";"00064C70"
"0";"00059640";"お面屋";"";"00064C78"
"0";"00059650";"似合うはずだよ！";"";"00064C80"
"0";"00059668";"リンゴ飴屋";"";"00064C88"
"0";"00059680";"おいしいリンゴ飴だよ　１本買っときな";"";"00064C90"
"0";"000596A8";"リンゴ飴屋";"";"00064C98"
"0";"000596C0";"また来てくれよ〜";"";"00064CA0"
"0";"000596D8";"金魚すくい屋";"";"00064CA8"
"0";"000596F0";"どうだい　一回やっていくかい？";"";"00064CB0"
"0";"00059710";"金魚すくい屋";"";"00064CB8"
"0";"00059720";"ありがとな";"";"00064CC0"
"0";"00059730";"カキ氷屋";"";"00064CC8"
"0";"00059740";"カキ氷〜　カキ氷はいらんかね〜";"";"00064CD0"
"0";"00059760";"カキ氷屋";"";"00064CD8"
"0";"00059770";"暑い夏には、カキ氷が一番だよ";"";"00064CE0"
"0";"00059790";"背中に傷を持つ男";"";"00064CE8"
"0";"000597B0";"どうだい
俺とパチンコ勝負していかないか？";"";"00064CF0"
"0";"000597E0";"背中に傷を持つ男";"";"00064CF8"
"0";"00059800";"なんだよ
またパチンコ勝負に来やがったのか？";"";"00064D00"
"0";"00059830";"パチンコ勝負する";"";"00064D08"
"0";"00059848";"やめておく";"";"00064D10"
"0";"00059860";"背中に傷を持つ男";"";"00064D18"
"0";"00059880";"なんだ？　怖気づいたのか？";"";"00064D20"
"0";"000598A0";"背中に傷を持つ男";"";"00064D28"
"0";"000598C0";"弱い奴だな、まったく";"";"00064D30"
"0";"000598E0";"背中に傷を持つ男";"";"00064D38"
"0";"00059900";"かーーーっ！　負けだ負け　俺の負けだ";"";"00064D40"
"0";"00059930";"背中に傷を持つ男";"";"00064D48"
"0";"00059950";"ほらよ　ちきしょう！
払いたかねぇけど、約束は約束だからな";"";"00064D50"
"0";"00059990";"背中に傷を持つ男";"";"00064D58"
"0";"000599B0";"もう二度とくるんじゃねぇぞー";"";"00064D60"
"0";"000599D0";"背中に傷を持つ男";"";"00064D68"
"0";"000599F0";"ざまあみやがれってんだ";"";"00064D70"
"0";"00059A10";"背中に傷を持つ男";"";"00064D78"
"0";"00059A30";"約束通り、あんたの貯玉の半分をいただくぜ";"";"00064D80"
"0";"00059A60";"背中に傷を持つ男";"";"00064D88"
"0";"00059A80";"今日の営業は終わりだ　さあ帰った、帰った！";"";"00064D90"
"0";"00059AB0";"背中に傷を持つ男";"";"00064D98"
"0";"00059AC8";"来やがったな…";"";"00064DA0"
"0";"00059AE0";"背中に傷を持つ男";"";"00064DA8"
"0";"00059B00";"今日はここで、俺とパチンコ勝負してもらうぞ";"";"00064DB0"
"0";"00059B30";"背中に傷を持つ男";"";"00064DB8"
"0";"00059B50";"なあに、あんたにも悪い話じゃねぇよ";"";"00064DC0"
"0";"00059B80";"背中に傷を持つ男";"";"00064DC8"
"0";"00059BA0";"あんたが勝ったら、あんたの出玉に
【$ci$e0$cr】玉つけてやろうじゃねぇか";"";"00064DD0"
"0";"00059BF0";"背中に傷を持つ男";"";"00064DD8"
"0";"00059C10";"ただし、負けたらあんたの持っている貯玉の
半分をいただくぜ";"";"00064DE0"
"0";"00059C50";"背中に傷を持つ男";"";"00064DE8"
"0";"00059C68";"さあ、勝負だ！";"";"00064DF0"
"0";"00059C78";"走り回る男の子";"";"00064DF8"
"0";"00059C88";"こっちだよ〜";"";"00064E00"
"0";"00059C98";"はしゃぐ女の子";"";"00064E08"
"0";"00059CB0";"私のリンゴ飴、返してよ〜";"";"00064E10"
"0";"00059CD0";"決断力のないオヤジ";"";"00064E18"
"0";"00059CF0";"俺の少ない小遣いで、どっちを楽しむべきか…
うぅ　迷うなあ";"";"00064E20"
"0";"00059D30";"甘え上手な女の子";"";"00064E28"
"0";"00059D48";"お父さぁん";"";"00064E30"
"0";"00059D60";"甘え上手な女の子";"";"00064E38"
"0";"00059D80";"魔女っ子のお面、買って欲しいなあ";"";"00064E40"
"0";"00059DB0";"断りきれない父親";"";"00064E48"
"0";"00059DC8";"ダメだよ　ダメ";"";"00064E50"
"0";"00059DE0";"断りきれない父親";"";"00064E58"
"0";"00059E00";"そんな目で見ないでくれよ…";"";"00064E60"
"0";"00059E20";"熱しやすい女性";"";"00064E68"
"0";"00059E30";"あ〜ん　もう";"";"00064E70"
"0";"00059E40";"お祭好きの男の子";"";"00064E78"
"0";"00059E60";"おじさん
シロップだけちょうだいよー";"";"00064E80"
"0";"00059E90";"根っからのパチンコ好き";"";"00064E88"
"0";"00059EB0";"このパチプロは勝負師ですな
命を削って勝負にきてますよ";"";"00064E90"
"0";"00059EE8";"踊り下手な男性";"";"00064E98"
"0";"00059F00";"ちゃんと踊れる人がうらやましい…";"";"00064EA0"
"0";"00059F28";"踊り下手な男性";"";"00064EA8"
"0";"00059F40";"何度やっても、どんどんズレていって
しまうんですよ";"";"00064EB0"
"0";"00059F78";"いちゃつく男";"";"00064EB8"
"0";"00059F90";"おいおい　空気をよんでくれよ〜";"";"00064EC0"
"0";"00059FB0";"いちゃつく女";"";"00064EC8"
"0";"00059FC0";"ねえ　涼ちゃん
今度は、どんな楽しいことしてくれるの〜";"";"00064ED0"
"0";"00059FF8";"仏閣好きの女性";"";"00064ED8"
"0";"0005A010";"ここからぼんやりと神社を眺めていると、
落ち着くのよね";"";"00064EE0"
"0";"0005A050";"「銭湯の覗き事件をご存知ですか？」と尋ねる";"";"00064EE8"
"0";"0005A080";"用はない";"";"00064EF0"
"0";"0005A090";"仏閣好きの女性";"";"00064EF8"
"0";"0005A0A0";"知っているわよ
海の湯の前に立っている女性から聞いてね";"";"00064F00"
"0";"0005A0D8";"仏閣好きの女性";"";"00064F08"
"0";"0005A0F0";"…そうそう、あの人には言わなかったんだけど
私、神社の奥でコソコソと動く人影を見たのよ";"";"00064F10"
"0";"0005A148";"仏閣好きの女性";"";"00064F18"
"0";"0005A160";"もう、１週間くらい前かなぁ…
見るからに怪しい人だったわ";"";"00064F20"
"0";"0005A198";"仏閣好きの女性";"";"00064F28"
"0";"0005A1B0";"そうそう　この前は言い忘れていたんだけど…";"";"00064F30"
"0";"0005A1E0";"仏閣好きの女性";"";"00064F38"
"0";"0005A1F0";"神社の奥でコソコソしていたのは、
この辺ではあまり見かけない人だったわ";"";"00064F40"
"0";"0005A238";"仏閣好きの女性";"";"00064F48"
"0";"0005A250";"あの人が言っている、写真屋の小暮さんとは
全然違う人よ";"";"00064F50"
"0";"0005A288";"ベンチに座る男";"";"00064F58"
"0";"0005A2A0";"夜風が気持ちいいな";"";"00064F60"
"0";"0005A2B8";"ベンチに座る男";"";"00064F68"
"0";"0005A2D0";"牛乳屋の兄ちゃんが、この前、あのアパートの
奴のところへ集金に行ったんだとよ";"";"00064F70"
"0";"0005A320";"ベンチに座る男";"";"00064F78"
"0";"0005A330";"よく知らないけど、すごい気色悪い部屋だった
って話だぜ";"";"00064F80"
"0";"0005A368";"ベンチに座る女";"";"00064F88"
"0";"0005A380";"お月様がきれいね";"";"00064F90"
"0";"0005A398";"ベンチに座る女";"";"00064F98"
"0";"0005A3B0";"この前、メゾン大海のあたりから
双眼鏡でこっちを覗いていた人がいたのよ";"";"00064FA0"
"0";"0005A3F8";"ベンチに座る女";"";"00064FA8"
"0";"0005A410";"気持ち悪かったわ";"";"00064FB0"
"0";"0005A430";"１０１号室の住人";"";"00064FB8"
"0";"0005A448";"なんだよ！";"";"00064FC0"
"0";"0005A460";"１０１号室の住人";"";"00064FC8"
"0";"0005A480";"新聞ならいらないし、
狂犬病の注射だってちゃんとしてるよ！";"";"00064FD0"
"0";"0005A4C0";"１０１号室の住人";"";"00064FD8"
"0";"0005A4E0";"表札の横にシールが張ってあるのを見てくれよ";"";"00064FE0"
"0";"0005A510";"（表札には、野原ツトムと書いてある）";"";"00064FE8"
"0";"0005A540";"「受信料をいただきに来た」と言ってみる";"";"00064FF0"
"0";"0005A570";"１０１号室の野原くん";"";"00064FF8"
"0";"0005A590";"ウチにはテレビが無いからさ
見てないものは払えないね";"";"00065000"
"0";"0005A5D0";"１０１号室の野原くん";"";"00065008"
"0";"0005A5E8";"なんだよ！";"";"00065010"
"0";"0005A600";"１０１号室の野原くん";"";"00065018"
"0";"0005A620";"新聞ならいらないし、
狂犬病の注射だってちゃんとしてるよ！";"";"00065020"
"0";"0005A660";"１０１号室の野原くん";"";"00065028"
"0";"0005A680";"例の場所なんて知らねえよ
俺が知るわけねえだろう！！";"";"00065030"
"0";"0005A6C0";"１０１号室の野原くん";"";"00065038"
"0";"0005A6E0";"ほらもう、帰ってくれよ！";"";"00065040"
"0";"0005A700";"カギがかかっている
どうやら人は住んでいないようだ";"";"00065048"
"0";"0005A740";"ドアの前にゴミ袋が出されている";"";"00065050"
"0";"0005A760";"ゴミをあさってみる";"";"00065058"
"0";"0005A780";"ゴミなんてさわりたくもない";"";"00065060"
"0";"0005A7A0";"（ゴソゴソ　ゴソゴソ…）";"";"00065068"
"0";"0005A7C0";"！";"";"00065070"
"0";"0005A7D0";"なんと、ゴミ袋の中に
「海の湯」の見取り図が丸めて捨てられていた";"";"00065078"
"0";"0005A810";"「家の前にゴミを出さないでください」と怒鳴る";"";"00065080"
"0";"0005A840";"「なんで銭湯の見取り図なんて持ってるの？」と尋ねる";"";"00065088"
"0";"0005A880";"１０１号室の野原くん";"";"00065090"
"0";"0005A8A0";"お、おう　悪いな
後で捨てに行くから、気にしないでくれ";"";"00065098"
"0";"0005A8E0";"１０１号室の野原くん";"";"000650A0"
"0";"0005A900";"て、てめえ！
ゴミをあさりやがったな！！";"";"000650A8"
"0";"0005A930";"１０１号室の野原くん";"";"000650B0"
"0";"0005A948";"…";"";"000650B8"
"0";"0005A950";"１０１号室の野原くん";"";"000650C0"
"0";"0005A970";"つまんねえことで、俺の邪魔をしないでくれ";"";"000650C8"
"0";"0005A9A0";"１０１号室の野原くん";"";"000650D0"
"0";"0005A9C0";"こっちは、引越しの準備で忙しいんだ！";"";"000650D8"
"0";"0005A9F0";"（この男は何かを隠しているような…）";"";"000650E0"
"0";"0005AA20";"（この部屋の中を見たことのある人の
証言を得ることができないだろうか…）";"";"000650E8"
"0";"0005AA70";"（この部屋の中を見たことのある人の
証言を得ることができないかしら…）";"";"000650F0"
"0";"0005AAC0";"カギがかかっている
どうやら引越してしまって、いないようだ";"";"000650F8"
"0";"0005AB00";"家を持たない野中さん";"";"00065100"
"0";"0005AB20";"おう！　久しぶりだな";"";"00065108"
"0";"0005AB40";"家を持たない野中さん";"";"00065110"
"0";"0005AB60";"おめえ、泊るところがねえのか？
だったらウチ泊ってくか？";"";"00065118"
"0";"0005ABA0";"家を持たない野中さん";"";"00065120"
"0";"0005ABC0";"しっかし、ここは物騒なアパートだな
人が２人も死んでるぜ";"";"00065128"
"0";"0005AC00";"家を持たない野中さん";"";"00065130"
"0";"0005AC20";"あんたも、両隣の住人が死んで大変だな";"";"00065138"
"0";"0005AC50";"家を持たない野中さん";"";"00065140"
"0";"0005AC70";"なんなら、おいらとここに住んでみるかい？";"";"00065148"
"0";"0005ACA0";"家を持たない野中さん";"";"00065150"
"0";"0005ACC0";"なんだ？　
今日は朝からやけに上が騒がしかったなあ";"";"00065158"
"0";"0005AD00";"家を持たない野中さん";"";"00065160"
"0";"0005AD20";"あんたも、うるさくて起きてきたんだろ";"";"00065168"
"0";"0005AD50";"家を持たない野中さん";"";"00065170"
"0";"0005AD70";"なんなら、ここで一緒に寝るか？";"";"00065178"
"0";"0005AD90";"家を持たない野中さん";"";"00065180"
"0";"0005ADB0";"２階に住んでた、柳田ってヤツが死んだ
そうじゃねえか";"";"00065188"
"0";"0005ADF0";"家を持たない野中さん";"";"00065190"
"0";"0005AE10";"あんたも、そんな部屋の隣に住んで
大変だな";"";"00065198"
"0";"0005AE40";"家を持たない野中さん";"";"000651A0"
"0";"0005AE60";"なんなら、おいらとここに住んでみるかい？";"";"000651A8"
"0";"0005AE90";"家を持たない野中さん";"";"000651B0"
"0";"0005AEB0";"ついこの間、朝早くだったかなあ
寿司屋の大将が２階から降りてきたんだよ";"";"000651B8"
"0";"0005AF00";"家を持たない野中さん";"";"000651C0"
"0";"0005AF20";"こんなところにゃ市場もねえし、
いったい何をやっていたんだろうな";"";"000651C8"
"0";"0005AF60";"家を持たない野中さん";"";"000651D0"
"0";"0005AF80";"なんならあんた、
ここに泊って朝まで過ごしてみるかい？";"";"000651D8"
"0";"0005AFC0";"家を持たない野中さん";"";"000651E0"
"0";"0005AFE0";"おめえも、泊るところがねえのか？
だったらウチ泊ってくか？";"";"000651E8"
"0";"0005B020";"丁重に断る";"";"000651F0"
"0";"0005B030";"貯玉の1/10　【$ci$e0$cr】玉を恵んでやる";"";"000651F8"
"0";"0005B060";"他人の振りをする";"";"00065200"
"0";"0005B080";"高額レートのパチンコ屋について聞く";"";"00065208"
"0";"0005B0B0";"シルバームーンについて聞く";"";"00065210"
"0";"0005B0D0";"$p";"";"00065218"
"0";"0005B0D8";"遠慮します";"";"00065220"
"0";"0005B0E8";"$p";"";"00065228"
"0";"0005B0F0";"【$ci$e0$cr】玉あげます";"";"00065230"
"0";"0005B110";"家を持たない野中さん";"";"00065238"
"0";"0005B128";"そうか…";"";"00065240"
"0";"0005B140";"家を持たない野中さん";"";"00065248"
"0";"0005B160";"俺は昔、ここの１０３号室に住んでいたんだ
";"";"00065250"
"0";"0005B190";"家を持たない野中さん";"";"00065258"
"0";"0005B1B0";"だが、家賃が払えなくなっちまったら
この様さ";"";"00065260"
"0";"0005B1E0";"家を持たない野中さん";"";"00065268"
"0";"0005B200";"…世間は厳しいよなあ";"";"00065270"
"0";"0005B220";"家を持たない野中さん";"";"00065278"
"0";"0005B240";"お、くれんのかい？　ありがとよ";"";"00065280"
"0";"0005B260";"家を持たない野中さん";"";"00065288"
"0";"0005B280";"なんでぇ　スましやがって";"";"00065290"
"0";"0005B2A0";"家を持たない野中さん";"";"00065298"
"0";"0005B2C0";"その話かい
そいつはタダじゃ教えらんねえなあ";"";"000652A0"
"0";"0005B2F0";"家を持たない野中さん";"";"000652A8"
"0";"0005B310";"ああ　何か、茶を飲みてぇ気分だなあ";"";"000652B0"
"0";"0005B340";"$ci日本茶セット$crを渡す";"";"000652B8"
"0";"0005B360";"$ci日本茶セット$crを渡さない";"";"000652C0"
"0";"0005B380";"家を持たない野中さん";"";"000652C8"
"0";"0005B3A0";"コイツはありがてえな
久しぶりにマシな飲み物にありつけるぞ！";"";"000652D0"
"0";"0005B3E0";"家を持たない野中さん";"";"000652D8"
"0";"0005B400";"…おっと、そうだったな
“例の場所”なら、神主が知っているらしいぞ";"";"000652E0"
"0";"0005B450";"家を持たない野中さん";"";"000652E8"
"0";"0005B470";"おまえさんには、かなり世話になってるしな
教えてやるよ";"";"000652F0"
"0";"0005B4B0";"家を持たない野中さん";"";"000652F8"
"0";"0005B4D0";"“例の場所”なら、神主に聞きな
俺が知っているのはそれだけさ";"";"00065300"
"0";"0005B510";"家を持たない野中さん";"";"00065308"
"0";"0005B530";"おっ　またくれんのか
";"";"00065310"
"0";"0005B550";"家を持たない野中さん";"";"00065318"
"0";"0005B568";"ありがとよ";"";"00065320"
"0";"0005B578";"泊る";"";"00065328"
"0";"0005B580";"家を持たない野中さん";"";"00065330"
"0";"0005B5A0";"冗談だよ　冗談
こんな狭いところに、２人は寝られないだろう";"";"00065338"
"0";"0005B5E0";"$p";"";"00065340"
"0";"0005B5F0";"高額レートのパチンコ屋について
聞きたいんだが…";"";"00065348"
"0";"0005B620";"$p";"";"00065350"
"0";"0005B630";"高額レートのパチンコ屋について
聞きたいんだけど…";"";"00065358"
"0";"0005B670";"家を持たない野中さん";"";"00065360"
"0";"0005B690";"何っ！　お前　その話をどこで？";"";"00065368"
"0";"0005B6B0";"家を持たない野中さん";"";"00065370"
"0";"0005B6D0";"まぁ　見ての通り　このありさまだよ
あんなとこ２度と行かねぇよ…";"";"00065378"
"0";"0005B710";"$p";"";"00065380"
"0";"0005B720";"そのパチンコ屋ってシルバームーンだろ？";"";"00065388"
"0";"0005B748";"$p";"";"00065390"
"0";"0005B750";"そのパチンコ屋って、シルバームーン
なんでしょ？";"";"00065398"
"0";"0005B780";"家を持たない野中さん";"";"000653A0"
"0";"0005B7A0";"ふっ　そこまで知っているんじゃ仕方がない
それじゃ　ヒントだけ教えてやるよ";"";"000653A8"
"0";"0005B7F0";"家を持たない野中さん";"";"000653B0"
"0";"0005B810";"扉を開けるには
「合言葉」に当たる「ポーズ」が必要なんだ";"";"000653B8"
"0";"0005B850";"家を持たない野中さん";"";"000653C0"
"0";"0005B870";"あとは　おまえさんが自分で考えてみな";"";"000653C8"
"0";"0005B898";"小暮写真館店主";"";"000653D0"
"0";"0005B8B0";"記念写真を１枚　いかがですか？";"";"000653D8"
"0";"0005B8D0";"写真を撮ってもらう　【$ci$e0$cr】玉";"";"000653E0"
"0";"0005B8F8";"人形を買う";"";"000653E8"
"0";"0005B908";"用はない";"";"000653F0"
"0";"0005B918";"小暮写真館店主";"";"000653F8"
"0";"0005B930";"おやおや　貯玉が足りませんよ";"";"00065400"
"0";"0005B950";"小暮写真館店主";"";"00065408"
"0";"0005B960";"ありがとうございました";"";"00065410"
"0";"0005B978";"小暮写真館店主";"";"00065418"
"0";"0005B990";"他に何かありますか？";"";"00065420"
"0";"0005B9A8";"小暮写真館店主";"";"00065428"
"0";"0005B9C0";"では、こちらにお願いします";"";"00065430"
"0";"0005B9E0";"小暮写真館店主";"";"00065438"
"0";"0005B9F0";"いきますよ　笑ってくださーい";"";"00065440"
"0";"0005BA10";"小暮写真館店主";"";"00065448"
"0";"0005BA20";"はい";"";"00065450"
"0";"0005BA28";"小暮写真館店主";"";"00065458"
"0";"0005BA40";"何番目に保存しますか？";"";"00065460"
"0";"0005BA58";"１番目";"";"00065468"
"0";"0005BA60";"２番目";"";"00065470"
"0";"0005BA68";"３番目";"";"00065478"
"0";"0005BA70";"４番目";"";"00065480"
"0";"0005BA78";"５番目";"";"00065488"
"0";"0005BA80";"小暮写真館店主";"";"00065490"
"0";"0005BA90";"はい　できましたよ";"";"00065498"
"0";"0005BAB0";"「銭湯の覗き事件をご存知ですか？」と問う";"";"000654A0"
"0";"0005BAE0";"小暮写真館店主";"";"000654A8"
"0";"0005BAF0";"ああ　知っているよ
お巡りさんが、ここに来たからね";"";"000654B0"
"0";"0005BB30";"「事件の時、どこにいましたか？」と尋ねる";"";"000654B8"
"0";"0005BB60";"別に聞きたいことはない";"";"000654C0"
"0";"0005BB78";"小暮写真館店主";"";"000654C8"
"0";"0005BB90";"いやいや　お巡りさんにも話したんだけどね
ここで人形を作っていたんだよ";"";"000654D0"
"0";"0005BBE0";"「それを証明してくれる人は？」と尋ねる";"";"000654D8"
"0";"0005BC10";"別に聞きたいことはない";"";"000654E0"
"0";"0005BC28";"小暮写真館店主";"";"000654E8"
"0";"0005BC40";"あいにく、お客さんも誰も来なかったし、
ここにいたことを証明できるものも無いんだ";"";"000654F0"
"0";"0005BC90";"小暮写真館店主";"";"000654F8"
"0";"0005BCA0";"困ったもんだよ　ただ、人形をつくっていた
だけで、こんなに人から疑われるなんて…";"";"00065500"
"0";"0005BCF0";"シェフの野上";"";"00065508"
"0";"0005BD00";"おう　悪い
注文があるなら娘に言ってくれ";"";"00065510"
"0";"0005BD28";"シェフの野上";"";"00065518"
"0";"0005BD40";"へえ　まだその話が生きていたとはな";"";"00065520"
"0";"0005BD68";"シェフの野上";"";"00065528"
"0";"0005BD80";"『メゾン大海』にいる奴に聞きな
俺はそれしか聞いてないから";"";"00065530"
"0";"0005BDC0";"美人ウェイトレス";"";"00065538"
"0";"0005BDE0";"いらっしゃいませ
ようこそ　キッチン たまへ";"";"00065540"
"0";"0005BE10";"美人ウェイトレス";"";"00065548"
"0";"0005BE30";"ご注文をお伺いします　何になさいますか？";"";"00065550"
"0";"0005BE60";"美人ウェイトレス";"";"00065558"
"0";"0005BE80";"ありがとうございます";"";"00065560"
"0";"0005BEA0";"美人ウェイトレス";"";"00065568"
"0";"0005BEC0";"あの…失礼ですが、お連れ様が外で
お待ちになられていますよ";"";"00065570"
"0";"0005BF00";"語彙が少ない男";"";"00065578"
"0";"0005BF10";"うまい！";"";"00065580"
"0";"0005BF20";"語彙が少ない男";"";"00065588"
"0";"0005BF30";"おいしい！";"";"00065590"
"0";"0005BF40";"語彙が少ない男";"";"00065598"
"0";"0005BF50";"最高です！";"";"000655A0"
"0";"0005BF60";"唐突な男性";"";"000655A8"
"0";"0005BF70";"知っとるか？";"";"000655B0"
"0";"0005BF80";"「知らない」と素直に答える";"";"000655B8"
"0";"0005BFA0";"「知っているよ」と知ったかぶりをする";"";"000655C0"
"0";"0005BFD0";"「知ろうとも思わないよ」と強がる";"";"000655C8"
"0";"0005C000";"「知らない方がましだ」と立ち去る";"";"000655D0"
"0";"0005C028";"唐突な男性";"";"000655D8"
"0";"0005C040";"そうじゃろうよ
まだ何も言ってないんだからな";"";"000655E0"
"0";"0005C070";"唐突な男性";"";"000655E8"
"0";"0005C080";"そんなはずはないじゃろ
まだ何も言ってないんだからな";"";"000655F0"
"0";"0005C0B8";"唐突な男性";"";"000655F8"
"0";"0005C0D0";"そうくるとは思わんかったな";"";"00065600"
"0";"0005C0F0";"唐突な男性";"";"00065608"
"0";"0005C100";"そうか　悪かったな";"";"00065610"
"0";"0005C118";"唐突な男性";"";"00065618"
"0";"0005C130";"ここだけの話、向かいの「えの鮨」オヤジは
そうとうな女好きらしいんじゃ";"";"00065620"
"0";"0005C178";"唐突な男性";"";"00065628"
"0";"0005C190";"それも、かなりのゲテモノ食いらしいぞ";"";"00065630"
"0";"0005C1B8";"唐突な男性";"";"00065638"
"0";"0005C1D0";"ここだけの話、朝の公園でラジオ体操を
教えている指導員は…";"";"00065640"
"0";"0005C210";"唐突な男性";"";"00065648"
"0";"0005C220";"…パチンコ狂いなんじゃとよ
おまえさんも、昼間にパチンコ屋に行ってみな";"";"00065650"
"0";"0005C268";"唐突な男性";"";"00065658"
"0";"0005C280";"ラジオ体操は気持ちええぞ
しかもこの町では、指導員までついておる";"";"00065660"
"0";"0005C2C0";"唐突な男性";"";"00065668"
"0";"0005C2D0";"ウチの町内会の会長もやりおるわい";"";"00065670"
"0";"0005C2F8";"唐突な男性";"";"00065678"
"0";"0005C310";"ここだけの話、公園にお偉いさんが
来ていたんじゃよ";"";"00065680"
"0";"0005C348";"唐突な男性";"";"00065688"
"0";"0005C360";"この町もいよいよ、全国区になって
しまうのかのう";"";"00065690"
"0";"0005C390";"唐突な男性";"";"00065698"
"0";"0005C3A0";"ここだけの話、朝の公園でラジオ体操を
教えている指導員は…";"";"000656A0"
"0";"0005C3E0";"唐突な男性";"";"000656A8"
"0";"0005C3F0";"…パチンコ狂いだったんじゃ
おまえさんも、パチンコ屋に行ってみなさい";"";"000656B0"
"0";"0005C438";"唐突な男性";"";"000656B8"
"0";"0005C450";"いろいろと裏話が聞けるかもしれんぞ";"";"000656C0"
"0";"0005C478";"唐突な男性";"";"000656C8"
"0";"0005C490";"ここだけの話、メゾン大海っていうアパート";"";"000656D0"
"0";"0005C4C0";"唐突な男性";"";"000656D8"
"0";"0005C4D0";"あのアパートは、厄介者の巣窟じゃな";"";"000656E0"
"0";"0005C4F8";"デート中の女性";"";"000656E8"
"0";"0005C510";"ねえ　出玉町には大きな中華料理屋さんが
あるんだって";"";"000656F0"
"0";"0005C548";"デート中の女性";"";"000656F8"
"0";"0005C560";"今度、行ってみましょうよ";"";"00065700"
"0";"0005C580";"デート中の男性";"";"00065708"
"0";"0005C590";"おまえさぁ　俺の給料が少ないのを知ってて
そういうこと言うかなあ…";"";"00065710"
"0";"0005C5D8";"トイレがある";"";"00065718"
"0";"0005C5F0";"便器の中に【$ci$e0$cr】玉流し込む";"";"00065720"
"0";"0005C618";"何もしない";"";"00065728"
"0";"0005C628";"反応がない";"";"00065730"
"0";"0005C638";"…";"";"00065738"
"0";"0005C640";"トイレに住む男";"";"00065740"
"0";"0005C650";"…めずらしいな、こんな時間に客とは";"";"00065748"
"0";"0005C678";"トイレに住む男";"";"00065750"
"0";"0005C690";"なんだい　何が欲しいんだ";"";"00065758"
"0";"0005C6B0";"$e4 【$ci$e1$cr】玉";"";"00065760"
"0";"0005C6D0";"$e5 【$ci$e2$cr】玉";"";"00065768"
"0";"0005C6F0";"$e6 【$ci$e3$cr】玉";"";"00065770"
"0";"0005C708";"何もいらない";"";"00065778"
"0";"0005C718";"トイレに住む男";"";"00065780"
"0";"0005C730";"…玉が足りねぇな";"";"00065788"
"0";"0005C748";"トイレに住む男";"";"00065790"
"0";"0005C760";"…例の場所にまだブツが残っているぞ
注文は、それを引き取ってからにしてくれ";"";"00065798"
"0";"0005C7B0";"トイレに住む男";"";"000657A0"
"0";"0005C7C0";"物は例の場所に置いておく";"";"000657A8"
"0";"0005C7E0";"「分かった」と知ったふりをする";"";"000657B0"
"0";"0005C800";"“例の場所”について聞く";"";"000657B8"
"0";"0005C820";"トイレに住む男";"";"000657C0"
"0";"0005C830";"そいつは情報屋にでも聞くんだな";"";"000657C8"
"0";"0005C850";"トイレに住む男";"";"000657D0"
"0";"0005C860";"欲しいものがあったら、いつでも来な";"";"000657D8"
"0";"0005C888";"トイレに住む男";"";"000657E0"
"0";"0005C8A0";"もう、あんたに売るもんは何もねえ";"";"000657E8"
"0";"0005C8C8";"トイレに住む男";"";"000657F0"
"0";"0005C8E0";"玉は返しておくぜ";"";"000657F8"
"0";"0005C8F8";"トイレに住む男";"";"00065800"
"0";"0005C908";"じゃあな";"";"00065808"
"0";"0005C918";"トイレに住む男";"";"00065810"
"0";"0005C930";"例の場所のブツを引き取ってから出直してきな";"";"00065818"
"0";"0005C960";"“例の場所”について聞く";"";"00065820"
"0";"0005C980";"用はない";"";"00065828"
"0";"0005C990";"カリスマ美容師";"";"00065830"
"0";"0005C9A0";"いらっしゃい";"";"00065838"
"0";"0005C9B0";"カリスマ美容師";"";"00065840"
"0";"0005C9C0";"このハサミで、あなたを変身させてあげるわ";"";"00065848"
"0";"0005C9F0";"カリスマ美容師";"";"00065850"
"0";"0005CA00";"また　いらしてね";"";"00065858"
"0";"0005CA20";"女医　加納 早苗";"";"00065860"
"0";"0005CA30";"病院は、病を患った人が来るところよ";"";"00065868"
"0";"0005CA60";"女医　加納 早苗";"";"00065870"
"0";"0005CA70";"あなたはどこも悪くなさそうだけど";"";"00065878"
"0";"0005CAA0";"女医　加納 早苗";"";"00065880"
"0";"0005CAB0";"あら　おなかを下してしまったのね";"";"00065888"
"0";"0005CAE0";"女医　加納 早苗";"";"00065890"
"0";"0005CAF0";"薬を出しておくわ
受け付けでもらってくださるかしら";"";"00065898"
"0";"0005CB30";"女医　加納 早苗";"";"000658A0"
"0";"0005CB40";"さっきの若いお兄さん
顔色が悪かったけど、大丈夫かしら？";"";"000658A8"
"0";"0005CB80";"「誰のことですか？」と聞いてみる";"";"000658B0"
"0";"0005CBB0";"「大丈夫ですよ」と適当に相づちを打つ";"";"000658B8"
"0";"0005CBD8";"$p";"";"000658C0"
"0";"0005CBE0";"誰のことですか？";"";"000658C8"
"0";"0005CBF8";"$p";"";"000658D0"
"0";"0005CC00";"大丈夫ですよ";"";"000658D8"
"0";"0005CC10";"女医　加納 早苗";"";"000658E0"
"0";"0005CC20";"さっきまでいた、患者さんよ
ラジオ体操の指導員をしている$ci柳田$crさん";"";"000658E8"
"0";"0005CC70";"女医　加納 早苗";"";"000658F0"
"0";"0005CC80";"体はどこも悪くなかったんだけど、
顔色はよくなかったわね…";"";"000658F8"
"0";"0005CCC0";"女医　加納 早苗";"";"00065900"
"0";"0005CCD0";"…そうね　大丈夫よね";"";"00065908"
"0";"0005CCF0";"女医　加納 早苗";"";"00065910"
"0";"0005CD00";"ラジオ体操の指導員をしていた柳田さん
自殺したそうじゃない";"";"00065918"
"0";"0005CD40";"女医　加納 早苗";"";"00065920"
"0";"0005CD50";"だからあの時、顔色が悪かったのかしら…";"";"00065928"
"0";"0005CD80";"「あの時って、いつですか？」と聞いてみる";"";"00065930"
"0";"0005CDB0";"「死体を解剖したのですか？」と聞いてみる";"";"00065938"
"0";"0005CDE0";"特に用はない";"";"00065940"
"0";"0005CDF0";"$p";"";"00065948"
"0";"0005CE00";"あの時、っていつですか？";"";"00065950"
"0";"0005CE20";"女医　加納 早苗";"";"00065958"
"0";"0005CE30";"あの日よ…";"";"00065960"
"0";"0005CE40";"女医　加納 早苗";"";"00065968"
"0";"0005CE50";"そう、あなたが白石紀子さんを
ここに連れてきた日";"";"00065970"
"0";"0005CE80";"女医　加納 早苗";"";"00065978"
"0";"0005CE90";"あの時の彼の青い顔、未だに覚えているわ…";"";"00065980"
"0";"0005CEC0";"$p";"";"00065988"
"0";"0005CED0";"先生が、柳田さんの死体を解剖したのですか？";"";"00065990"
"0";"0005CF00";"女医　加納 早苗";"";"00065998"
"0";"0005CF10";"死体解剖するのは、監察医のお仕事なの";"";"000659A0"
"0";"0005CF40";"女医　加納 早苗";"";"000659A8"
"0";"0005CF50";"私みたいな、町のお医者さんが関われる
ことじゃないわ";"";"000659B0"
"0";"0005CF90";"女医　加納 早苗";"";"000659B8"
"0";"0005CFA0";"あなた、柳田さんが死んだことについて
何か調べているみたいだけど…";"";"000659C0"
"0";"0005CFF0";"女医　加納 早苗";"";"000659C8"
"0";"0005D000";"私に聞いても無駄よ　何も知らないもの";"";"000659D0"
"0";"0005D030";"女医　加納 早苗";"";"000659D8"
"0";"0005D040";"柳田さんがよくパチンコ店に通っていらした
話を、患者さんから聞いたことがあるわ";"";"000659E0"
"0";"0005D090";"女医　加納 早苗";"";"000659E8"
"0";"0005D0A0";"向かいのパチンコ店で、いろいろと
お話を聞いてみたらいかがかしら";"";"000659F0"
"0";"0005D0E0";"受付";"";"000659F8"
"0";"0005D0F0";"今日はどうされました？";"";"00065A00"
"0";"0005D110";"腹下しの薬が欲しい 【$ci$e1$cr】玉";"";"00065A08"
"0";"0005D140";"外が暑いので涼みに来ました";"";"00065A10"
"0";"0005D160";"ただ何となく来てしまいました";"";"00065A18"
"0";"0005D180";"受付";"";"00065A20"
"0";"0005D190";"お薬はこちらになります
【$ci$e1$cr】玉いただきますね";"";"00065A28"
"0";"0005D1C8";"受付";"";"00065A30"
"0";"0005D1D0";"あら　玉が足りないようですね";"";"00065A38"
"0";"0005D1F0";"受付";"";"00065A40"
"0";"0005D200";"玉を持って、またお越しください";"";"00065A48"
"0";"0005D220";"受付";"";"00065A50"
"0";"0005D228";"おだいじに";"";"00065A58"
"0";"0005D238";"受付";"";"00065A60"
"0";"0005D240";"ここには入られては困ります
お戻りください";"";"00065A68"
"0";"0005D270";"受付";"";"00065A70"
"0";"0005D280";"おや？　もうお持ちではありませんか？";"";"00065A78"
"0";"0005D2A8";"受付";"";"00065A80"
"0";"0005D2B0";"お薬は、お一人様ひとつまでとなっております";"";"00065A88"
"0";"0005D2E0";"薬剤師";"";"00065A90"
"0";"0005D2F0";"お薬は受け付けでもらってくださいね";"";"00065A98"
"0";"0005D318";"看護婦長";"";"00065AA0"
"0";"0005D330";"腹下しにはお気をつけください";"";"00065AA8"
"0";"0005D350";"看護婦";"";"00065AB0"
"0";"0005D360";"大海病院の院長先生が入院しているのよ";"";"00065AB8"
"0";"0005D388";"外国人院長";"";"00065AC0"
"0";"0005D3A0";"オヤ　見カケナイ患者サンデスネ…";"";"00065AC8"
"0";"0005D3C8";"外国人院長";"";"00065AD0"
"0";"0005D3E0";"コンニチワ
私ハ院長ノ　サイモンデース";"";"00065AD8"
"0";"0005D408";"サイモン院長";"";"00065AE0"
"0";"0005D420";"ココノナースハ、美人ゾロイデース
私ノ好ミデ選ンデマース";"";"00065AE8"
"0";"0005D458";"サイモン院長";"";"00065AF0"
"0";"0005D470";"ハイ？　“例ノ場所”ナンテ知リマセーン";"";"00065AF8"
"0";"0005D498";"サイモン院長";"";"00065B00"
"0";"0005D4B0";"私ハ『番台のおばちゃん』ニ会イナサイトイウ
伝言ヲ、受ケタダケデース";"";"00065B08"
"0";"0005D4F8";"必死な患者";"";"00065B10"
"0";"0005D510";"先生！　あっしは助かるんですね！";"";"00065B18"
"0";"0005D540";"順番待ちをする女性";"";"00065B20"
"0";"0005D560";"いつになったら私の順番がくるのかしら…";"";"00065B28"
"0";"0005D590";"口の悪いおばあさん";"";"00065B30"
"0";"0005D5B0";"家に一人でいても、誰も助けてくれんからのぅ";"";"00065B38"
"0";"0005D5E0";"口の悪いおばあさん";"";"00065B40"
"0";"0005D600";"ここで、テレビを見て過ごすのが一番じゃわい";"";"00065B48"
"0";"0005D630";"口の悪いおばあさん";"";"00065B50"
"0";"0005D650";"こんなところにいないで、ラジオ体操にでも
行ってきたらどうなんだい";"";"00065B58"
"0";"0005D6A0";"口の悪いおばあさん";"";"00065B60"
"0";"0005D6C0";"あんた、若いんだからさ";"";"00065B68"
"0";"0005D6D8";"気楽な入院患者";"";"00065B70"
"0";"0005D6F0";"新しく入院してきた女の子、
えらいベッピンさんらしいじゃねえか";"";"00065B78"
"0";"0005D730";"気楽な入院患者";"";"00065B80"
"0";"0005D740";"入院中に仲良くなりてえなあ…";"";"00065B88"
"0";"0005D760";"気楽な入院患者";"";"00065B90"
"0";"0005D770";"彼女、退院しちゃったなあ…
仲良くなれずじまいだったなあ…";"";"00065B98"
"0";"0005D7B0";"きれいな手をした老婆";"";"00065BA0"
"0";"0005D7D0";"彼女、記憶を失くしているらしいじゃない
初めてよ　記憶喪失の人としゃべるなんて";"";"00065BA8"
"0";"0005D820";"きれいな手をした老婆";"";"00065BB0"
"0";"0005D840";"この年で、初めて体験することがあるなんて
夢にも思わなかったよ";"";"00065BB8"
"0";"0005D880";"きれいな手をした老婆";"";"00065BC0"
"0";"0005D8A0";"人が減るのは寂しいわね
";"";"00065BC8"
"0";"0005D8C0";"きれいな手をした老婆";"";"00065BD0"
"0";"0005D8E0";"彼女、いいお嬢さんね
大切になさいよ";"";"00065BD8"
"0";"0005D908";"あやしい男";"";"00065BE0"
"0";"0005D920";"フッ…　俺と話したいのなら、最低でも
あと【$ci$e0$cr】玉貯めてからやってきな";"";"00065BE8"
"0";"0005D970";"あやしい男";"";"00065BF0"
"0";"0005D980";"おっ　あんた
結構な貯玉をもってるじゃねぇか";"";"00065BF8"
"0";"0005D9B0";"あやしい男";"";"00065C00"
"0";"0005D9C0";"どうだい、あんた
有り余る貯玉の使い道に困ってないかい？";"";"00065C08"
"0";"0005DA00";"「そんなに持ってないよ」　　　と謙遜する";"";"00065C10"
"0";"0005DA30";"「確かに使い道に困る」　　　　と同意する";"";"00065C18"
"0";"0005DA60";"「人の財布を除くなんて失礼だ」と怒る";"";"00065C20"
"0";"0005DA90";"「そんなに持ってないわよ」　　と謙遜する";"";"00065C28"
"0";"0005DAC0";"「確かに使い道に困ってるわ」　と同意する";"";"00065C30"
"0";"0005DAF0";"「人の財布を除くなんて失礼ね」と怒る";"";"00065C38"
"0";"0005DB18";"あやしい男";"";"00065C40"
"0";"0005DB30";"そんな謙遜しなくていいよ";"";"00065C48"
"0";"0005DB50";"あやしい男";"";"00065C50"
"0";"0005DB60";"そうだろ　そうだろ";"";"00065C58"
"0";"0005DB78";"あやしい男";"";"00065C60"
"0";"0005DB90";"それは悪かった　謝るよ
まあそれはそれと…";"";"00065C68"
"0";"0005DBC0";"あやしい男";"";"00065C70"
"0";"0005DBD0";"俺は、情報屋の箱崎っていう者だ";"";"00065C78"
"0";"0005DBF0";"情報屋の箱崎";"";"00065C80"
"0";"0005DC00";"あんたに、とっておきの情報がある";"";"00065C88"
"0";"0005DC28";"情報屋の箱崎";"";"00065C90"
"0";"0005DC40";"どうだい　【$ci$e5$cr】玉だけど買わないか？";"";"00065C98"
"0";"0005DC70";"買う";"";"00065CA0"
"0";"0005DC78";"買わない";"";"00065CA8"
"0";"0005DC88";"情報屋の箱崎";"";"00065CB0"
"0";"0005DCA0";"そうだろ　そうこなくっちゃな";"";"00065CB8"
"0";"0005DCC0";"情報屋の箱崎";"";"00065CC0"
"0";"0005DCD0";"じゃあ情報だ
耳の穴かっぽじって、よく聞いてなよ";"";"00065CC8"
"0";"0005DD00";"情報屋の箱崎";"";"00065CD0"
"0";"0005DD10";"この大海町にはいくつかトイレがある
そのトイレの中に【$ci$e5$cr】玉流すんだ";"";"00065CD8"
"0";"0005DD60";"情報屋の箱崎";"";"00065CE0"
"0";"0005DD70";"面白いことが起こるからよ";"";"00065CE8"
"0";"0005DD90";"情報屋の箱崎";"";"00065CF0"
"0";"0005DDA0";"ただし、どのトイレでも起こるわけじゃねぇぞ";"";"00065CF8"
"0";"0005DDD0";"情報屋の箱崎";"";"00065D00"
"0";"0005DDE0";"人生なんて、ギャンブルの連続だ
思い切って生きないとつまんねぇぞ";"";"00065D08"
"0";"0005DE20";"情報屋の箱崎";"";"00065D10"
"0";"0005DE30";"そろそろ来る頃だと思ったよ
“例の場所”について聞きたいんだろ？";"";"00065D18"
"0";"0005DE70";"「そうです　教えてください」とお願いする";"";"00065D20"
"0";"0005DEA0";"「ふざけないで、早く教えな」と脅す";"";"00065D28"
"0";"0005DED0";"「いくら払えばいいんですか」と金を差し出す";"";"00065D30"
"0";"0005DF00";"情報屋の箱崎";"";"00065D38"
"0";"0005DF10";"残念ながら、教えてくださいと言われて
簡単に教えるわけにはいかねぇんだ";"";"00065D40"
"0";"0005DF58";"情報屋の箱崎";"";"00065D48"
"0";"0005DF70";"残念ながら、そんな怖い目で睨まれても
簡単に教えるわけにはいかねぇんだ";"";"00065D50"
"0";"0005DFB8";"情報屋の箱崎";"";"00065D58"
"0";"0005DFD0";"残念ながら、金を積まれても
簡単に教えるわけにはいかねぇんだ";"";"00065D60"
"0";"0005E010";"情報屋の箱崎";"";"00065D68"
"0";"0005E020";"これは決まりごととして、
場所も自分で探すことになっているのさ";"";"00065D70"
"0";"0005E060";"情報屋の箱崎";"";"00065D78"
"0";"0005E070";"とは言っても、とっかかりが無くちゃ
話しにならないから、手がかりだけは教えるよ";"";"00065D80"
"0";"0005E0C0";"情報屋の箱崎";"";"00065D88"
"0";"0005E0D0";"まずは『大海病院の院長』に会うことだな";"";"00065D90"
"0";"0005E0F8";"情報屋の箱崎";"";"00065D98"
"0";"0005E110";"あそこで買い物するヤツは、みんなやってる
おまえもがんばりな";"";"00065DA0"
"0";"0005E150";"情報屋の箱崎";"";"00065DA8"
"0";"0005E160";"また、戻って来る頃だと思ったよ";"";"00065DB0"
"0";"0005E180";"情報屋の箱崎";"";"00065DB8"
"0";"0005E190";"そう　最後は俺なんだな";"";"00065DC0"
"0";"0005E1A8";"情報屋の箱崎";"";"00065DC8"
"0";"0005E1C0";"これで、推理する手がかりは
全て見つけているはずだ";"";"00065DD0"
"0";"0005E1F8";"情報屋の箱崎";"";"00065DD8"
"0";"0005E210";"あとは、その手がかりを元にして、
場所を探し出すことだな";"";"00065DE0"
"0";"0005E248";"情報屋の箱崎";"";"00065DE8"
"0";"0005E260";"とうとう、分かったようだな
がんばったな";"";"00065DF0"
"0";"0005E288";"情報屋の箱崎";"";"00065DF8"
"0";"0005E2A0";"おまえは、この町で俺の次に頭の良い奴だよ
これからも仲良くしようぜ";"";"00065E00"
"0";"0005E2F0";"交番までご同行願いますかな
$puさん";"";"00065E08"
"0";"0005E318";"さて…　$pさん";"";"00065E10"
"0";"0005E330";"我々は、あなたを容疑者として
見ないわけには行きません";"";"00065E18"
"0";"0005E370";"あなたのアリバイを証明できるものは
ありませんか？";"";"00065E20"
"0";"0005E3B0";"謎の女と電話していた";"";"00065E28"
"0";"0005E3D0";"自分の部屋で大きな物音を聞いた";"";"00065E30"
"0";"0005E3F0";"眠たかったから何も覚えていない";"";"00065E38"
"0";"0005E410";"自分の部屋で、謎の女と電話していたよ";"";"00065E40"
"0";"0005E440";"謎の女…？
誰だか分からないんですか？";"";"00065E48"
"0";"0005E468";"心当たりはある";"";"00065E50"
"0";"0005E480";"まったく見当もつかない";"";"00065E58"
"0";"0005E4A0";"心当たりはあるよ";"";"00065E60"
"0";"0005E4C0";"まったく見当もつかない";"";"00065E68"
"0";"0005E4E0";"その人の証言があれば
あなたのアリバイが証明されるでしょう";"";"00065E70"
"0";"0005E520";"その人を捜し出して、連れてきてください";"";"00065E78"
"0";"0005E550";"あの時は自分の部屋にいて、隣の部屋から
大きな物音がするのを聞いたんだ";"";"00065E80"
"0";"0005E5A0";"残念ですが、あなた自身がそう言っている
だけではアリバイの証明にはなりません";"";"00065E88"
"0";"0005E5F0";"誰か、あなたのその時の行動を
知っている人はいませんか？";"";"00065E90"
"0";"0005E630";"あの時は眠たかったから
何も覚えていないんだ";"";"00065E98"
"0";"0005E660";"ふむ…　誰かいないんですか？
あなたの行動を知っている人が…";"";"00065EA0"
"0";"0005E6A0";"あの時俺は…";"";"00065EA8"
"0";"0005E6B0";"あの時私は…";"";"00065EB0"
"0";"0005E6C0";"自分の部屋で、謎の女と電話していたわ";"";"00065EB8"
"0";"0005E6F0";"心当たりは…　あるわ";"";"00065EC0"
"0";"0005E710";"まったく　見当もつかない";"";"00065EC8"
"0";"0005E730";"あの時は自分の部屋にいて、隣の部屋から
大きな物音がするのを聞いたの";"";"00065ED0"
"0";"0005E780";"あの時は眠たかったから…
何も覚えていないわ";"";"00065ED8"
"0";"0005E7B0";"野次馬の男性";"";"00065EE0"
"0";"0005E7C0";"こんな場所で首をつるなんて…
とても普通の神経じゃ考えられないな";"";"00065EE8"
"0";"0005E800";"野次馬の子供";"";"00065EF0"
"0";"0005E810";"し、死んでるー";"";"00065EF8"
"0";"0005E820";"おびえる男";"";"00065F00"
"0";"0005E830";"おぉ　恐い、恐い";"";"00065F08"
"0";"0005E848";"野次馬の女の子";"";"00065F10"
"0";"0005E858";"恐いよ…";"";"00065F18"
"0";"0005E868";"野次馬の女性";"";"00065F20"
"0";"0005E878";"まだ若いのに…";"";"00065F28"
"0";"0005E888";"おののくオヤジ";"";"00065F30"
"0";"0005E898";"なんてことを…";"";"00065F38"
"0";"0005E8B0";"心やさしいおじいさん";"";"00065F40"
"0";"0005E8C8";"早まりおって…";"";"00065F48"
"0";"0005E8D8";"気をもむ女性";"";"00065F50"
"0";"0005E8F0";"近頃、物騒過ぎるわねえ";"";"00065F58"
"0";"0005E910";"好奇心の強いじいさん";"";"00065F60"
"0";"0005E930";"近くに行ってみようかの";"";"00065F68"
"0";"0005E950";"目をそらす女の子";"";"00065F70"
"0";"0005E968";"帰ろうよ〜";"";"00065F78"
"0";"0005E978";"落ち着いた女性";"";"00065F80"
"0";"0005E988";"自殺ね…";"";"00065F88"
"0";"0005E9A0";"親近感を持っている青年";"";"00065F90"
"0";"0005E9C0";"俺と同い年くらいだな…";"";"00065F98"
"0";"0005E9D8";"黒崎 竜介";"";"00065FA0"
"0";"0005E9E8";"いらっしゃい";"";"00065FA8"
"0";"0005E9F8";"黒崎 竜介";"";"00065FB0"
"0";"0005EA10";"悪い　今は練習中なんだ";"";"00065FB8"
"0";"0005EA28";"黒崎 竜介";"";"00065FC0"
"0";"0005EA40";"あんたもケガしたくねぇだろ
俺に近づかない方がいいぜ";"";"00065FC8"
"0";"0005EA78";"黒崎 竜介";"";"00065FD0"
"0";"0005EA88";"やあ　あんたか";"";"00065FD8"
"0";"0005EAA0";"柳田について聞く";"";"00065FE0"
"0";"0005EAC0";"黒崎について聞く";"";"00065FE8"
"0";"0005EAE0";"この店について聞く";"";"00065FF0"
"0";"0005EAF8";"何も聞かない";"";"00065FF8"
"0";"0005EB10";"柳田の人柄について聞く";"";"00066000"
"0";"0005EB30";"柳田の生活について聞く";"";"00066008"
"0";"0005EB50";"柳田の家族について聞く";"";"00066010"
"0";"0005EB70";"柳田の交友関係について聞く";"";"00066018"
"0";"0005EB90";"柳田の仕事について聞く";"";"00066020"
"0";"0005EBA8";"何も聞かない";"";"00066028"
"0";"0005EBB8";"$p";"";"00066030"
"0";"0005EBC0";"柳田というのはどんな人だった？";"";"00066038"
"0";"0005EBE0";"$p";"";"00066040"
"0";"0005EBF0";"柳田さんて、どんな人だったの？";"";"00066048"
"0";"0005EC10";"黒崎 竜介";"";"00066050"
"0";"0005EC20";"いいヤツだったよ
まじめで…　優しくてな";"";"00066058"
"0";"0005EC48";"黒崎 竜介";"";"00066060"
"0";"0005EC60";"まあ、お人好しといえばそうかな
よく人のもめ事に巻き込まれてたよ";"";"00066068"
"0";"0005ECA0";"$p";"";"00066070"
"0";"0005ECB0";"柳田の普段の生活はどんなふうだった？";"";"00066078"
"0";"0005ECD8";"$p";"";"00066080"
"0";"0005ECE0";"柳田さんの普段の生活はどんなふうだったの？";"";"00066088"
"0";"0005ED10";"黒崎 竜介";"";"00066090"
"0";"0005ED20";"朝はラジオ体操の指導員
昼はスポーツジムのトレーナーだ";"";"00066098"
"0";"0005ED58";"黒崎 竜介";"";"000660A0"
"0";"0005ED70";"昔から身体を鍛えるのが好きなヤツでな
ラジオ体操の前にもジョギングしていたよ";"";"000660A8"
"0";"0005EDC0";"$p";"";"000660B0"
"0";"0005EDC8";"柳田の家族は？";"";"000660B8"
"0";"0005EDD8";"$p";"";"000660C0"
"0";"0005EDE0";"柳田さんに家族はいたの？";"";"000660C8"
"0";"0005EE00";"黒崎 竜介";"";"000660D0"
"0";"0005EE10";"いないよ
あいつも俺も施設で育ったんだ";"";"000660D8"
"0";"0005EE38";"黒崎 竜介";"";"000660E0"
"0";"0005EE50";"あいつとはよくケンカもしたが…
なんだかんだでいつも一緒だったな…";"";"000660E8"
"0";"0005EE98";"$p";"";"000660F0"
"0";"0005EEA0";"柳田と親しい人は？";"";"000660F8"
"0";"0005EEB8";"$p";"";"00066100"
"0";"0005EEC0";"柳田さんと親しかった人は？";"";"00066108"
"0";"0005EEE0";"黒崎 竜介";"";"00066110"
"0";"0005EEF0";"そうだな…
あまり詳しいことは聞いたことないが…";"";"00066118"
"0";"0005EF20";"黒崎 竜介";"";"00066120"
"0";"0005EF30";"ウチによく来る$ciハデな格好のお客$crとは
よく話してたぜ";"";"00066128"
"0";"0005EF68";"黒崎 竜介";"";"00066130"
"0";"0005EF80";"それに、ここの店員の「$ci沙織$cr」って
女の子と話してるのを時々見かけたな";"";"00066138"
"0";"0005EFD0";"$p";"";"00066140"
"0";"0005EFE0";"あんたの事を教えてくれないか？";"";"00066148"
"0";"0005F000";"$p";"";"00066150"
"0";"0005F010";"あなたの事を教えて欲しいんだけど？";"";"00066158"
"0";"0005F038";"黒崎 竜介";"";"00066160"
"0";"0005F050";"俺は…　黒崎竜介
本業はボクサーだ";"";"00066168"
"0";"0005F078";"黒崎 竜介";"";"00066170"
"0";"0005F090";"昼はここでバイトしている
ボクシングだけじゃ食えないからな";"";"00066178"
"0";"0005F0D0";"$p";"";"00066180"
"0";"0005F0E0";"この店について教えてくれないか？";"";"00066188"
"0";"0005F108";"$p";"";"00066190"
"0";"0005F110";"この店について教えて欲しいんだけど？";"";"00066198"
"0";"0005F138";"黒崎 竜介";"";"000661A0"
"0";"0005F150";"この店は…　この辺じゃあ
一番大きなパチンコ屋だろうな";"";"000661A8"
"0";"0005F188";"黒崎 竜介";"";"000661B0"
"0";"0005F1A0";"でも悪いな
俺はあまりパチンコに詳しくないんだよ";"";"000661B8"
"0";"0005F1D0";"黒崎 竜介";"";"000661C0"
"0";"0005F1E0";"パチンコのことなら他の店員に聞いてくれ";"";"000661C8"
"0";"0005F208";"$p";"";"000661D0"
"0";"0005F210";"柳田の仕事振りは？";"";"000661D8"
"0";"0005F228";"$p";"";"000661E0"
"0";"0005F230";"柳田さんの仕事振りは？";"";"000661E8"
"0";"0005F248";"黒崎 竜介";"";"000661F0"
"0";"0005F260";"まじめにやってたし…　仕事そのものに
かなりやりがいを感じていたよ　ただ…";"";"000661F8"
"0";"0005F2B0";"黒崎 竜介";"";"00066200"
"0";"0005F2C0";"ただ…　先月給料を前借りしていたな…
理由は教えてくれなかったが…";"";"00066208"
"0";"0005F308";"黒崎 竜介";"";"00066210"
"0";"0005F318";"あいつ…";"";"00066218"
"0";"0005F328";"黒崎 竜介";"";"00066220"
"0";"0005F340";"柳田は自殺じゃないことが分かったんだってな";"";"00066228"
"0";"0005F370";"黒崎 竜介";"";"00066230"
"0";"0005F380";"あんたのおかげだ
死んだあいつに代わって礼を言うよ";"";"00066238"
"0";"0005F3B8";"黒崎 竜介";"";"00066240"
"0";"0005F3C8";"ありがとな";"";"00066248"
"0";"0005F3E0";"何を聞きますか？ ";"";"00066250"
"0";"0005F400";"悪い　今は練習中なんだ";"";"00066258"
"0";"0005F420";"俺に話があるなら、昼にパチンコ屋
ベリーラッキーへ来てくれ";"";"00066260"
"0";"0005F460";"いらっしゃいませ";"";"00066268"
"0";"0005F480";"…ああ、あんた　公園で会った人か
朝は悪かったな　練習に集中したかったんでね";"";"00066270"
"0";"0005F4D0";"もしかして、サインが欲しかったのか？
それだったら今、ここで書くぞ";"";"00066278"
"0";"0005F520";"何をしているのかなと思って話しかけたのよ";"";"00066280"
"0";"0005F550";"そう　あなたのサインが欲しかったのよ";"";"00066288"
"0";"0005F580";"公園にいた人みんなに話しかけていただけよ";"";"00066290"
"0";"0005F5B0";"何をしているのかな、と思って話しかけたのよ";"";"00066298"
"0";"0005F5E0";"はは　そうだったのか
そんなことなら、答えてあげればよかったな";"";"000662A0"
"0";"0005F620";"あれはシャドーボクシングと言って、
仮想の相手と打ち合う練習をしてたんだ";"";"000662A8"
"0";"0005F670";"そうよ　あなたのサインが欲しくて
話しかけたのよ";"";"000662B0"
"0";"0005F6A0";"本当か？　ちょっと待ってな
今、書くものを持ってくるからよ";"";"000662B8"
"0";"0005F6E0";"あんた、俺に目をつけるとは見る目あるぜ！";"";"000662C0"
"0";"0005F710";"ただ、公園にいた人みんなに話しかけて
いただけよ　勘違いしないで";"";"000662C8"
"0";"0005F750";"おいおい　なんだよ
そのつれねぇ言い草は";"";"000662D0"
"0";"0005F780";"俺は$ci黒崎$cr　$ci黒崎 竜介$cr
去年プロボクサーとして、デビューしたんだ";"";"000662D8"
"0";"0005F7D0";"あんた、名前は何ていうんだい？";"";"000662E0"
"0";"0005F7F0";"$pよ";"";"000662E8"
"0";"0005F800";"$plさんか　いい名前だな";"";"000662F0"
"0";"0005F820";"あんた、俺のことを
よく覚えておいてくれよ！";"";"000662F8"
"0";"0005F850";"俺は、１年後に、日本…　
いや世界チャンピオンになる男だからな";"";"00066300"
"0";"0005F890";"黒崎 竜介";"";"00066308"
"0";"0005F8A0";"あんた
俺のことをよく覚えておいてくれよ！";"";"00066310"
"0";"0005F8D0";"黒崎 竜介";"";"00066318"
"0";"0005F8E0";"俺は、１年後に、日本…　いや世界
チャンピオンになる男だからな";"";"00066320"
"0";"0005F920";"なあ、ちょっと見てみなよ
セミがこんなにとまっているんだ";"";"00066328"
"0";"0005F960";"今年の夏は暑くなりそうだぜ
こんなにセミがいるのは見たことないからな";"";"00066330"
"0";"0005F9B0";"ウワッ　きたねえ
しょんべんかけてきやがった！";"";"00066338"
"0";"0005F9E0";"なにしやがるんでぇ　セミ野郎！";"";"00066340"
"0";"0005FA00";"黒崎はボロボロになったタオルで
顔を拭いている";"";"00066348"
"0";"0005FA30";"（新しいタオルを持ってきてあげたら
喜ぶかな…）";"";"00066350"
"0";"0005FA60";"（$ci新しいタオル$crを持ってきてあげたら
喜ぶかな…）";"";"00066358"
"0";"0005FAA0";"（ボロボロになったタオルで
顔を拭いていたわね）";"";"00066360"
"0";"0005FAD0";"$ci$e0$crをあげますか？";"";"00066368"
"0";"0005FAE8";"渡す";"";"00066370"
"0";"0005FAF0";"渡さない";"";"00066378"
"0";"0005FB00";"この新しいタオルをあなたにあげるわ";"";"00066380"
"0";"0005FB30";"よかったらこれ、
朝のトレーニングの時に使ってね";"";"00066388"
"0";"0005FB60";"俺にくれんのか？　ありがとう
助かったぜ";"";"00066390"
"0";"0005FB90";"俺もちょうど、新しいタオルが欲しいと
思っていたところなんだ";"";"00066398"
"0";"0005FBD0";"練習で使っていたタオルが、ボロボロに
なっちまってな";"";"000663A0"
"0";"0005FC10";"ありがとう　大事に使わせてもらうぜ";"";"000663A8"
"0";"0005FC38";"黒崎 竜介";"";"000663B0"
"0";"0005FC50";"タオル、ありがとな
大事に使わせてもらうぜ";"";"000663B8"
"0";"0005FC80";"黒崎 竜介";"";"000663C0"
"0";"0005FC90";"いらっしゃい";"";"000663C8"
"0";"0005FCA0";"おう、あんたか";"";"000663D0"
"0";"0005FCB0";"聞いてくれよ！　とうとう、
元世界チャンピオンとの試合が決まったんだ";"";"000663D8"
"0";"0005FD00";"相手に不足はねえ";"";"000663E0"
"0";"0005FD20";"だが、勝つのは俺さ
絶対に勝ってみせるぜ";"";"000663E8"
"0";"0005FD50";"そうだ
新しい、必勝ダルマを準備しないとな";"";"000663F0"
"0";"0005FD80";"必勝ダルマを用意した試合には
今まで負けたことがねえからな";"";"000663F8"
"0";"0005FDC0";"ゲンでも何でもかついでやる
何が何でも、勝ちにいってやるぜ";"";"00066400"
"0";"0005FE00";"（必勝ダルマが欲しいのね…）";"";"00066408"
"0";"0005FE20";"黒崎 竜介";"";"00066410"
"0";"0005FE30";"必勝ダルマを用意した試合には
今まで負けたことがねえからな";"";"00066418"
"0";"0005FE70";"黒崎 竜介";"";"00066420"
"0";"0005FE80";"ゲンでも何でもかついでやる
何が何でも、勝ちにいってやるぜ";"";"00066428"
"0";"0005FEC0";"（$ci必勝ダルマ$crが欲しいのね…）";"";"00066430"
"0";"0005FEE8";"黒崎 竜介";"";"00066438"
"0";"0005FF00";"次の試合、何がなんでも勝ちにいくぜ";"";"00066440"
"0";"0005FF30";"$ci$e0$crをあげますか？";"";"00066448"
"0";"0005FF50";"この必勝ダルマをあなたにあげるわ";"";"00066450"
"0";"0005FF80";"お？　これを俺にくれるのか！";"";"00066458"
"0";"0005FFA0";"ありがとう　遠慮なくいただくぜ";"";"00066460"
"0";"0005FFC0";"これがあれば、試合に勝ったも同然だな";"";"00066468"
"0";"0005FFE8";"黒崎 竜介";"";"00066470"
"0";"00060000";"必勝ダルマ　ありがとな";"";"00066478"
"0";"00060018";"黒崎 竜介";"";"00066480"
"0";"00060030";"これがあれば、試合に勝ったも同然だぜ";"";"00066488"
"0";"00060060";"よくここで会うよな";"";"00066490"
"0";"00060080";"最近、あんたの顔を見ないと
１日が始まらないような気分になるよ";"";"00066498"
"0";"000600C0";"「私も同じよ」と同意する";"";"000664A0"
"0";"000600E0";"「冗談はよしてよ」と突き放す";"";"000664A8"
"0";"00060100";"無言で黒崎を見つめる";"";"000664B0"
"0";"00060120";"私も同じよ　あなたと話しをしないと
１日が始まった気がしないのよ";"";"000664B8"
"0";"00060160";"そうか　そいつは嬉しいな";"";"000664C0"
"0";"00060180";"冗談はよしてよ
そんな言葉、あなたのガラじゃないわ";"";"000664C8"
"0";"000601C0";"そうか　そいつは悪かったな";"";"000664D0"
"0";"000601E0";"…";"";"000664D8"
"0";"000601F0";"おいおい
黙るところじゃねぇだろう";"";"000664E0"
"0";"00060220";"さてと　試合も近いし、追い込んでいくかな";"";"000664E8"
"0";"00060250";"黒崎 竜介";"";"000664F0"
"0";"00060260";"いらっしゃい";"";"000664F8"
"0";"00060270";"黒崎 竜介";"";"00066500"
"0";"00060280";"試合も近いし、追い込んでいかないとな";"";"00066508"
"0";"000602B0";"…いよいよ明日、試合なんだ";"";"00066510"
"0";"000602D0";"明日が待ち遠しいぜ";"";"00066518"
"0";"000602F0";"気持ちが高ぶってしょうがねぇ";"";"00066520"
"0";"00060310";"「あなたは必ず勝つわ」と応援する";"";"00066528"
"0";"00060340";"「ケガしないでね」と体を気遣う";"";"00066530"
"0";"00060360";"「せいぜい負けないようにね」と冷たく言う";"";"00066538"
"0";"00060390";"無言で見つめる";"";"00066540"
"0";"000603A0";"あなたが必ず勝つわよ
応援しているわ";"";"00066548"
"0";"000603D0";"おう　まかせときな
余裕で勝って帰ってくるぜ！";"";"00066550"
"0";"00060400";"ケガにだけは気を付けてね　あなたがケガを
してしまうことを考えるだけで、私…";"";"00066558"
"0";"00060450";"大丈夫さ　まかせときな
余裕で勝って帰ってくるぜ！";"";"00066560"
"0";"00060490";"せいぜい負けないように、がんばってらして";"";"00066568"
"0";"000604C0";"ハハ
余裕で勝って帰ってくるぜ！";"";"00066570"
"0";"000604E0";"…";"";"00066578"
"0";"000604F0";"会場は離れた場所にあって、あんたが
来られないのがちょっと寂しいけどな";"";"00066580"
"0";"00060540";"明日の勝利報告を楽しみにしていてくれよ！";"";"00066588"
"0";"00060570";"黒崎 竜介";"";"00066590"
"0";"00060580";"明日の勝利報告を楽しみにしていてくれよ！";"";"00066598"
"0";"000605B0";"あぁ　あんたか…";"";"000665A0"
"0";"000605C8";"…";"";"000665A8"
"0";"000605D0";"すまねえ";"";"000665B0"
"0";"000605E0";"あんたとの約束を守れなかった…";"";"000665B8"
"0";"00060600";"「…残念だったわね」と同情する";"";"000665C0"
"0";"00060620";"「…ケガがなくて安心した」と満足する";"";"000665C8"
"0";"00060650";"「あなたが弱いから負けたのよ」と突き放す";"";"000665D0"
"0";"00060680";"「弱い男は嫌いよ」とこの場を立ち去る";"";"000665D8"
"0";"000606A8";"無言で見つめる";"";"000665E0"
"0";"000606C0";"そっか　残念…だったね";"";"000665E8"
"0";"000606E0";"あんなに練習していたのに、悔しいね ";"";"000665F0"
"0";"00060710";"ケガをしていなくて安心したわ";"";"000665F8"
"0";"00060730";"あなたが無事に帰ってきただけで
私は嬉しいわ";"";"00066600"
"0";"00060760";"あなたが弱いから試合に負けたのよ
ただそれだけのことじゃない";"";"00066608"
"0";"000607A0";"私は弱い男が嫌いなの
試合に負けて帰ってくるなんてどういうこと！";"";"00066610"
"0";"000607E0";"サヨナラ";"";"00066618"
"0";"000607F0";"…";"";"00066620"
"0";"00060800";"…調子は良かったんだ
今までにないくらい、最高にな";"";"00066628"
"0";"00060840";"でも試合中、調子に乗って攻めすぎちまって…";"";"00066630"
"0";"00060870";"…気付いたらロッカールームさ";"";"00066638"
"0";"00060890";"ちきしょう！
何やってんだよ、俺は…";"";"00066640"
"0";"000608C0";"「次、勝てばいいじゃない」と励ます";"";"00066648"
"0";"000608F0";"「らしくないわよ」とはっぱをかける";"";"00066650"
"0";"00060920";"「言い訳をする男は嫌いよ」と立ち去る";"";"00066658"
"0";"00060948";"無言で見つめる";"";"00066660"
"0";"00060960";"次の試合で勝てばいいじゃない
あなたならまた、がんばれるわ";"";"00066668"
"0";"000609A0";"そんな風にくよくよしているなんて
あなたらしくないわよ";"";"00066670"
"0";"000609E0";"言い訳をする男は嫌いよ
あなたのこと、見損なったわ";"";"00066678"
"0";"00060A18";"サヨナラ";"";"00066680"
"0";"00060A28";"…";"";"00066688"
"0";"00060A30";"…";"";"00066690"
"0";"00060A40";"そんな目で俺を見るなよ…";"";"00066698"
"0";"00060A60";"…";"";"000666A0"
"0";"00060A68";"…そう、だよな";"";"000666A8"
"0";"00060A80";"たった一回負けただけ…";"";"000666B0"
"0";"00060AA0";"次の試合で勝てばいいんだよな";"";"000666B8"
"0";"00060AC0";"ありがとな　こんな俺に付き合ってくれて";"";"000666C0"
"0";"00060AF0";"おまえと…、$plと
話して、少し気持ちが落ち着いたよ";"";"000666C8"
"0";"00060B30";"初めて会ったときから、おまえには
世話になりっぱなしだな";"";"000666D0"
"0";"00060B70";"…そうだ！
盆踊りへ一緒に行かないか？";"";"000666D8"
"0";"00060BA0";"今までのお礼もしたいしさ　どうだい？";"";"000666E0"
"0";"00060BD0";"「ええ　一緒に行くわ」と同意する";"";"000666E8"
"0";"00060C00";"「何をお礼してもらえるの？」と質問する";"";"000666F0"
"0";"00060C30";"「ごめんなさい　盆踊りは嫌いなの」と断る";"";"000666F8"
"0";"00060C60";"ええ　一緒に行くわ";"";"00066700"
"0";"00060C80";"よし　じゃあ、明日の夜に、向こうの
ベンチで待ってるぜ";"";"00066708"
"0";"00060CC0";"何をお礼してもらえるのかしら？";"";"00066710"
"0";"00060CE0";"それは、来てのお楽しみってやつさ";"";"00066718"
"0";"00060D10";"ごめんなさい　盆踊りは嫌いなの
だからお祭には一緒に行けないわ";"";"00066720"
"0";"00060D50";"そうか…";"";"00066728"
"0";"00060D60";"まあ、気が変わったらいつでも
声をかけてくれよ";"";"00066730"
"0";"00060D90";"さて、そろそろ帰るかな";"";"00066738"
"0";"00060DB0";"気をつけて帰れよ　じゃあな";"";"00066740"
"0";"00060DD0";"黒崎 竜介";"";"00066748"
"0";"00060DE0";"じゃあ、明日の夜に公園のベンチで待ってるぜ";"";"00066750"
"0";"00060E10";"黒崎 竜介";"";"00066758"
"0";"00060E20";"悪い　明日は盆踊りはやってないよな";"";"00066760"
"0";"00060E48";"黒崎 竜介";"";"00066768"
"0";"00060E60";"金曜の夜に、大海公園のベンチで待ってるぜ";"";"00066770"
"0";"00060E90";"黒崎 竜介";"";"00066778"
"0";"00060EA0";"いらっしゃい";"";"00066780"
"0";"00060EB0";"黒崎 竜介";"";"00066788"
"0";"00060EC0";"今夜、公園のベンチで待ってるぜ";"";"00066790"
"0";"00060EE0";"黒崎 竜介";"";"00066798"
"0";"00060EF0";"…おい
俺と、盆踊りに行く約束忘れていたのか？";"";"000667A0"
"0";"00060F20";"「ごめんなさい　次は必ず行くわ」";"";"000667A8"
"0";"00060F50";"「ごめんなさい　行くつもりはないわ」";"";"000667B0"
"0";"00060F78";"$p";"";"000667B8"
"0";"00060F80";"ごめんなさい　次は必ず行くわ";"";"000667C0"
"0";"00060FA0";"$p";"";"000667C8"
"0";"00060FB0";"ごめんなさい
あなたと一緒に行くつもりはないわ";"";"000667D0"
"0";"00060FE0";"黒崎 竜介";"";"000667D8"
"0";"00060FF0";"今度はちゃんと来てくれよ
今までのお礼もしたいしさ";"";"000667E0"
"0";"00061028";"黒崎 竜介";"";"000667E8"
"0";"00061040";"悪いが今は都合が悪いんだ";"";"000667F0"
"0";"00061060";"黒崎 竜介";"";"000667F8"
"0";"00061070";"また、そのうち俺のところに来てくれよ";"";"00066800"
"0";"00061098";"黒崎 竜介";"";"00066808"
"0";"000610B0";"どうだい　今までのお礼もしたいし、
一緒に盆踊りに行かねぇか？";"";"00066810"
"0";"000610F0";"「ええ　一緒に行くわ」と同意する";"";"00066818"
"0";"00061120";"「どうしても盆踊りは嫌いなの」と断る";"";"00066820"
"0";"00061148";"$p";"";"00066828"
"0";"00061150";"ええ、いいわよ";"";"00066830"
"0";"00061160";"黒崎 竜介";"";"00066838"
"0";"00061170";"そうか！　
じゃあ、明日の夜、いつもの公園で待ってるぜ";"";"00066840"
"0";"000611A8";"黒崎 竜介";"";"00066848"
"0";"000611C0";"そうか！　
じゃあ、金曜の夜、いつもの公園で待ってるぜ";"";"00066850"
"0";"000611F8";"$p";"";"00066858"
"0";"00061200";"どうしても盆踊りは嫌いなの";"";"00066860"
"0";"00061220";"黒崎 竜介";"";"00066868"
"0";"00061230";"そうか…　わかったよ";"";"00066870"
"0";"00061248";"黒崎 竜介";"";"00066878"
"0";"00061260";"そうか！　
じゃあ、明日の夜、公園で待ってるぜ";"";"00066880"
"0";"00061290";"黒崎 竜介";"";"00066888"
"0";"000612A0";"そうか！　
じゃあ、金曜の夜、公園で待ってるぜ";"";"00066890"
"0";"000612D0";"黒崎 竜介";"";"00066898"
"0";"000612E0";"そのうち一緒に盆踊りに行こうぜ
ちょっと考えといてくれよな";"";"000668A0"
"0";"00061320";"黒崎 竜介";"";"000668A8"
"0";"00061330";"今は誰とも話したくないんだ";"";"000668B0"
"0";"00061350";"黒崎 竜介";"";"000668B8"
"0";"00061360";"放っておいてくれないか…";"";"000668C0"
"0";"00061380";"お、おう";"";"000668C8"
"0";"00061390";"ごめん　待った？";"";"000668D0"
"0";"000613B0";"私、遅刻したかな？";"";"000668D8"
"0";"000613D0";"来るの早すぎない？";"";"000668E0"
"0";"000613F0";"ごめん　待った？";"";"000668E8"
"0";"00061410";"私、遅刻したかな？";"";"000668F0"
"0";"00061430";"来るの早すぎない？";"";"000668F8"
"0";"00061450";"いや　俺も今、来たところさ";"";"00066900"
"0";"00061470";"いいぜ　その浴衣　
すごく似会ってる";"";"00066908"
"0";"000614A0";"ちょっと期待してたのにな
あんたが浴衣を着てくる姿を";"";"00066910"
"0";"000614E0";"おいおい、水着かよ　大胆だなあ
ちょっと場違いじゃねぇのか？";"";"00066918"
"0";"00061520";"俺から誘っておいて、言うのも何だけど…";"";"00066920"
"0";"00061550";"…ちょっと恥ずかしいな　こういう場は";"";"00066928"
"0";"00061580";"あー　腹減ったな
なあ　なんか食おうぜ";"";"00066930"
"0";"000615A8";"おっ";"";"00066938"
"0";"000615B0";"あそこでリンゴ飴を売ってるじゃねぇか";"";"00066940"
"0";"000615D8";"よし　行こうぜ";"";"00066948"
"0";"000615F0";"いやぁ　祭なんて、ガキのとき以来だぜ
久しぶりに来ると、いいもんだな";"";"00066950"
"0";"00061640";"食べてばかりで、つまんなかったか？";"";"00066958"
"0";"00061670";"「そんなことないよ」と否定する";"";"00066960"
"0";"00061690";"「つまらなかったわ」と正直に答える";"";"00066968"
"0";"000616B8";"無言で見つめる";"";"00066970"
"0";"000616D0";"そんなことないよ　楽しかったわ";"";"00066978"
"0";"000616F0";"試合の後は、減量を考えなくていいからさ
つい食べ物ばかりに目がいっちまうんだ";"";"00066980"
"0";"00061740";"俺も楽しかったぜ　
来てくれてありがとな";"";"00066988"
"0";"00061770";"食べてばかりで、正直つまらなかったわ";"";"00066990"
"0";"00061798";"悪かったな";"";"00066998"
"0";"000617A8";"…";"";"000669A0"
"0";"000617B0";"試合の後は、減量を考えなくていいからさ
つい食べ物ばかりに目がいっちまうんだ";"";"000669A8"
"0";"00061800";"俺は楽しかったぜ　
来てくれてありがとな";"";"000669B0"
"0";"00061828";"今日はな…";"";"000669B8"
"0";"00061840";"ずっと、言わなくちゃいけねぇと
思っていたことがあるんだ";"";"000669C0"
"0";"00061880";"おまえとは、この公園で初めて出会ったよな";"";"000669C8"
"0";"000618B0";"俺が練習していたときも、バイト先にいた
ときも、試合で負けて腐っていたときも…";"";"000669D0"
"0";"00061900";"いつもおまえは、俺を励ましてくれたよな";"";"000669D8"
"0";"00061930";"俺は昔から、俺一人の力だけで、
世界の頂点を目指すんだって、やってきた";"";"000669E0"
"0";"00061978";"けどな…";"";"000669E8"
"0";"00061990";"気付けば、隣にはいつもおまえがいたんだ";"";"000669F0"
"0";"000619C0";"俺には、おまえが必要なんだ";"";"000669F8"
"0";"000619E0";"一緒に暮らしてくれないか？";"";"00066A00"
"0";"00061A00";"「嬉しい」と告白に驚き喜び、同意する";"";"00066A08"
"0";"00061A30";"「まあいいかな」と思って同意する";"";"00066A10"
"0";"00061A60";"「ちょっと考えさせて」と躊躇する";"";"00066A18"
"0";"00061A90";"「あなたと一緒に暮らすなんて嫌よ」と断る";"";"00066A20"
"0";"00061AC0";"無言で見つめる";"";"00066A28"
"0";"00061AD0";"嬉しい　あなたからそんなことを言われる
なんて思っていなかったから…";"";"00066A30"
"0";"00061B18";"ええ　いいわよ";"";"00066A38"
"0";"00061B30";"ちょっと、考えさせて…
少しだけ時間が欲しいわ";"";"00066A40"
"0";"00061B60";"しばらく待つよ…";"";"00066A48"
"0";"00061B80";"あなたと一緒に暮らすなんて嫌よ
だいたい、唐突過ぎるのよ";"";"00066A50"
"0";"00061BC0";"そ、そんなことを言われるとは
思ってなかったぜ";"";"00066A58"
"0";"00061BF0";"悪かったな　いろいろ迷惑をかけて…";"";"00066A60"
"0";"00061C20";"わかった…
今日限り、おまえのことは忘れるよ";"";"00066A68"
"0";"00061C50";"俺はこれで帰るよ　じゃあな";"";"00066A70"
"0";"00061C70";"…";"";"00066A78"
"0";"00061C80";"その目は、ＯＫだと思っていいのか？
はっきりと声で答えてくれよ";"";"00066A80"
"0";"00061CC0";"本当か！　そうか　…よかった";"";"00066A88"
"0";"00061CE0";"試合よりも、緊張したよ";"";"00066A90"
"0";"00061D00";"じゃあ　俺は今から荷物をとってくるわ
家で待っててくれよ";"";"00066A98"
"0";"00061D40";"これからもよろしくな　$pl";"";"00066AA0"
"0";"00061D60";"黒崎 竜介";"";"00066AA8"
"0";"00061D70";"美味そうなリンゴ飴だぜ
あんたも食うだろ？　奢るよ";"";"00066AB0"
"0";"00061DB0";"そうね　一本いただくわ";"";"00066AB8"
"0";"00061DD0";"私は遠慮しておくわ";"";"00066AC0"
"0";"00061DE8";"黒崎 竜介";"";"00066AC8"
"0";"00061E00";"そう来なくちゃな";"";"00066AD0"
"0";"00061E18";"黒崎 竜介";"";"00066AD8"
"0";"00061E30";"おいおい　変な遠慮はいらねえよ";"";"00066AE0"
"0";"00061E50";"黒崎 竜介";"";"00066AE8"
"0";"00061E60";"この前の試合のファイトマネーが入ったんだ
遠慮せずに好きなだけ食ってくれよ";"";"00066AF0"
"0";"00061EB0";"黒崎 竜介";"";"00066AF8"
"0";"00061EC0";"く〜ぅ　うめぇ！";"";"00066B00"
"0";"00061ED8";"黒崎 竜介";"";"00066B08"
"0";"00061EF0";"減量中は甘いものはご法度だったからな
甘いものはずっと食ってなかったんだ";"";"00066B10"
"0";"00061F38";"黒崎 竜介";"";"00066B18"
"0";"00061F50";"減量の後の飯のうまさと言やあ
そりゃあ　ただごとじゃねえんだぜ";"";"00066B20"
"0";"00061F90";"黒崎 竜介";"";"00066B28"
"0";"00061FA0";"こればっかりは
一度体験したやつにしかわからねえだろうな";"";"00066B30"
"0";"00061FD8";"黒崎 竜介";"";"00066B38"
"0";"00061FF0";"さ〜て　次は何を食おうか？";"";"00066B40"
"0";"00062010";"黒崎 竜介";"";"00066B48"
"0";"00062020";"おっ！　カキ氷じゃねえか
懐かしいな";"";"00066B50"
"0";"00062048";"黒崎 竜介";"";"00066B58"
"0";"00062060";"ガキのころは何杯食えるかで
周りの連中とよく勝負したもんさ";"";"00066B60"
"0";"000620A0";"黒崎 竜介";"";"00066B68"
"0";"000620B0";"俺は10杯は軽くいけたな
ここらじゃ負け知らずだったんだぜ";"";"00066B70"
"0";"000620F0";"カキ氷が大好きなのね";"";"00066B78"
"0";"00062110";"昔から負けず嫌いだったのね";"";"00066B80"
"0";"00062130";"お腹が冷えて大変だったでしょう";"";"00066B88"
"0";"00062150";"そんなにカキ氷が買えるなんて　お金持ちね";"";"00066B90"
"0";"00062180";"黒崎 竜介";"";"00066B98"
"0";"00062190";"ああ！　ガキのころは本気で毎日３食
カキ氷でもいいって思ってたっけ";"";"00066BA0"
"0";"000621D8";"黒崎 竜介";"";"00066BA8"
"0";"000621F0";"ハハッ　そうだな！
昔から勝負事で負けるのは我慢ならなかったな";"";"00066BB0"
"0";"00062230";"黒崎 竜介";"";"00066BB8"
"0";"00062240";"あんまり熱くなり過ぎて
ついつい手が出ちまうこともあったっけな";"";"00066BC0"
"0";"00062280";"黒崎 竜介";"";"00066BC8"
"0";"00062290";"そうそう
あのころはよく腹下ししてたっけな";"";"00066BD0"
"0";"000622C0";"黒崎 竜介";"";"00066BD8"
"0";"000622D0";"だけどそれも全力で戦った証拠さ
かっこよく言えば男の勲章みたいなもんさ";"";"00066BE0"
"0";"00062318";"黒崎 竜介";"";"00066BE8"
"0";"00062330";"勝負に負けた方が買った方の代金も
払うってのがルールだったんだよ";"";"00066BF0"
"0";"00062370";"黒崎 竜介";"";"00066BF8"
"0";"00062380";"俺は施設育ちだったからな
お金持ちなんて程遠い生活だったぜ…";"";"00066C00"
"0";"000623C0";"黒崎 竜介";"";"00066C08"
"0";"000623D0";"だから余計に負けられねえってのも
あったのかもな";"";"00066C10"
"0";"00062400";"黒崎 竜介";"";"00066C18"
"0";"00062410";"久しぶりに食いたくなってきたな
あんたもどうだい？";"";"00066C20"
"0";"00062450";"ありがとう　喜んでいただくわ";"";"00066C28"
"0";"00062470";"私と勝負する？";"";"00066C30"
"0";"00062480";"私はいいわ　もうお腹がいっぱいよ　";"";"00066C38"
"0";"000624A8";"黒崎 竜介";"";"00066C40"
"0";"000624C0";"そうか　遠慮せずに食ってくれよ
俺のペースに合わせることはねえからな";"";"00066C48"
"0";"00062508";"黒崎 竜介";"";"00066C50"
"0";"00062520";"そうか？　じゃあ俺だけ食わせてもらうぜ
カキ氷だなんてずいぶん久しぶりだからな";"";"00066C58"
"0";"00062570";"黒崎 竜介";"";"00066C60"
"0";"00062580";"おっ　勝負してみるか？
悪いが相手が女だからって手加減はしねえぜ";"";"00066C68"
"0";"000625C0";"黒崎 竜介";"";"00066C70"
"0";"000625D0";"ふう…　ふう… お、俺も衰えたもんだぜ
５杯がやっとだなんてな";"";"00066C78"
"0";"00062610";"黒崎 竜介";"";"00066C80"
"0";"00062620";"あ、あんたも結構やるじゃねえか
最後は俺もマジになっちまったぜ";"";"00066C88"
"0";"00062660";"黒崎 竜介";"";"00066C90"
"0";"00062670";"きょ、今日は食いすぎちまったぜ
ちょ、ちょっと休もうか………うっぷ！";"";"00066C98"
"0";"000626B8";"黒崎 竜介";"";"00066CA0"
"0";"000626C8";"お、おう！";"";"00066CA8"
"0";"000626D8";"黒崎 竜介";"";"00066CB0"
"0";"000626F0";"次のタイトル戦は期待してくれていいぜ";"";"00066CB8"
"0";"00062718";"黒崎 竜介";"";"00066CC0"
"0";"00062728";"いらっしゃい";"";"00066CC8"
"0";"00062738";"黒崎 竜介";"";"00066CD0"
"0";"00062750";"楽しんでいってくれよ";"";"00066CD8"
"0";"00062768";"黒崎 竜介";"";"00066CE0"
"0";"00062780";"もう少ししたら帰るから、先に帰っててくれ";"";"00066CE8"
"1";"00066CF0";"新居住まいのオバチャン";"";"00076008"
"1";"00066D10";"銀玉仮面だなんて…
本当に引越しを考えるべきなのかしら？";"";"00076010"
"1";"00066D50";"新居住まいのオバチャン";"";"00076018"
"1";"00066D70";"ただ家のローンがあと30年…
はあ…";"";"00076020"
"1";"00066DA0";"新居住まいのオバチャン";"";"00076028"
"1";"00066DC0";"私が$ci火曜日$crにあの台に座ろうとしたら
隣の人が注意してくれたの";"";"00076030"
"1";"00066E10";"新居住まいのオバチャン";"";"00076038"
"1";"00066E30";"何も知らなかったから
話を聞いてビックリしたわ";"";"00076040"
"1";"00066E60";"新居住まいのオバチャン";"";"00076048"
"1";"00066E80";"こんなに事件が頻発するなんて…
やっぱり引越しを考えるべきなのかしら…";"";"00076050"
"1";"00066ED0";"新居住まいのオバチャン";"";"00076058"
"1";"00066EF0";"ああ…　でもやっぱり家のローンが…";"";"00076060"
"1";"00066F20";"新居住まいのオバチャン";"";"00076068"
"1";"00066F40";"呪いの人形か…
使えるかも";"";"00076070"
"1";"00066F60";"新居住まいのオバチャン";"";"00076078"
"1";"00066F80";"私が引越ししたいって言っても
旦那は全然相手にもなってくれないの";"";"00076080"
"1";"00066FC0";"新居住まいのオバチャン";"";"00076088"
"1";"00066FE0";"買ったばかりの家を手放すなんて
馬鹿げてるって";"";"00076090"
"1";"00067010";"新居住まいのオバチャン";"";"00076098"
"1";"00067030";"でも、こういう話は大っ嫌いな人だから
もしかしたら…";"";"000760A0"
"1";"00067070";"新居住まいのオバチャン";"";"000760A8"
"1";"00067090";"聞いて聞いて！
最近、念願のマイホームを買ったのよ！";"";"000760B0"
"1";"000670D0";"新居住まいのオバチャン";"";"000760B8"
"1";"000670F0";"日当たりも景色も良くて
狭いけどちゃんと庭もついてるのよ";"";"000760C0"
"1";"00067130";"新居住まいのオバチャン";"";"000760C8"
"1";"00067150";"もう最高！
30年のローンを組んだかいがあったわ！";"";"000760D0"
"1";"00067180";"新居住まいのオバチャン";"";"000760D8"
"1";"000671A0";"体操指導の男の人、自殺だったらしいわね
…残念だわ";"";"000760E0"
"1";"000671E0";"新居住まいのオバチャン";"";"000760E8"
"1";"00067200";"これで土地の値段が下がったり
しなければいいんだけど…";"";"000760F0"
"1";"00067240";"新居住まいのオバチャン";"";"000760F8"
"1";"00067260";"何でこんなに事件が続くの！？
こっちは家を買ったばかりだって言うのに…";"";"00076100"
"1";"000672B0";"新居住まいのオバチャン";"";"00076108"
"1";"000672D0";"そもそもこの町で家を買ったのが
失敗だったのかしら…";"";"00076110"
"1";"00067310";"新居住まいのオバチャン";"";"00076118"
"1";"00067330";"結局、引越しはしなかったの
夫がどうしても折れてくれなくてね";"";"00076120"
"1";"00067370";"新居住まいのオバチャン";"";"00076128"
"1";"00067390";"あの日々を耐え切ったんだもの
あと２９年間、絶対引っ越さないわよ";"";"00076130"
"1";"000673D0";"噂好きなオバチャン";"";"00076138"
"1";"000673F0";"警察は犯人を一度捕まえたんだけど
なぜだか釈放しちゃったらしいわよ　";"";"00076140"
"1";"00067440";"噂好きなオバチャン";"";"00076148"
"1";"00067460";"それでその釈放された犯人なんだけど…
なんでもこの町に潜伏してるらしいのよ！";"";"00076150"
"1";"000674B0";"噂好きなオバチャン";"";"00076158"
"1";"000674D0";"噂じゃあ旅の途中の男らしいわよ
ちゃんと捕まえておいてほしいものよねえ";"";"00076160"
"1";"00067520";"噂好きなオバチャン";"";"00076168"
"1";"00067540";"噂じゃあ旅の途中の女らしいわよ
ちゃんと捕まえておいてほしいものよねえ";"";"00076170"
"1";"00067590";"噂好きなオバチャン";"";"00076178"
"1";"000675B0";"最近、ペンキが塗られたパチンコ台が
噂になってるじゃない？";"";"00076180"
"1";"000675F0";"噂好きなオバチャン";"";"00076188"
"1";"00067610";"その噂を忘れてて、この前の$ci日曜日$crに
うっかりあの席に座りそうになったのよ";"";"00076190"
"1";"00067660";"噂好きなオバチャン";"";"00076198"
"1";"00067680";"隣の人が言ってくれなかったら
私が噂される側になるところだったわ";"";"000761A0"
"1";"000676C0";"噂好きなオバチャン";"";"000761A8"
"1";"000676E0";"ここの景品になってる$ci古い日本人形$cr
あれは絶対に何かあるわね";"";"000761B0"
"1";"00067720";"噂好きなオバチャン";"";"000761B8"
"1";"00067740";"あの人形には噂の種が眠っている…
私の本能がそう言ってるわ";"";"000761C0"
"1";"00067780";"噂好きなオバチャン";"";"000761C8"
"1";"000677A0";"なんでも銀玉仮面は２メートルを超す大男で
銀色のマントを着てるそうじゃないか";"";"000761D0"
"1";"000677F0";"噂好きなオバチャン";"";"000761D8"
"1";"00067810";"パチンコ帰りの人間を襲ってきて
金色の玉を投げると逃げていくんだってさ";"";"000761E0"
"1";"00067860";"噂好きなオバチャン";"";"000761E8"
"1";"00067880";"警察はそんな目立つ男を
何で捕まえられないんだろうねえ？";"";"000761F0"
"1";"000678C0";"噂好きなオバチャン";"";"000761F8"
"1";"000678E0";"この前の事件は痴情のもつれが
原因らしいよ";"";"00076200"
"1";"00067910";"噂好きなオバチャン";"";"00076208"
"1";"00067930";"別れ話を持ちかけられた男が
逆上して殺しちゃったらしいんだよ";"";"00076210"
"1";"00067970";"噂好きなオバチャン";"";"00076218"
"1";"00067990";"怖いよねえ
美人なのも良いことばかりじゃないんだねえ";"";"00076220"
"1";"000679D0";"噂好きなオバチャン";"";"00076228"
"1";"000679F0";"この前の自殺は失恋が原因だったみたいだね
相手の女が相当連れなくしてたらしいんだよ";"";"00076230"
"1";"00067A50";"噂好きなオバチャン";"";"00076238"
"1";"00067A70";"でも自殺することはないよねえ
相手の女も後悔してるんだろうねえ…";"";"00076240"
"1";"00067AB0";"噂好きなオバチャン";"";"00076248"
"1";"00067AD0";"最近、耳に入ってくる噂がどれも
こじんまりとしてて物足りないんだよ";"";"00076250"
"1";"00067B20";"噂好きなオバチャン";"";"00076258"
"1";"00067B40";"その点、銀玉仮面の噂は良かったねえ
なんたって華があったからね";"";"00076260"
"1";"00067B80";"噂好きなオバチャン";"";"00076268"
"1";"00067BA0";"もちろん怖かったんだけど
あのころは毎日が妙に楽しかったねえ";"";"00076270"
"1";"00067BE0";"心配性のオバチャン";"";"00076278"
"1";"00067C00";"ウチは最近家にいるときでも
玄関の鍵をかけることにしたわ";"";"00076280"
"1";"00067C40";"心配性のオバチャン";"";"00076288"
"1";"00067C60";"人を信用してないみたいで嫌なんだけどね
ウチには小さい子供もいることだしねえ…";"";"00076290"
"1";"00067CB0";"心配性のオバチャン";"";"00076298"
"1";"00067CD0";"私が$ci金曜日$crにあの台で打ったときは
誰も何も言ってくれなかったのよ";"";"000762A0"
"1";"00067D20";"心配性のオバチャン";"";"000762A8"
"1";"00067D40";"おかげでペンキが手の平にベッタリ
まったく嫌になるわよ";"";"000762B0"
"1";"00067D80";"心配性のオバチャン";"";"000762B8"
"1";"00067DA0";"それに私って忘れっぽいから
また座っちゃいそうなのよねえ…";"";"000762C0"
"1";"00067DE0";"心配性のオバチャン";"";"000762C8"
"1";"00067E00";"ここの景品になってる$ci古い日本人形$cr
一体、どういうセンスで選んでるのかしらね？";"";"000762D0"
"1";"00067E60";"心配性のオバチャン";"";"000762D8"
"1";"00067E80";"あんな薄気味悪い物
一体、誰が欲しがるっていうのかしら？";"";"000762E0"
"1";"00067EC0";"心配性のオバチャン";"";"000762E8"
"1";"00067EE0";"呪いの人形って言われても納得するわ
知らないうちに髪の毛でものびてそうだもの";"";"000762F0"
"1";"00067F30";"心配性のオバチャン";"";"000762F8"
"1";"00067F50";"ウチの子がいつも遊んでる公園で
あんな事件が起きるなんて…";"";"00076300"
"1";"00067F90";"心配性のオバチャン";"";"00076308"
"1";"00067FB0";"当分はあそこの公園には
近づかせないことにするわ";"";"00076310"
"1";"00067FE0";"心配性のオバチャン";"";"00076318"
"1";"00068000";"次から次へ
何でこうも嫌な事件が続くの？";"";"00076320"
"1";"00068030";"心配性のオバチャン";"";"00076328"
"1";"00068050";"ウチの子が変な影響を受けなきゃ
いいんだけど…";"";"00076330"
"1";"00068080";"心配性のオバチャン";"";"00076338"
"1";"000680A0";"一体、警察は何をやってるのかしら！？
どうして銀玉仮面を逮捕できないの！？";"";"00076340"
"1";"000680F0";"心配性のオバチャン";"";"00076348"
"1";"00068110";"これで普段どおりの生活をしろってのが
無茶な注文よ";"";"00076350"
"1";"00068150";"心配性のオバチャン";"";"00076358"
"1";"00068170";"はあ…　銀玉仮面がいなくなって
心配の種はなくなると思ってたんだけど…";"";"00076360"
"1";"000681C0";"心配性のオバチャン";"";"00076368"
"1";"000681E0";"自分の老後に子供の進学…
こっちの悩みの方がよっぽど胃が痛くなるわ";"";"00076370"
"1";"00068228";"元気な男";"";"00076378"
"1";"00068240";"ああ！　またダメッス！
連チャンが全然続かないッス！";"";"00076380"
"1";"00068278";"元気な男";"";"00076388"
"1";"00068290";"俺も早く一人前にパチンコが
打てるようになりたいッス";"";"00076390"
"1";"000682C8";"元気な男";"";"00076398"
"1";"000682E0";"先輩、すごいッス！
何でそんなパチンコが打てるッスか！？　";"";"000763A0"
"1";"00068320";"元気な男";"";"000763A8"
"1";"00068330";"マジでかっこよすぎッス
俺、一生先輩について行くッス！　";"";"000763B0"
"1";"00068368";"元気な男";"";"000763B8"
"1";"00068380";"ヘヘッ　先輩には内緒で朝練を始めたッス
腕を上げて、先輩を驚かせるッス！";"";"000763C0"
"1";"000683C8";"元気な男";"";"000763C8"
"1";"000683E0";"やった！　また来たッス！
どうッスか先輩！？　俺、いけてるッスか？";"";"000763D0"
"1";"00068428";"元気のない男";"";"000763D8"
"1";"00068440";"おかしいッス！　先輩が来ないッス！";"";"000763E0"
"1";"00068468";"元気のない男";"";"000763E8"
"1";"00068480";"まさか事故にでも…
ああ！　心配ッス…";"";"000763F0"
"1";"000684B0";"「本当は先輩じゃないって本当？」と聞く";"";"000763F8"
"1";"000684E0";"「先輩はもう戻ってこない」と突き放す";"";"00076400"
"1";"00068510";"「先輩はすぐに戻ってくる」と元気付ける";"";"00076408"
"1";"00068538";"$p";"";"00076410"
"1";"00068540";"きっと何か用事が入ったんだよ
すぐに帰ってくるさ";"";"00076418"
"1";"00068570";"$p";"";"00076420"
"1";"00068580";"きっと何か用事が入ったのよ
すぐに帰ってくるわ";"";"00076428"
"1";"000685B0";"元気のない男";"";"00076430"
"1";"000685C0";"そ、そうッスよ！
戻って来るに決まってるッス…";"";"00076438"
"1";"000685F0";"$p";"";"00076440"
"1";"00068600";"本当は先輩じゃないって聞いたんだけど
本当なのか？";"";"00076448"
"1";"00068638";"$p";"";"00076450"
"1";"00068640";"残念だけど　先輩はもう戻ってこないよ";"";"00076458"
"1";"00068668";"$p";"";"00076460"
"1";"00068670";"本当は先輩じゃないって聞いたんだけど
本当なの？";"";"00076468"
"1";"000686A0";"$p";"";"00076470"
"1";"000686B0";"残念だけど
先輩はもう戻ってこないでしょうね";"";"00076478"
"1";"000686E0";"元気のない男";"";"00076480"
"1";"000686F0";"な、何、縁起でもないこと言ってるッスか！
先輩は必ず帰ってくるッス！";"";"00076488"
"1";"00068738";"元気のない男";"";"00076490"
"1";"00068750";"え！？　何でそのことを知ってるッスか！？";"";"00076498"
"1";"00068780";"先輩がそう言っていた";"";"000764A0"
"1";"000687A0";"ふたりを見ていれば分かった";"";"000764A8"
"1";"000687C0";"何となく";"";"000764B0"
"1";"000687D0";"$p";"";"000764B8"
"1";"000687E0";"あの先輩が自分で言ってたんだ
「俺には後輩なんていない」って";"";"000764C0"
"1";"00068820";"$p";"";"000764C8"
"1";"00068830";"あの先輩が自分でそう言ってたの
「俺には後輩なんていない」って";"";"000764D0"
"1";"00068870";"元気のない男";"";"000764D8"
"1";"00068880";"せ、先輩が！？
そうッスか…";"";"000764E0"
"1";"000688A0";"$p";"";"000764E8"
"1";"000688B0";"ふたりを見ていれば誰にでも分かることさ";"";"000764F0"
"1";"000688D8";"$p";"";"000764F8"
"1";"000688E0";"何となくさ";"";"00076500"
"1";"000688F0";"$p";"";"00076508"
"1";"00068900";"ふたりを見ていれば誰にでも分かることよ";"";"00076510"
"1";"00068928";"$p";"";"00076518"
"1";"00068930";"何となくよ";"";"00076520"
"1";"00068940";"元気のない男";"";"00076528"
"1";"00068950";"そんな！　傍から見てて
俺たちそんなに不自然だったッスか…";"";"00076530"
"1";"00068990";"元気のない男";"";"00076538"
"1";"000689A0";"…確かにそうッス　実は俺が一方的に
先輩って呼んでるだけッス";"";"00076540"
"1";"000689E0";"元気のない男";"";"00076548"
"1";"000689F0";"昔、チンピラにからまれてた俺を
先輩はパチンコで助けてくれたッス";"";"00076550"
"1";"00068A30";"元気のない男";"";"00076558"
"1";"00068A40";"その時の先輩、マジでかっこよくて
俺、この人に一生付いて行くって決めたッス";"";"00076560"
"1";"00068A90";"元気のない男";"";"00076568"
"1";"00068AA0";"それから先輩って呼ばせてもらってるッス
本当は俺の方が年上なんすけどね…";"";"00076570"
"1";"00068AE8";"元気のない男";"";"00076578"
"1";"00068B00";"先輩はもう俺の顔も見たくないッスか？
一体、何が悪かったッスか？";"";"00076580"
"1";"00068B40";"今、先輩は戸惑っているんだ";"";"00076588"
"1";"00068B60";"あんたは何も悪くないよ";"";"00076590"
"1";"00068B80";"あんたのその言葉遣いさ";"";"00076598"
"1";"00068BA0";"今、先輩は戸惑っているのよ";"";"000765A0"
"1";"00068BC0";"あなたは何も悪くないわ";"";"000765A8"
"1";"00068BE0";"あなたのその言葉遣いよ";"";"000765B0"
"1";"00068BF8";"$p";"";"000765B8"
"1";"00068C00";"先輩はあんたの成長をどう受け止めていいか
戸惑っているんだ";"";"000765C0"
"1";"00068C40";"$p";"";"000765C8"
"1";"00068C50";"先輩はあなたの成長をどう受け止めていいか
戸惑っているのよ";"";"000765D0"
"1";"00068C90";"$p";"";"000765D8"
"1";"00068CA0";"あんたは何も悪くないよ";"";"000765E0"
"1";"00068CB8";"$p";"";"000765E8"
"1";"00068CC0";"あなたは何も悪くないわ";"";"000765F0"
"1";"00068CD8";"元気のない男";"";"000765F8"
"1";"00068CF0";"そんな…
じゃあ俺はどうすればいいッスか？";"";"00076600"
"1";"00068D20";"$p";"";"00076608"
"1";"00068D30";"あんたのその言葉遣いが
気に入らないんだよ";"";"00076610"
"1";"00068D60";"元気のない男";"";"00076618"
"1";"00068D70";"そ、そんな…";"";"00076620"
"1";"00068D80";"先輩を信じて待つしかない";"";"00076628"
"1";"00068DA0";"とりあえず謝ってみたら？";"";"00076630"
"1";"00068DC0";"諦めるしかない";"";"00076638"
"1";"00068DD0";"$p";"";"00076640"
"1";"00068DE0";"先輩を信じて待つしかない";"";"00076648"
"1";"00068E00";"$p";"";"00076650"
"1";"00068E10";"先輩を信じて待つしかないわ";"";"00076658"
"1";"00068E30";"元気のない男";"";"00076660"
"1";"00068E40";"…先輩は強い人ッス
きっと自分で答えを見つけるはずッス";"";"00076668"
"1";"00068E78";"元気のない男";"";"00076670"
"1";"00068E90";"たとえ、それで先輩が離れていっても…
先輩の決断はきっと正しいはずッス";"";"00076678"
"1";"00068ED8";"元気な男";"";"00076680"
"1";"00068EF0";"俺、先輩を信じて待ってみるッス！";"";"00076688"
"1";"00068F18";"$p";"";"00076690"
"1";"00068F20";"とりあえず謝ってみたら？";"";"00076698"
"1";"00068F40";"元気のない男";"";"000766A0"
"1";"00068F50";"そ、そうッスね！
とりあえず謝ってみます";"";"000766A8"
"1";"00068F78";"$p";"";"000766B0"
"1";"00068F80";"先輩のことはもう諦めるしかないな";"";"000766B8"
"1";"00068FA8";"$p";"";"000766C0"
"1";"00068FB0";"先輩のことはもう諦めるしかないわね";"";"000766C8"
"1";"00068FD8";"元気のない男";"";"000766D0"
"1";"00068FF0";"そんな！　俺には諦められないッス！";"";"000766D8"
"1";"00069018";"元気のない男";"";"000766E0"
"1";"00069030";"俺、先輩を信じてるッス！
あの人はきっと帰ってくるッス";"";"000766E8"
"1";"00069068";"元気な男";"";"000766F0"
"1";"00069080";"朝練はまだ続けてるッス！
いつか先輩に追いつきたいッス！";"";"000766F8"
"1";"000690B8";"元気な男";"";"00076700"
"1";"000690D0";"この前、公園で自殺しちゃった人
よくこの店に来てたッス";"";"00076708"
"1";"00069108";"元気な男";"";"00076710"
"1";"00069120";"$ci壁際の台$crでパチンコを打ってるのを
何度も見たことがあるッス";"";"00076718"
"1";"00069160";"穏やかな男";"";"00076720"
"1";"00069170";"おいおい、あんまりおだてんなよ";"";"00076728"
"1";"00069190";"穏やかな男";"";"00076730"
"1";"000691A0";"おまえだっていいセンスしてるよ
ちょっと腕を磨けば　いい線いくと思うぜ";"";"00076738"
"1";"000691E8";"穏やかな男";"";"00076740"
"1";"00069200";"…ん？　ああ…　たいしたもんだ";"";"00076748"
"1";"00069220";"穏やかな男";"";"00076750"
"1";"00069230";"俺の方は全然ダメだ
今日は日が悪かったかな…？　ハハ…　";"";"00076758"
"1";"00069268";"穏やかな男";"";"00076760"
"1";"00069280";"おっ！　早速大当りか
なかなかやるな　おまえも";"";"00076768"
"1";"000692B0";"元気な男";"";"00076770"
"1";"000692C0";"先輩もさすがッス！
また連チャンじゃないッスか！";"";"00076778"
"1";"000692F0";"気難しい姑";"";"00076780"
"1";"00069300";"まったく！　明子さんにも困ったもんだよ
味噌汁も作れやしないんだから";"";"00076788"
"1";"00069348";"気難しい姑";"";"00076790"
"1";"00069360";"それだけじゃないんだよ！
掃除や洗濯もろくにやろうとしないんだ";"";"00076798"
"1";"000693A0";"気難しい姑";"";"000767A0"
"1";"000693B0";"外で働いてるって言ったって
家事も満足にできないんじゃ　話にならないよ";"";"000767A8"
"1";"00069400";"隣の台について聞く";"";"000767B0"
"1";"00069418";"何も聞かない";"";"000767B8"
"1";"00069428";"$p";"";"000767C0"
"1";"00069430";"隣のペンキが塗られたパチンコ台について
何か知らないか？";"";"000767C8"
"1";"00069468";"$p";"";"000767D0"
"1";"00069470";"隣のペンキが塗られたパチンコ台について
何か知らない？";"";"000767D8"
"1";"000694A8";"気難しい姑";"";"000767E0"
"1";"000694C0";"嫌な話だねえ
この台に塗られてたらと思うとぞっとするよ";"";"000767E8"
"1";"000694F8";"気難しい姑";"";"000767F0"
"1";"00069510";"しかも、誰も犯人を見てないって言うし…
私はいつもこの台に座るんだけどねえ";"";"000767F8"
"1";"00069560";"気難しい姑";"";"00076800"
"1";"00069570";"私の勘だけど、きっと犯人は
ウチの明子さんみたいな人だよ";"";"00076808"
"1";"000695A8";"気難しい姑";"";"00076810"
"1";"000695C0";"まったく！　隣の人みたいなのがいるから
犯人が付け上がるんだよ";"";"00076818"
"1";"00069600";"気難しい姑";"";"00076820"
"1";"00069610";"犯人を喜ばせて
どうしようってんだろう？";"";"00076828"
"1";"00069638";"気難しい姑";"";"00076830"
"1";"00069650";"ウチの息子が犯人だったなんて…
世間の皆さんに申し訳ないよ…";"";"00076838"
"1";"00069690";"気難しい姑";"";"00076840"
"1";"000696A0";"私が育て方を間違えたばっかりに…";"";"00076848"
"1";"000696C8";"気難しい姑";"";"00076850"
"1";"000696E0";"きっと明子さんもあんな息子なんかと
結婚したことを後悔してるんだろうねえ…";"";"00076858"
"1";"00069730";"気難しい姑";"";"00076860"
"1";"00069740";"最近、明子さんが自分から進んで
食事を用意するようになったんだよ";"";"00076868"
"1";"00069780";"気難しい姑";"";"00076870"
"1";"00069790";"それに掃除や洗濯なんかも
積極的にやろうとするんだよ";"";"00076878"
"1";"000697C8";"気難しい姑";"";"00076880"
"1";"000697E0";"仕事で疲れてるだろうに…
本当にありがたいことだよ";"";"00076888"
"1";"00069818";"気難しい姑";"";"00076890"
"1";"00069830";"他人のことをまるで思いやれない人間さ
そうに決まってるよ";"";"00076898"
"1";"00069870";"余生を楽しむ老人";"";"000768A0"
"1";"00069890";"やっぱりパチンコはいいのう
わしはもうこれだけが楽しみなんじゃよ";"";"000768A8"
"1";"000698D0";"余生を楽しむ老人";"";"000768B0"
"1";"000698F0";"家では完全な年寄り扱いなんじゃが
こいつはわしと対等に接してくれるからのう";"";"000768B8"
"1";"00069940";"余生を楽しむ老人";"";"000768C0"
"1";"00069960";"最近、わしが一日中家を空けておるのが
家族には不安らしいんじゃ";"";"000768C8"
"1";"000699A0";"余生を楽しむ老人";"";"000768D0"
"1";"000699C0";"それで、何か家でもできる趣味を
持とうかと思っとるんじゃよ";"";"000768D8"
"1";"00069A00";"余生を楽しむ老人";"";"000768E0"
"1";"00069A20";"わしは植物が好きなんじゃが
何かないかのう？";"";"000768E8"
"1";"00069A50";"$ci松の盆栽$crを渡しますか？";"";"000768F0"
"1";"00069A70";"渡す";"";"000768F8"
"1";"00069A78";"渡さない";"";"00076900"
"1";"00069A90";"余生を楽しむ老人";"";"00076908"
"1";"00069AB0";"おっ！　盆栽か
確かにわしには合ってるかもしれんのう";"";"00076910"
"1";"00069AF0";"余生を楽しむ老人";"";"00076918"
"1";"00069B10";"ここは騒がしいからのう
たまにはノンビリするとしようかのう";"";"00076920"
"1";"00069B50";"余生を楽しむ老人";"";"00076928"
"1";"00069B70";"最近、肩こりがひどいんじゃよ
パチンコのやり過ぎかのう？";"";"00076930"
"1";"00069BB0";"余生を楽しむ老人";"";"00076938"
"1";"00069BD0";"孫に肩たたきをしてもらっとるんじゃが
全然なんじゃよ";"";"00076940"
"1";"00069C10";"余生を楽しむ老人";"";"00076948"
"1";"00069C30";"パチンコを止めるつもりはないしのう
どうしたもんかのう？";"";"00076950"
"1";"00069C70";"$ci人体鍼灸図$crを渡しますか？";"";"00076958"
"1";"00069C90";"余生を楽しむ老人";"";"00076960"
"1";"00069CB0";"おっ！　肩こりに効くツボが
載っとるじゃないか";"";"00076968"
"1";"00069CE0";"余生を楽しむ老人";"";"00076970"
"1";"00069D00";"これは便利なもんじゃのう
帰ったら試してみるとするか";"";"00076978"
"1";"00069D40";"余生を楽しむ老人";"";"00076980"
"1";"00069D60";"あんたにもらった盆栽は
大切に育てとるよ";"";"00076988"
"1";"00069D90";"余生を楽しむ老人";"";"00076990"
"1";"00069DB0";"パチンコの息抜きにちょうど良いわい";"";"00076998"
"1";"00069DE0";"余生を楽しむ老人";"";"000769A0"
"1";"00069E00";"帰ったらさっそく試してみると
しようかのう";"";"000769A8"
"1";"00069E30";"余生を楽しむ老人";"";"000769B0"
"1";"00069E50";"肩こりはすっかり無くなったよ
これで思う存分パチンコが打てるわい";"";"000769B8"
"1";"00069E90";"イビキをかくおばあちゃん";"";"000769C0"
"1";"00069EB0";"グー…　グー…　グー…";"";"000769C8"
"1";"00069ED0";"ジャラジャラジャラジャラジャラ！";"";"000769D0"
"1";"00069F00";"ハンドルを握り締めたまま眠っている
現在５連チャンだ";"";"000769D8"
"1";"00069F40";"ハンドルを握り締めたまま眠っている
現在８連チャンだ";"";"000769E0"
"1";"00069F80";"ハンドルを握り締めたまま眠っている
すごい！　現在１２連チャンだ";"";"000769E8"
"1";"00069FC0";"寝ぼけ眼のおばあちゃん";"";"000769F0"
"1";"00069FE0";"うーん　今日も大量だねえ";"";"000769F8"
"1";"0006A000";"寝ぼけ眼のおばあちゃん";"";"00076A00"
"1";"0006A020";"だけど、自分じゃ覚えてないからねえ
嬉しさはイマイチなんだよ";"";"00076A08"
"1";"0006A060";"休日を満喫する嫁";"";"00076A10"
"1";"0006A080";"お義母さんは不満らしいけど　なんで女は
家事をやって当然なんて思えるのかしら？";"";"00076A18"
"1";"0006A0D0";"休日を満喫する嫁";"";"00076A20"
"1";"0006A0F0";"私は家と結婚したわけじゃないわ
『家を守れ』なんて時代錯誤もいいところよ";"";"00076A28"
"1";"0006A140";"休日を満喫する嫁";"";"00076A30"
"1";"0006A160";"もう女性が我慢する時代じゃないわ
私達は積極的に外に出るべきなのよ！";"";"00076A38"
"1";"0006A1B0";"隣の台について聞く";"";"00076A40"
"1";"0006A1C8";"何も聞かない";"";"00076A48"
"1";"0006A1D8";"$p";"";"00076A50"
"1";"0006A1E0";"隣のペンキが塗られたパチンコ台について
何か知らないか？";"";"00076A58"
"1";"0006A218";"$p";"";"00076A60"
"1";"0006A220";"隣のペンキが塗られたパチンコ台について
何か知らない？";"";"00076A68"
"1";"0006A260";"休日を満喫する嫁";"";"00076A70"
"1";"0006A280";"あら　そうなの？
そんな話、初めて聞いたわ";"";"00076A78"
"1";"0006A2B0";"休日を満喫する嫁";"";"00076A80"
"1";"0006A2D0";"でも、もしかしたら犯人は
ウチのお義母さんかもね";"";"00076A88"
"1";"0006A300";"休日を満喫する嫁";"";"00076A90"
"1";"0006A320";"あの人の底意地の悪さなら
やりかねないもの";"";"00076A98"
"1";"0006A350";"休日を満喫する嫁";"";"00076AA0"
"1";"0006A370";"………なんてね
冗談よ";"";"00076AA8"
"1";"0006A390";"休日を満喫する嫁";"";"00076AB0"
"1";"0006A3B0";"隣の人、うるさいわねえ
何がそんなに嬉しいんだか";"";"00076AB8"
"1";"0006A3E0";"休日を満喫する嫁";"";"00076AC0"
"1";"0006A400";"たまの休日なんだから
ノンビリさせてもらいたいわ";"";"00076AC8"
"1";"0006A430";"休日を満喫する嫁";"";"00076AD0"
"1";"0006A450";"私の夫が犯人だったなんて…
私、まるで気付いてなかった…";"";"00076AD8"
"1";"0006A490";"休日を満喫する嫁";"";"00076AE0"
"1";"0006A4B0";"仕事中心の生活で、家の中にまで
気が回ってなかったのね";"";"00076AE8"
"1";"0006A4F0";"休日を満喫する嫁";"";"00076AF0"
"1";"0006A510";"お義母さんの言うとおりだわ…
私、何やってるんだろう…？";"";"00076AF8"
"1";"0006A550";"休日を満喫する嫁";"";"00076B00"
"1";"0006A570";"もしかしたら犯人は
ウチのお義母さんかもね";"";"00076B08"
"1";"0006A5A0";"休日を満喫する嫁";"";"00076B10"
"1";"0006A5C0";"お義母さんたら腰が悪いのに
すぐに無理をしようとするのよ";"";"00076B18"
"1";"0006A600";"休日を満喫する嫁";"";"00076B20"
"1";"0006A620";"家事なんて私がいる時くらい
全部任せてくれればいいのに";"";"00076B28"
"1";"0006A660";"休日を満喫する嫁";"";"00076B30"
"1";"0006A680";"もちろん仕事を辞める気はないけど
それくらいはやらないと申し訳ないもの";"";"00076B38"
"1";"0006A6C8";"気弱な青年";"";"00076B40"
"1";"0006A6E0";"僕、生まれて初めて彼女ができたんです！
でもどこにデートに誘えばいいのか困ってて…";"";"00076B48"
"1";"0006A738";"気弱な青年";"";"00076B50"
"1";"0006A750";"おしゃれな店なんて全然知らないし…
ドライブに誘おうにも自転車しかないし…";"";"00076B58"
"1";"0006A7A0";"自分の行き着けの店に連れて行けば？";"";"00076B60"
"1";"0006A7D0";"自転車でドライブすれば？";"";"00076B68"
"1";"0006A7F0";"パチンコに誘えば？";"";"00076B70"
"1";"0006A810";"あきらめてその彼女とは別れたら？";"";"00076B78"
"1";"0006A838";"気弱な青年";"";"00076B80"
"1";"0006A850";"そうですね　行き慣れてない店に入っても
逆に恥をかいちゃいますもんね";"";"00076B88"
"1";"0006A898";"気弱な青年";"";"00076B90"
"1";"0006A8B0";"そうですね　風を全身に感じるドライブも
気持ちいいかもしれませんね";"";"00076B98"
"1";"0006A8F8";"気弱な青年";"";"00076BA0"
"1";"0006A910";"そんな！　…でも、…そうですね
それもいいかも知れません";"";"00076BA8"
"1";"0006A948";"気弱な青年";"";"00076BB0"
"1";"0006A960";"パチンコなんてやったことないでしょうから
かえって喜んでくれるかも知れませんね";"";"00076BB8"
"1";"0006A9B0";"気弱な青年";"";"00076BC0"
"1";"0006A9C0";"そんな！　僕は彼女を愛してるんです！";"";"00076BC8"
"1";"0006A9E8";"気弱な青年";"";"00076BD0"
"1";"0006AA00";"か、彼女　楽しんでくれてますかね？
怖くて顔が見れません";"";"00076BD8"
"1";"0006AA38";"気弱な青年";"";"00076BE0"
"1";"0006AA50";"はあ…　彼女とデートしたんですけど
大失敗でした";"";"00076BE8"
"1";"0006AA80";"気弱な青年";"";"00076BF0"
"1";"0006AA90";"いくら行き着けの店でも
牛丼屋はダメだったみたいです";"";"00076BF8"
"1";"0006AAC8";"気弱な青年";"";"00076C00"
"1";"0006AAE0";"彼女、牛丼に箸をつけようとも
しませんでした…";"";"00076C08"
"1";"0006AB10";"気弱な青年";"";"00076C10"
"1";"0006AB20";"最初は彼女も楽しんでたんですけど
お巡りさんにふたり乗りを見つかって…";"";"00076C18"
"1";"0006AB68";"気弱な青年";"";"00076C20"
"1";"0006AB80";"結局、帰りは自転車を押して帰りましたよ
帰り道は一言も口をきいてくれなくて…";"";"00076C28"
"1";"0006ABD0";"気弱な青年";"";"00076C30"
"1";"0006ABE0";"それでもう大失敗しましたよ！";"";"00076C38"
"1";"0006AC00";"気弱な青年";"";"00076C40"
"1";"0006AC10";"アドバイスありがとうございます
さっそく彼女をデートに誘ってみます";"";"00076C48"
"1";"0006AC58";"気弱な青年";"";"00076C50"
"1";"0006AC70";"次のデートは失敗できないんです！
僕はどうしたらいいんでしょうか！？";"";"00076C58"
"1";"0006ACB8";"気弱な青年";"";"00076C60"
"1";"0006ACD0";"聞いてください！　彼女、この前のデートは
楽しかったって言ってくれたんです";"";"00076C68"
"1";"0006AD20";"気弱な青年";"";"00076C70"
"1";"0006AD30";"お嬢様育ちなんで
きっと新鮮に感じられるんでしょうね";"";"00076C78"
"1";"0006AD68";"気弱な青年";"";"00076C80"
"1";"0006AD80";"でも、いつもパチンコじゃ　あんまりなんで
次は別の場所に行くつもりです";"";"00076C88"
"1";"0006ADC8";"気弱な青年";"";"00076C90"
"1";"0006ADE0";"友達にお勧めのデートコースを聞いたんで
彼女も気に入ってくれると思います";"";"00076C98"
"1";"0006AE28";"気弱な青年";"";"00076CA0"
"1";"0006AE40";"本当は別の場所に誘ったんですけど
彼女はここがいいって…";"";"00076CA8"
"1";"0006AE78";"気弱な青年";"";"00076CB0"
"1";"0006AE90";"彼女がこんなにパチンコに
夢中になるなんて思いもしませんでした";"";"00076CB8"
"1";"0006AED0";"気弱な青年";"";"00076CC0"
"1";"0006AEE0";"楽しんでくれてるのは嬉しいですけど…
ちょっと複雑です";"";"00076CC8"
"1";"0006AF18";"気弱な青年";"";"00076CD0"
"1";"0006AF30";"実は最近、彼女のことで
気になってることがあるんです";"";"00076CD8"
"1";"0006AF68";"気弱な青年";"";"00076CE0"
"1";"0006AF80";"パチンコを始めてから
彼女がどんどん変わっているような…";"";"00076CE8"
"1";"0006AFB8";"気弱な青年";"";"00076CF0"
"1";"0006AFD0";"僕の思い過ごしならいいんですけど…";"";"00076CF8"
"1";"0006AFF8";"気弱な青年";"";"00076D00"
"1";"0006B010";"か、彼女がタバコを…！
そ、そんな子じゃなかったのに…";"";"00076D08"
"1";"0006B048";"気弱な青年";"";"00076D10"
"1";"0006B060";"はあ…
僕、彼女が分からなくなっちゃいました…";"";"00076D18"
"1";"0006B090";"気弱な青年";"";"00076D20"
"1";"0006B0A0";"もともと僕は彼女のおしとやかなところを
好きになったんです";"";"00076D28"
"1";"0006B0E0";"気弱な青年";"";"00076D30"
"1";"0006B0F0";"それが最近は…
僕…　どうすればいいんでしょうか？";"";"00076D38"
"1";"0006B130";"彼女が無理してるのが分からないのか！";"";"00076D40"
"1";"0006B160";"元気な彼女もいいじゃないか";"";"00076D48"
"1";"0006B180";"もう彼女と別れるしかないね";"";"00076D50"
"1";"0006B1A0";"彼女が無理してるのが分からないの！";"";"00076D58"
"1";"0006B1D0";"元気な彼女もいいじゃない";"";"00076D60"
"1";"0006B1F0";"もう彼女と別れるしかないわね";"";"00076D68"
"1";"0006B210";"気弱な青年";"";"00076D70"
"1";"0006B220";"！？　た、確かに彼女はもともとは
タバコの煙は体質的に受け付けないって…";"";"00076D78"
"1";"0006B268";"気弱な青年";"";"00076D80"
"1";"0006B280";"…な、ならなぜ！？
どういうことだ！？　僕には分からない！";"";"00076D88"
"1";"0006B2C0";"気弱な青年";"";"00076D90"
"1";"0006B2D0";"…彼女に会ってみます
本当のことを知るために…";"";"00076D98"
"1";"0006B300";"気弱な青年";"";"00076DA0"
"1";"0006B310";"確かに大人し過ぎる子ではありましたけど…";"";"00076DA8"
"1";"0006B340";"気弱な青年";"";"00076DB0"
"1";"0006B350";"そんな！　まさか…
でも………";"";"00076DB8"
"1";"0006B370";"気弱な青年";"";"00076DC0"
"1";"0006B380";"彼女と話し合ったんですけど
やっぱり今まで無理をしてたらしいです…";"";"00076DC8"
"1";"0006B3C8";"気弱な青年";"";"00076DD0"
"1";"0006B3E0";"僕の好きなパチンコ屋に
少しでも合わせようとしてたって…";"";"00076DD8"
"1";"0006B418";"気弱な青年";"";"00076DE0"
"1";"0006B430";"僕に好かれたい一心で…
ホント　バカですよね　";"";"00076DE8"
"1";"0006B460";"気弱な青年";"";"00076DF0"
"1";"0006B470";"こんなに好きなのに　これ以上
好きになれるわけがないじゃないですか！";"";"00076DF8"
"1";"0006B4B8";"気弱な青年";"";"00076E00"
"1";"0006B4D0";"彼女、パチンコ自体は
本当に好きになったらしいです";"";"00076E08"
"1";"0006B508";"気弱な青年";"";"00076E10"
"1";"0006B520";"最初は頑張らなきゃと思ってやってたら
本当に面白くなってきたらしいですよ";"";"00076E18"
"1";"0006B568";"$p";"";"00076E20"
"1";"0006B570";"バカ！　おまえには
彼女が無理してるのが分からないのか！";"";"00076E28"
"1";"0006B5A8";"$p";"";"00076E30"
"1";"0006B5B0";"今までが大人しすぎたんだ
元気な彼女もいいじゃないか";"";"00076E38"
"1";"0006B5E8";"$p";"";"00076E40"
"1";"0006B5F0";"ふたりはもうお終いだな
彼女と別れるしかないな";"";"00076E48"
"1";"0006B620";"$p";"";"00076E50"
"1";"0006B630";"バカ！　あなたには
彼女が無理してるのが分からないの！";"";"00076E58"
"1";"0006B668";"$p";"";"00076E60"
"1";"0006B670";"今までが大人しすぎたのよ
元気な彼女もいいじゃない";"";"00076E68"
"1";"0006B6A8";"$p";"";"00076E70"
"1";"0006B6B0";"ふたりはもうお終いね
彼女と別れるしかないわ";"";"00076E78"
"1";"0006B6E0";"気弱な青年";"";"00076E80"
"1";"0006B6F0";"僕たち　もう大丈夫です
彼女が元に戻ってくれて、本当に良かったです";"";"00076E88"
"1";"0006B740";"楽しそうにしている";"";"00076E90"
"1";"0006B760";"つまらなそうにしている";"";"00076E98"
"1";"0006B778";"気弱な青年";"";"00076EA0"
"1";"0006B790";"ほ、本当ですか！？　良かった！";"";"00076EA8"
"1";"0006B7B0";"気弱な青年";"";"00076EB0"
"1";"0006B7C0";"ほ、本当ですか！？
ど、どうしよう…";"";"00076EB8"
"1";"0006B7E8";"可憐な女性";"";"00076EC0"
"1";"0006B800";"パチンコ屋って随分賑やかな所なんですね…";"";"00076EC8"
"1";"0006B830";"可憐な女性";"";"00076ED0"
"1";"0006B840";"そ、それにタバコの煙もすごい…
ケホッ！ケホッ！";"";"00076ED8"
"1";"0006B870";"可憐な女性";"";"00076EE0"
"1";"0006B880";"彼、こういう所が好きなんですね…
初めて知りました…";"";"00076EE8"
"1";"0006B8B8";"可憐な女性";"";"00076EF0"
"1";"0006B8C8";"私とは正反対…";"";"00076EF8"
"1";"0006B8D8";"可憐な女性";"";"00076F00"
"1";"0006B8F0";"パ、パチンコって面白いですね！
私、はまっちゃいました";"";"00076F08"
"1";"0006B928";"可憐な女性";"";"00076F10"
"1";"0006B940";"い、家でお裁縫してるよりも
とっても楽しいです…";"";"00076F18"
"1";"0006B970";"可憐な女性？";"";"00076F20"
"1";"0006B980";"あ〜あ　またダメだよ
吸わなきゃやってらんないね　ったく！";"";"00076F28"
"1";"0006B9C0";"可憐な女性？";"";"00076F30"
"1";"0006B9D0";"ケホッ、ケホッ！";"";"00076F38"
"1";"0006B9E8";"可憐な女性";"";"00076F40"
"1";"0006BA00";"彼に合わせようと思って
したことだったんです…";"";"00076F48"
"1";"0006BA30";"可憐な女性";"";"00076F50"
"1";"0006BA40";"でも、自然な私が一番好きだって…
私、嬉しかった…";"";"00076F58"
"1";"0006BA78";"可憐な女性";"";"00076F60"
"1";"0006BA90";"彼のことますます好きになりました";"";"00076F68"
"1";"0006BAB8";"可憐な女性";"";"00076F70"
"1";"0006BAD0";"実はタバコも大丈夫になっちゃったんです";"";"00076F78"
"1";"0006BAF8";"可憐な女性";"";"00076F80"
"1";"0006BB10";"本当は今でも吸うんですよ
彼の前では秘密ですけどね";"";"00076F88"
"1";"0006BB50";"のん気なオバチャン";"";"00076F90"
"1";"0006BB70";"セールスに来た人が教えてくれたんだけど
最近の布団は危険なんですって";"";"00076F98"
"1";"0006BBC0";"のん気なオバチャン";"";"00076FA0"
"1";"0006BBE0";"何でも布団の中に有害物質が含まれてて
寝てる間に体が蝕まれていってるらしいのよ";"";"00076FA8"
"1";"0006BC30";"のん気なオバチャン";"";"00076FB0"
"1";"0006BC50";"それでその人の会社が無添加の布団を
売ってるって言うから　その場で買っちゃった";"";"00076FB8"
"1";"0006BCA0";"のん気なオバチャン";"";"00076FC0"
"1";"0006BCC0";"これからは安心して眠れるわ
これで100000玉なんて安い買い物よね";"";"00076FC8"
"1";"0006BD00";"のん気なオバチャン";"";"00076FD0"
"1";"0006BD20";"あなた　今日の私を見て
何か気付かない？";"";"00076FD8"
"1";"0006BD50";"そう言えば少しやせたような…";"";"00076FE0"
"1";"0006BD70";"そう言えば少し綺麗になったような…";"";"00076FE8"
"1";"0006BD98";"何も気付かない";"";"00076FF0"
"1";"0006BDB0";"あんた　誰だっけ？";"";"00076FF8"
"1";"0006BDD0";"あなた　誰ですか？";"";"00077000"
"1";"0006BDF0";"のん気なオバチャン";"";"00077008"
"1";"0006BE10";"やっぱり分かる！？
ああ！　生まれ変わった気分だわ！";"";"00077010"
"1";"0006BE50";"のん気なオバチャン";"";"00077018"
"1";"0006BE70";"あなた　気付かないの！？
顔が前よりほっそりしてるでしょ！";"";"00077020"
"1";"0006BEB0";"のん気なオバチャン";"";"00077028"
"1";"0006BED0";"やっぱり！　誰だか分からないくらい
私はやせてしまったのね！";"";"00077030"
"1";"0006BF10";"のん気なオバチャン";"";"00077038"
"1";"0006BF30";"今まではどんなにダイエットしても
ダメだったのに　この１週間で２キロもよ！";"";"00077040"
"1";"0006BF80";"のん気なオバチャン";"";"00077048"
"1";"0006BFA0";"やっぱり漢方ってスゴイわ
さすが中国4000年の歴史よね";"";"00077050"
"1";"0006BFE0";"のん気なオバチャン";"";"00077058"
"1";"0006C000";"これなら値段が300000玉するのも
納得よね";"";"00077060"
"1";"0006C030";"のん気なオバチャン";"";"00077068"
"1";"0006C050";"ハ〜イ！
ハワユ〜？";"";"00077070"
"1";"0006C068";"ファイン！";"";"00077078"
"1";"0006C080";"ファ、ファイン…";"";"00077080"
"1";"0006C0A0";"かわいそうに…　最近暑いからな…";"";"00077088"
"1";"0006C0D0";"かわいそうに…　最近暑いから…";"";"00077090"
"1";"0006C0F0";"………";"";"00077098"
"1";"0006C100";"のん気なオバチャン";"";"000770A0"
"1";"0006C120";"発音が良くないわね
それじゃあ　ネイティブには通じないわよ";"";"000770A8"
"1";"0006C160";"のん気なオバチャン";"";"000770B0"
"1";"0006C180";"ち、違うわよ！
英語であいさつしたのよ！";"";"000770B8"
"1";"0006C1B0";"のん気なオバチャン";"";"000770C0"
"1";"0006C1D0";"ホラ！　もっとおなかから声を出して！
そんな蚊の鳴くような声でどうするの！？";"";"000770C8"
"1";"0006C220";"のん気なオバチャン";"";"000770D0"
"1";"0006C240";"あきれた　あなた
こんな簡単なあいさつもできないの！？";"";"000770D8"
"1";"0006C280";"のん気なオバチャン";"";"000770E0"
"1";"0006C2A0";"いい！　これからは国際社会なのよ
英語くらい話せないでどうするの！？";"";"000770E8"
"1";"0006C2F0";"のん気なオバチャン";"";"000770F0"
"1";"0006C310";"あなたも英会話テープ50巻セットくらい
買っておいた方がいいんじゃない？";"";"000770F8"
"1";"0006C360";"のん気なオバチャン";"";"00077100"
"1";"0006C380";"500000玉くらい出しても
全然惜しくない買い物だと思うわよ";"";"00077108"
"1";"0006C3C0";"のん気なオバチャン";"";"00077110"
"1";"0006C3E0";"えっ！　この幸運の水晶が
たったの1000玉！？";"";"00077118"
"1";"0006C410";"のん気なオバチャン";"";"00077120"
"1";"0006C430";"し、信じられない
私は1000000玉で買おうとしてたのに…";"";"00077128"
"1";"0006C470";"のん気なオバチャン";"";"00077130"
"1";"0006C490";"そう…、そういうことだったのね…";"";"00077138"
"1";"0006C4C0";"真実をハッキリと告げる";"";"00077140"
"1";"0006C4D8";"元気付ける";"";"00077148"
"1";"0006C4E8";"バカにする";"";"00077150"
"1";"0006C4F8";"黙って見守る";"";"00077158"
"1";"0006C508";"$p";"";"00077160"
"1";"0006C510";"あなたは今まで騙されていたんだ";"";"00077168"
"1";"0006C530";"のん気なオバチャン";"";"00077170"
"1";"0006C550";"…ハ？　騙される？
何言ってるの？　";"";"00077178"
"1";"0006C580";"のん気なオバチャン";"";"00077180"
"1";"0006C5A0";"そんなことより　パチンコの有益さに
私は今まで全然気付いてなかったのよ！";"";"00077188"
"1";"0006C5E8";"$p";"";"00077190"
"1";"0006C5F0";"落ち込むなんて　あなたらしくないよ";"";"00077198"
"1";"0006C620";"のん気なオバチャン";"";"000771A0"
"1";"0006C640";"落ち込まずにはいられないわ！
灯台下暗しとはこのことよね…";"";"000771A8"
"1";"0006C680";"$p";"";"000771B0"
"1";"0006C690";"こんな簡単なことに気付かないなんて
どうかしてるんじゃないのか？";"";"000771B8"
"1";"0006C6D0";"のん気なオバチャン";"";"000771C0"
"1";"0006C6F0";"…そうね　私がバカだったわ
灯台下暗しとはこのことよね…";"";"000771C8"
"1";"0006C728";"$p";"";"000771D0"
"1";"0006C730";"………";"";"000771D8"
"1";"0006C738";"$p";"";"000771E0"
"1";"0006C740";"あなたは今まで騙されていたのよ";"";"000771E8"
"1";"0006C760";"$p";"";"000771F0"
"1";"0006C770";"落ち込むなんて　あなたらしくないわ";"";"000771F8"
"1";"0006C798";"$p";"";"00077200"
"1";"0006C7A0";"こんな簡単なことに気付かないなんて
どうかしてるんじゃないの？";"";"00077208"
"1";"0006C7E0";"のん気なオバチャン";"";"00077210"
"1";"0006C800";"…まさか　パチンコがこんなに有益だなんて
私は全然気付いてなかったわ…";"";"00077218"
"1";"0006C850";"のん気なオバチャン";"";"00077220"
"1";"0006C870";"あの幸運の水晶がたったの1000玉よ！？
なら、他の商品はもっと安かったはずだわ！";"";"00077228"
"1";"0006C8C0";"のん気なオバチャン";"";"00077230"
"1";"0006C8E0";"これからはもっと真剣に
パチンコをやることにするわ！";"";"00077238"
"1";"0006C920";"のん気なオバチャン";"";"00077240"
"1";"0006C940";"やっぱりパチンコをやってて正解だったわ";"";"00077248"
"1";"0006C970";"のん気なオバチャン";"";"00077250"
"1";"0006C990";"セールスの人が新製品を持ってきても
ここの方がず〜っと安いんだもの";"";"00077258"
"1";"0006C9E0";"のん気なオバチャン";"";"00077260"
"1";"0006CA00";"もう、あの人からは何も買うことないわね";"";"00077268"
"1";"0006CA30";"のん気なオバチャン";"";"00077270"
"1";"0006CA50";"ビッグニュースよ！！
あなた、$ci幸運の水晶$crって知ってる？";"";"00077278"
"1";"0006CA90";"もちろん知っている";"";"00077280"
"1";"0006CAA8";"全然知らない";"";"00077288"
"1";"0006CAC0";"のん気なオバチャン";"";"00077290"
"1";"0006CAE0";"なんでも月の地層から掘り出された
すごいパワーを秘めた水晶らしいわね";"";"00077298"
"1";"0006CB30";"のん気なオバチャン";"";"000772A0"
"1";"0006CB50";"なんでも月の地層から掘り出された
すごいパワーを秘めた水晶らしいわ";"";"000772A8"
"1";"0006CBA0";"のん気なオバチャン";"";"000772B0"
"1";"0006CBC0";"セールスの人が苦労して手に入れたのを
お得意様だからって私に回してくれたのよ！";"";"000772B8"
"1";"0006CC10";"のん気なオバチャン";"";"000772C0"
"1";"0006CC30";"値段はなんとたったの1000000玉！！
これは買わなきゃ絶対に後悔するわ";"";"000772C8"
"1";"0006CC80";"のん気なオバチャン";"";"000772D0"
"1";"0006CCA0";"今、手元に1000000玉はないけど
なんとか準備して見せるわ";"";"000772D8"
"1";"0006CCD8";"渡す";"";"000772E0"
"1";"0006CCE0";"渡さない";"";"000772E8"
"1";"0006CCF0";"のん気なオバチャン";"";"000772F0"
"1";"0006CD10";"あっ！　これ$ci幸運の水晶$crじゃない！？
こんな高価なもの本当にくれるの！？";"";"000772F8"
"1";"0006CD60";"1000玉で買った";"";"00077300"
"1";"0006CD70";"1000000玉で買った";"";"00077308"
"1";"0006CD90";"1000000000玉で買った";"";"00077310"
"1";"0006CDB0";"のん気なオバチャン";"";"00077318"
"1";"0006CDD0";"やっぱり1000000玉…
嬉しいけどそんな高い物は受け取れないわ";"";"00077320"
"1";"0006CE10";"のん気なオバチャン";"";"00077328"
"1";"0006CE30";"そ、そんなに！！
と、とても受け取れないわ";"";"00077330"
"1";"0006CE60";"のん気なオバチャン";"";"00077338"
"1";"0006CE80";"ここだけの話、幸運の水晶を巡って
戦争になりかけたこともあるんですって…";"";"00077340"
"1";"0006CED0";"のん気なオバチャン";"";"00077348"
"1";"0006CEF0";"それで、なんとその幸運の水晶が
もう少しで私の手に入りそうなのよ！";"";"00077350"
"1";"0006CF40";"のん気なオバチャン";"";"00077358"
"1";"0006CF60";"ちゃんと自力で購入するわ
もらい物じゃあ、有難味が薄れるもの";"";"00077360"
"1";"0006CFA0";"$ci水晶玉$crを渡しますか？";"";"00077368"
"1";"0006CFC0";"のん気なオバチャン";"";"00077370"
"1";"0006CFE0";"どうにかして1000000玉用意しないと…
あの$ci水晶$crにはその価値があるのよ！";"";"00077378"
"1";"0006D030";"のん気なオバチャン";"";"00077380"
"1";"0006D050";"不治の病にかかった病人が
水晶に触れただけで全快したって聞いたわ";"";"00077388"
"1";"0006D090";"のん気なオバチャン";"";"00077390"
"1";"0006D0B0";"あんな若さで自殺だなんて
何を悩んでいたのかしら…";"";"00077398"
"1";"0006D0F0";"のん気なオバチャン";"";"000773A0"
"1";"0006D110";"悪い人に騙されでもしたんだったら
かわいそうよね…";"";"000773A8"
"1";"0006D150";"のん気なオバチャン";"";"000773B0"
"1";"0006D170";"彼と特に親しかったわけじゃないけど
あの$ci壁際の席$crがあいてるのを見ると…";"";"000773B8"
"1";"0006D1C0";"パチンコ界の重鎮";"";"000773C0"
"1";"0006D1E0";"わしは究極のパチンコ台を求めて
この半生をささげてきた";"";"000773C8"
"1";"0006D220";"パチンコ界の重鎮";"";"000773D0"
"1";"0006D240";"そのせいか、最近はありきたりの台では
満足できんようになってしまった";"";"000773D8"
"1";"0006D290";"パチンコ界の重鎮";"";"000773E0"
"1";"0006D2B0";"わしを驚かせてくれるような台には
もう出会えぬのだろうか…";"";"000773E8"
"1";"0006D2F0";"ペンキ塗りたての台を薦める";"";"000773F0"
"1";"0006D310";"何も言わない";"";"000773F8"
"1";"0006D320";"$p";"";"00077400"
"1";"0006D330";"この店の右奥にある台なら
あんたもきっと驚くよ";"";"00077408"
"1";"0006D360";"$p";"";"00077410"
"1";"0006D370";"この店の右奥にある台には
あなたもきっと驚くわよ";"";"00077418"
"1";"0006D3A0";"パチンコ界の重鎮";"";"00077420"
"1";"0006D3C0";"何？　それは楽しみだな
今度、打ってみることにしよう";"";"00077428"
"1";"0006D400";"パチンコ界の重鎮";"";"00077430"
"1";"0006D420";"お主に薦められて打った台だったが…";"";"00077438"
"1";"0006D450";"パチンコ界の重鎮";"";"00077440"
"1";"0006D470";"さすがのわしもパチンコとペンキの
組み合わせは予想できぬわ！";"";"00077448"
"1";"0006D4B0";"パチンコ界の重鎮";"";"00077450"
"1";"0006D4D0";"ハンドルを握った瞬間のあの驚き
久しく忘れていたな";"";"00077458"
"1";"0006D510";"パチンコ界の重鎮";"";"00077460"
"1";"0006D530";"この世界から足を洗おうとも思ったのだが…
まだまだパチンコはやめられんな";"";"00077468"
"1";"0006D580";"パチンコ界の重鎮";"";"00077470"
"1";"0006D5A0";"お主の言う台がどれ程のものか
今度、試してみることにしよう";"";"00077478"
"1";"0006D5E0";"血色のいい男";"";"00077480"
"1";"0006D5F0";"実は俺、この店の向かいにある病院に
入院してるんだ";"";"00077488"
"1";"0006D628";"血色のいい男";"";"00077490"
"1";"0006D640";"病室にいてもやることがなくてさ
隙を見ては抜け出してくるんだ";"";"00077498"
"1";"0006D680";"血色のいい男";"";"000774A0"
"1";"0006D690";"でも最近は監視が厳しくなってね
今日もここまで来るのに随分苦労したよ";"";"000774A8"
"1";"0006D6E0";"板ばさみにあう夫";"";"000774B0"
"1";"0006D700";"ああ…　家に帰ったら今日もまた
ふたりから愚痴を聞かされるのか…";"";"000774B8"
"1";"0006D740";"板ばさみにあう夫";"";"000774C0"
"1";"0006D760";"気が重いなあ…　はあ…";"";"000774C8"
"1";"0006D780";"隣の台について聞く";"";"000774D0"
"1";"0006D798";"何も聞かない";"";"000774D8"
"1";"0006D7A8";"$p";"";"000774E0"
"1";"0006D7B0";"隣のペンキが塗られたパチンコ台について
何か知らないか？";"";"000774E8"
"1";"0006D7E8";"$p";"";"000774F0"
"1";"0006D7F0";"隣のペンキが塗られたパチンコ台について
何か知らない？";"";"000774F8"
"1";"0006D830";"板ばさみにあう夫";"";"00077500"
"1";"0006D850";"本当に許せませんね
人に迷惑をかけて何が楽しいんでしょう？";"";"00077508"
"1";"0006D890";"板ばさみにあう夫";"";"00077510"
"1";"0006D8B0";"しかし、いつの間にペンキを
塗ってるんでしょうね？";"";"00077518"
"1";"0006D8F0";"板ばさみにあう夫";"";"00077520"
"1";"0006D910";"そんな怪しい素振りをしている人は
見たことないですけどね";"";"00077528"
"1";"0006D950";"板ばさみにあう夫";"";"00077530"
"1";"0006D970";"どこの誰だか知らないですけど
犯人は許せませんね！";"";"00077538"
"1";"0006D9B0";"板ばさみにあう夫";"";"00077540"
"1";"0006D9D0";"まったく！
人に迷惑をかけて何が楽しいんでしょう？";"";"00077548"
"1";"0006DA10";"板ばさみにあう夫";"";"00077550"
"1";"0006DA30";"隣の人、今日は大勝ちしてますよ
それに、随分あの台を誉めてますし";"";"00077558"
"1";"0006DA70";"板ばさみにあう夫";"";"00077560"
"1";"0006DA90";"専門家が誉めるんだから
本当にすごいんでしょうね";"";"00077568"
"1";"0006DAC0";"板ばさみにあう夫";"";"00077570"
"1";"0006DAE0";"あの犯人も捨てたものじゃないですね
あなたもそう思いませんか？";"";"00077578"
"1";"0006DB20";"本当にたいしたもんだ";"";"00077580"
"1";"0006DB40";"別にたいしたことはないさ";"";"00077588"
"1";"0006DB60";"俺は前からそう思っていたよ";"";"00077590"
"1";"0006DB80";"単に勝ってて上機嫌なだけさ";"";"00077598"
"1";"0006DBA0";"本当にたいしたものね";"";"000775A0"
"1";"0006DBC0";"別にたいしたことはないわ";"";"000775A8"
"1";"0006DBE0";"私は前からそう思っていたわ";"";"000775B0"
"1";"0006DC00";"単に勝ってて上機嫌なだけよ";"";"000775B8"
"1";"0006DC20";"$p";"";"000775C0"
"1";"0006DC30";"ああ　本当にたいしたもんだよ
専門家が誉めてるんだもんな";"";"000775C8"
"1";"0006DC70";"板ばさみにあう夫";"";"000775D0"
"1";"0006DC90";"やっぱり　あなたもそう思うでしょう？
いや〜　やっぱりなあ";"";"000775D8"
"1";"0006DCD0";"$p";"";"000775E0"
"1";"0006DCE0";"何がすごいんだか
あんなのただのいたずらじゃないか";"";"000775E8"
"1";"0006DD20";"板ばさみにあう夫";"";"000775F0"
"1";"0006DD40";"な、何言ってるんですか！？
あんなに誉めてるじゃないですか！？";"";"000775F8"
"1";"0006DD80";"板ばさみにあう夫";"";"00077600"
"1";"0006DDA0";"あの人の目は確かですよ
うん！　間違いない！";"";"00077608"
"1";"0006DDD0";"$p";"";"00077610"
"1";"0006DDE0";"俺は一目あの台を見た時から
その素晴らしさに気付いていたよ";"";"00077618"
"1";"0006DE20";"板ばさみにあう夫";"";"00077620"
"1";"0006DE40";"あなたもですか！？
やっぱり分かる人には分かるんですね";"";"00077628"
"1";"0006DE80";"板ばさみにあう夫";"";"00077630"
"1";"0006DEA0";"あなたの目は確かですよ
うん！　間違いない！";"";"00077638"
"1";"0006DED0";"$p";"";"00077640"
"1";"0006DEE0";"今は勝ってるから誉めてるだけさ
負けてたら何て言ってるもんだか";"";"00077648"
"1";"0006DF20";"板ばさみにあう夫";"";"00077650"
"1";"0006DF40";"あの台にペンキを塗った人はたいしたもんだ
なにしろ専門家が誉めてますからね";"";"00077658"
"1";"0006DF90";"$p";"";"00077660"
"1";"0006DFA0";"ええ　本当にたいしたものね
専門家が誉めてるんですもの";"";"00077668"
"1";"0006DFD8";"$p";"";"00077670"
"1";"0006DFE0";"何がすごいんだか
あんなのただのいたずらじゃない";"";"00077678"
"1";"0006E010";"$p";"";"00077680"
"1";"0006E020";"私は一目あの台を見た時から
その素晴らしさに気付いていたわ";"";"00077688"
"1";"0006E060";"$p";"";"00077690"
"1";"0006E070";"今は勝ってるから誉めてるだけよ
負けてたら何て言ってることか";"";"00077698"
"1";"0006E0B0";"推理をぶつける";"";"000776A0"
"1";"0006E0C0";"もうしばらく泳がせておく";"";"000776A8"
"1";"0006E0E0";"$p";"";"000776B0"
"1";"0006E0F0";"あんたがパチンコ台に
ペンキを塗っていた犯人だな";"";"000776B8"
"1";"0006E120";"$p";"";"000776C0"
"1";"0006E130";"あなたがパチンコ台に
ペンキを塗っていた犯人ね";"";"000776C8"
"1";"0006E160";"板ばさみにあう夫";"";"000776D0"
"1";"0006E180";"えっ！
な、何を証拠にそんなことを…";"";"000776D8"
"1";"0006E1A8";"$p";"";"000776E0"
"1";"0006E1B0";"あんたは犯人が誉められると
やけに嬉しそうにするじゃないか";"";"000776E8"
"1";"0006E1F0";"$p";"";"000776F0"
"1";"0006E200";"あなたは犯人が誉められると
やけに嬉しそうにするじゃない";"";"000776F8"
"1";"0006E240";"板ばさみにあう夫";"";"00077700"
"1";"0006E260";"そ、そんなこと…";"";"00077708"
"1";"0006E278";"$p";"";"00077710"
"1";"0006E280";"それに、あんたは隣の客を止めなかった
ペンキが塗ってあるのを知っていながらな";"";"00077718"
"1";"0006E2D0";"$p";"";"00077720"
"1";"0006E2E0";"それに、あなたは隣の客を止めなかった
ペンキが塗ってあるのを知っていながらね";"";"00077728"
"1";"0006E330";"$p";"";"00077730"
"1";"0006E340";"他のふたりは親切に
ちゃんと注意していたのにな";"";"00077738"
"1";"0006E370";"$p";"";"00077740"
"1";"0006E380";"他のふたりは親切に
ちゃんと注意していたのにね";"";"00077748"
"1";"0006E3B0";"板ばさみにあう夫";"";"00077750"
"1";"0006E3D0";"………そうです
私がやったんです…";"";"00077758"
"1";"0006E400";"板ばさみにあう夫";"";"00077760"
"1";"0006E420";"家庭のことで疲れていて…
それでつい…";"";"00077768"
"1";"0006E450";"板ばさみにあう夫";"";"00077770"
"1";"0006E470";"あの席に座った客が慌てるのを見ると
嫌なことも忘れられたんです";"";"00077778"
"1";"0006E4B0";"板ばさみにあう夫";"";"00077780"
"1";"0006E4D0";"…でも、あのふたりはちゃんと
注意してあげていたんですね";"";"00077788"
"1";"0006E510";"板ばさみにあう夫";"";"00077790"
"1";"0006E530";"そうか………
意外と気が合うのかも知れませんね";"";"00077798"
"1";"0006E560";"板ばさみにあう夫";"";"000777A0"
"1";"0006E580";"すみませんでした
もうあんないたずらは二度とやりません";"";"000777A8"
"1";"0006E5C0";"板ばさみにあう夫";"";"000777B0"
"1";"0006E5E0";"イライラを他人にぶつけるなんて
最低でした…";"";"000777B8"
"1";"0006E610";"板ばさみにあう夫";"";"000777C0"
"1";"0006E630";"僕のせいでふたりには随分つらい思いを
させてしまっているみたいなんです…";"";"000777C8"
"1";"0006E680";"板ばさみにあう夫";"";"000777D0"
"1";"0006E6A0";"これでふたりの仲がさらにこじれたら…
ああ！　僕はなんてバカなことを…";"";"000777D8"
"1";"0006E6F0";"板ばさみにあう夫";"";"000777E0"
"1";"0006E710";"最近、ふたりの仲が
妙にうまくいってるんです";"";"000777E8"
"1";"0006E740";"板ばさみにあう夫";"";"000777F0"
"1";"0006E760";"僕の事件がきっかけらしくて
ちょっと複雑ですけどホッとしました";"";"000777F8"
"1";"0006E7A0";"気の早いおやじ";"";"00077800"
"1";"0006E7B0";"今夜はそこの公園で盆踊りがあるぜ
やっぱり夏はこれがあってこそだよな！";"";"00077808"
"1";"0006E7F8";"気の早いおやじ";"";"00077810"
"1";"0006E810";"早く始まってくんねえかなあ
待ちきれねえよ";"";"00077818"
"1";"0006E840";"パチンコに魅せられた女";"";"00077820"
"1";"0006E860";"私はパチンコの素晴らしさを
ひとりでも多くの人に知ってもらいたいの";"";"00077828"
"1";"0006E8B0";"パチンコに魅せられた女";"";"00077830"
"1";"0006E8D0";"あなたはパチンコのことで
何か知りたいことはある？";"";"00077838"
"1";"0006E910";"景品交換について";"";"00077840"
"1";"0006E930";"パチンコに魅せられた女";"";"00077848"
"1";"0006E950";"カウンターにいる店員に話しかけると
$ci景品交換$crができるわよ";"";"00077850"
"1";"0006E990";"パチンコに魅せられた女";"";"00077858"
"1";"0006E9B0";"自分がパチンコで稼いだ持ち玉を
アイテムと交換できるの";"";"00077860"
"1";"0006E9F0";"パチンコに魅せられた女";"";"00077868"
"1";"0006EA10";"服も、家具も、インテリアも
持ち玉さえあれば何でもそろっちゃうのよ";"";"00077870"
"1";"0006EA60";"パチンコに魅せられた女";"";"00077878"
"1";"0006EA80";"私たちがパチンコにかたむけた情熱が
形となって実を結ぶ…　素晴らしいわね";"";"00077880"
"1";"0006EAD0";"サービスデーについて";"";"00077888"
"1";"0006EAF0";"パチンコに魅せられた女";"";"00077890"
"1";"0006EB10";"$ciサービスデー$crというのは店が設定してる
普段より大当りしやすい日のことよ";"";"00077898"
"1";"0006EB60";"パチンコに魅せられた女";"";"000778A0"
"1";"0006EB80";"サービスデーはパチンコ店ごとに
$ci曜日$crが決まっているの";"";"000778A8"
"1";"0006EBC0";"パチンコに魅せられた女";"";"000778B0"
"1";"0006EBE0";"それとは逆に、$ci回収日$crっていう
大当りが出にくい日もあるから注意してね";"";"000778B8"
"1";"0006EC30";"パチンコに魅せられた女";"";"000778C0"
"1";"0006EC50";"勝負はハンドルを握る前から始まってるの
店選びも慎重に行わないとね";"";"000778C8"
"1";"0006ECA0";"パチンコに魅せられた女";"";"000778D0"
"1";"0006ECC0";"この店のサービスデーは$ci火曜日$crと$ci土曜日$crよ
ちゃんと覚えておいた方がいいわよ";"";"000778D8"
"1";"0006ED20";"パチンコ勝負について";"";"000778E0"
"1";"0006ED40";"パチンコに魅せられた女";"";"000778E8"
"1";"0006ED60";"世の中にはパチンコで人と闘うことに
至上の喜びを感じる人たちがいるの";"";"000778F0"
"1";"0006EDB0";"パチンコに魅せられた女";"";"000778F8"
"1";"0006EDD0";"人は尊敬と畏れをこめて
「$ciパチプロ$cr」と彼らのことを呼んでいるわ";"";"00077900"
"1";"0006EE20";"パチンコに魅せられた女";"";"00077908"
"1";"0006EE40";"この店にも何人かパチプロがいるわ
もし興味があるなら、勝負を挑んでみたら？";"";"00077910"
"1";"0006EE90";"パチンコに魅せられた女";"";"00077918"
"1";"0006EEB0";"もちろん、手強い人たちだけど
彼らに勝つことで得られるものもあるのよ";"";"00077920"
"1";"0006EF00";"パチンコに魅せられた女";"";"00077928"
"1";"0006EF20";"それが何かは…
勝ってからのお楽しみね";"";"00077930"
"1";"0006EF50";"パチンコ攻略のヒント";"";"00077938"
"1";"0006EF70";"パチンコに魅せられた女";"";"00077940"
"1";"0006EF90";"パチンコの前に自分の$ci腹具合$crを確認する
習慣をつけることね";"";"00077948"
"1";"0006EFD0";"パチンコに魅せられた女";"";"00077950"
"1";"0006EFF0";"パチンコには打つ人間の体調がモロに出るの
腹ペコで本来の力が出せるわけがないわ";"";"00077958"
"1";"0006F040";"パチンコに魅せられた女";"";"00077960"
"1";"0006F060";"最高のパチンコが打ちたいのなら
最高の体調でパチンコ台に向かいなさい";"";"00077968"
"1";"0006F0B0";"パチンコに魅せられた女";"";"00077970"
"1";"0006F0D0";"逆に言えば、その時点で大当りは
すぐ目の前とも言えるんだから";"";"00077978"
"1";"0006F110";"何も聞かない";"";"00077980"
"1";"0006F120";"パチンコに魅せられた女";"";"00077988"
"1";"0006F140";"$ci後ろの男の人$cr、今日はいつもの覇気がないわ
公園で亡くなった方と親しかったものね…";"";"00077990"
"1";"0006F198";"ガラの悪い男";"";"00077998"
"1";"0006F1B0";"ん？　何だい　あんた？";"";"000779A0"
"1";"0006F1D0";"柳田について聞く";"";"000779A8"
"1";"0006F1F0";"悪い　人違いだった";"";"000779B0"
"1";"0006F208";"何も聞かない";"";"000779B8"
"1";"0006F220";"ごめんなさい　人違いだったわ";"";"000779C0"
"1";"0006F240";"$p";"";"000779C8"
"1";"0006F250";"柳田という男について　何か知らないか？";"";"000779D0"
"1";"0006F278";"$p";"";"000779D8"
"1";"0006F280";"柳田という人のことで何か知らない？";"";"000779E0"
"1";"0006F2A8";"ガラの悪い男";"";"000779E8"
"1";"0006F2C0";"なんだ？　おまえ…
それが人に物を尋ねる態度か？";"";"000779F0"
"1";"0006F2F0";"ガラの悪い男";"";"000779F8"
"1";"0006F300";"ちょうどムシャクシャしてたんだ
おいおまえ、パチンコ勝負に付き合え！";"";"00077A00"
"1";"0006F348";"ガラの悪い男";"";"00077A08"
"1";"0006F360";"俺に勝ったら　柳田のことを教えてやるぜ！";"";"00077A10"
"1";"0006F390";"パチンコ勝負をする";"";"00077A18"
"1";"0006F3B0";"ここはやめておく";"";"00077A20"
"1";"0006F3C8";"ガラの悪い男";"";"00077A28"
"1";"0006F3E0";"ハハッ！　ようし　始めようか！";"";"00077A30"
"1";"0006F400";"ガラの悪い男";"";"00077A38"
"1";"0006F410";"ケッ！　つまらねえヤツだぜ！";"";"00077A40"
"1";"0006F430";"ガラの悪い男";"";"00077A48"
"1";"0006F440";"ケッ！　気をつけな！";"";"00077A50"
"1";"0006F460";"パチプロ　左打ちの大八";"";"00077A58"
"1";"0006F480";"ハハッ！　ようし　始めようか！";"";"00077A60"
"1";"0006F4A0";"パチプロ　左打ちの大八";"";"00077A68"
"1";"0006F4C0";"ケッ！　つまらねえヤツだぜ！";"";"00077A70"
"1";"0006F4E0";"パチプロ　左打ちの大八";"";"00077A78"
"1";"0006F500";"ちっ　負けちまった
おまえ　なかなかやるな";"";"00077A80"
"1";"0006F530";"パチプロ　左打ちの大八";"";"00077A88"
"1";"0006F550";"約束だ　柳田のことを教えてやるぜ";"";"00077A90"
"1";"0006F580";"パチプロ　左打ちの大八";"";"00077A98"
"1";"0006F5A0";"あいつにはよ　女がいたのさ
$ciこの店の店員$crのよ";"";"00077AA0"
"1";"0006F5E0";"パチプロ　左打ちの大八";"";"00077AA8"
"1";"0006F600";"その女に近づきたくて
この店に通ってたって話だぜ";"";"00077AB0"
"1";"0006F630";"パチプロ　左打ちの大八";"";"00077AB8"
"1";"0006F650";"そのくせあいつ
パチンコの腕前はからっきしでよ";"";"00077AC0"
"1";"0006F680";"パチプロ　左打ちの大八";"";"00077AC8"
"1";"0006F6A0";"給料の前借りまでしてたらしいぜ
いじらしいじゃねえか";"";"00077AD0"
"1";"0006F6E0";"パチプロ　左打ちの大八";"";"00077AD8"
"1";"0006F700";"俺もいくらか貸してたんだけどよ…
まあ、香典だと思って諦めるかな";"";"00077AE0"
"1";"0006F740";"パチプロ　左打ちの大八";"";"00077AE8"
"1";"0006F760";"しかしあんな事するなんてな…
借金で首が回らなくなったのかねえ…";"";"00077AF0"
"1";"0006F7A0";"パチプロ　左打ちの大八";"";"00077AF8"
"1";"0006F7B8";"俺の勝ちだな！";"";"00077B00"
"1";"0006F7D0";"パチプロ　左打ちの大八";"";"00077B08"
"1";"0006F7F0";"いつでも挑戦を受けるぜ！　俺に勝てたら
柳田のことを教えてやるからな！";"";"00077B10"
"1";"0006F838";"ガラの悪い男";"";"00077B18"
"1";"0006F850";"クソッ！！　全然出ねえ！
ざけてんじゃねえぞ コラァ！！";"";"00077B20"
"1";"0006F890";"パチプロ　左打ちの大八";"";"00077B28"
"1";"0006F8B0";"何だ？　また来たのか？
そんなに柳田のことが知りたいのか？";"";"00077B30"
"1";"0006F8F0";"パチプロ　左打ちの大八";"";"00077B38"
"1";"0006F910";"もし俺にパチンコ勝負で勝てたら
あいつのことは教えてやる";"";"00077B40"
"1";"0006F950";"パチプロ　左打ちの大八";"";"00077B48"
"1";"0006F970";"クソッ！　今日も全然ツキがねえ！
何とかして流れを変えねえと…";"";"00077B50"
"1";"0006F9B0";"パチプロ　左打ちの大八";"";"00077B58"
"1";"0006F9D0";"おっ！　おまえ、ちょうど良かったぜ
俺と景気づけにパチンコ勝負をやらねえか？";"";"00077B60"
"1";"0006FA20";"パチプロ　左打ちの大八";"";"00077B68"
"1";"0006FA40";"チッ！　また負けちまったか！
おまえ　本当に強えなあ";"";"00077B70"
"1";"0006FA80";"パチプロ　左打ちの大八";"";"00077B78"
"1";"0006FAA0";"だが、これで俺のツキの流れも
変わった気がするぜ";"";"00077B80"
"1";"0006FAD0";"パチプロ　左打ちの大八";"";"00077B88"
"1";"0006FAF0";"今、勝負したら間違いなく俺のバカ勝ちだが
今日は勝ち逃げで許しといてやるよ";"";"00077B90"
"1";"0006FB40";"パチプロ　左打ちの大八";"";"00077B98"
"1";"0006FB60";"よっしゃあ！　俺の勝ちだ！
一気に流れが来たぜ！";"";"00077BA0"
"1";"0006FB90";"パチプロ　左打ちの大八";"";"00077BA8"
"1";"0006FBB0";"おかげでいい景気づけになったぜ
ありがとよ！";"";"00077BB0"
"1";"0006FBE0";"パチプロ　左打ちの大八";"";"00077BB8"
"1";"0006FC00";"今日はもう勘弁しといてやるよ
やったら間違いなく俺のバカ勝ちだがな";"";"00077BC0"
"1";"0006FC50";"パチプロ　左打ちの大八";"";"00077BC8"
"1";"0006FC70";"だが、まさか俺が負けるとは
思ってもみなかったぜ";"";"00077BD0"
"1";"0006FCA0";"パチプロ　左打ちの大八";"";"00077BD8"
"1";"0006FCC0";"オマケにこいつをくれてやるよ";"";"00077BE0"
"1";"0006FCE0";"パチプロ　左打ちの大八";"";"00077BE8"
"1";"0006FD00";"まあ　おまえに使いこなせるかまでは
分からんがな";"";"00077BF0"
"1";"0006FD30";"ガラの悪い男";"";"00077BF8"
"1";"0006FD40";"クソッ！！　こっちも全然出ねえぜ！
どうなってんだ！？";"";"00077C00"
"1";"0006FD78";"ガラの悪い男";"";"00077C08"
"1";"0006FD90";"おまえの方はまだマシだ
俺は朝からずっとこの調子なんだ！";"";"00077C10"
"1";"0006FDD0";"看護婦パチプロ　茜";"";"00077C18"
"1";"0006FDF0";"あら？
あなた、この前ウチの病院に来てた人ね";"";"00077C20"
"1";"0006FE20";"看護婦パチプロ　茜";"";"00077C28"
"1";"0006FE40";"私は茜
そこの大海病院で看護婦をしているわ";"";"00077C30"
"1";"0006FE70";"なぜここに？";"";"00077C38"
"1";"0006FE80";"その服装は？";"";"00077C40"
"1";"0006FE90";"仕事中じゃないの？";"";"00077C48"
"1";"0006FEB0";"看護婦パチプロ　茜";"";"00077C50"
"1";"0006FED0";"フフ　私は看護婦とパチプロ
ふたつの顔を持つ女なの";"";"00077C58"
"1";"0006FF10";"看護婦パチプロ　茜";"";"00077C60"
"1";"0006FF30";"仕事中も暇を見つけては
こうして闘う相手を探しているのよ";"";"00077C68"
"1";"0006FF70";"看護婦パチプロ　茜";"";"00077C70"
"1";"0006FF90";"私と闘った相手は皆
この姿が目に焼きついて離れなくなるの";"";"00077C78"
"1";"0006FFD0";"看護婦パチプロ　茜";"";"00077C80"
"1";"0006FFF0";"人は私のことを
「白衣の悪魔　茜」と呼んでいるわ";"";"00077C88"
"1";"00070020";"看護婦パチプロ　茜";"";"00077C90"
"1";"00070040";"あなた、結構やりそうじゃない
私と勝負してみない？";"";"00077C98"
"1";"00070080";"パチンコ勝負を受ける";"";"00077CA0"
"1";"000700A0";"それよりも帰って仕事をしろ！";"";"00077CA8"
"1";"000700C0";"看護婦パチプロ　茜";"";"00077CB0"
"1";"000700E0";"フフ　この姿…
しっかり焼きつけていってね";"";"00077CB8"
"1";"00070110";"看護婦パチプロ　茜";"";"00077CC0"
"1";"00070130";"あら　堅いのね
残念だわ";"";"00077CC8"
"1";"00070150";"看護婦パチプロ　茜";"";"00077CD0"
"1";"00070170";"フフ　来たわね
どう？　私と勝負していかない？";"";"00077CD8"
"1";"000701A0";"看護婦パチプロ　茜";"";"00077CE0"
"1";"000701C0";"私の負けね
あなたとっても強いのね";"";"00077CE8"
"1";"000701F0";"看護婦パチプロ　茜";"";"00077CF0"
"1";"00070210";"あなたなら使いこなせるかもしれない…
これを…";"";"00077CF8"
"1";"00070240";"看護婦パチプロ　茜";"";"00077D00"
"1";"00070260";"この技は以前私が看取った
パチプロのおじいさんの技なの";"";"00077D08"
"1";"000702A0";"看護婦パチプロ　茜";"";"00077D10"
"1";"000702C0";"彼が生涯をかけて編み出した技よ
私には使いこなせなかったけどね…";"";"00077D18"
"1";"00070300";"看護婦パチプロ　茜";"";"00077D20"
"1";"00070320";"でも、あなたならきっと使いこなせる
私が保証するわ";"";"00077D28"
"1";"00070360";"看護婦パチプロ　茜";"";"00077D30"
"1";"00070380";"今日は楽しかったわ
また勝負しましょう";"";"00077D38"
"1";"000703B0";"看護婦パチプロ　茜";"";"00077D40"
"1";"000703D0";"フフ　ごめんなさい
勝たせてもらったわ";"";"00077D48"
"1";"00070400";"看護婦パチプロ　茜";"";"00077D50"
"1";"00070420";"私の姿…
しっかり目に焼きついたでしょう？";"";"00077D58"
"1";"00070450";"看護婦パチプロ　茜";"";"00077D60"
"1";"00070470";"今日はもう無理よ
止めておきましょう";"";"00077D68"
"1";"000704A0";"看護婦パチプロ　茜";"";"00077D70"
"1";"000704C0";"パチンコ勝負は１日１回が限度よ
それ以上闘えば命を縮めることになるわ";"";"00077D78"
"1";"00070510";"気合の入ったオバチャン";"";"00077D80"
"1";"00070530";"こいつ！　アタイをナメてんのかい！
ふざけたマネしてるとタダじゃおかないよ！";"";"00077D88"
"1";"00070580";"気合の入ったオバチャン";"";"00077D90"
"1";"000705A0";"とっとと出すもん出しな！
ぶっ壊されたいのかい！？";"";"00077D98"
"1";"000705E0";"パチプロ主婦　千尋";"";"00077DA0"
"1";"00070600";"はあ…　はあ…　はあ…
またやっちまったよ…";"";"00077DA8"
"1";"00070630";"パチプロ主婦　千尋";"";"00077DB0"
"1";"00070650";"今でこそ普通に主婦なんてやってるけど
アタイも昔は色々と無茶して来たんだよ";"";"00077DB8"
"1";"000706A0";"パチプロ主婦　千尋";"";"00077DC0"
"1";"000706C0";"ハンドルを握るともうダメなんだよ
無性にパチプロ勝負がしたくなっちまうのさ";"";"00077DC8"
"1";"00070710";"パチプロ主婦　千尋";"";"00077DD0"
"1";"00070730";"…あんた　結構やりそうだね
アタイと一戦交えてみないかい？";"";"00077DD8"
"1";"00070770";"パチンコ勝負をする";"";"00077DE0"
"1";"00070790";"ここはやめておく";"";"00077DE8"
"1";"000707B0";"パチプロ主婦　千尋";"";"00077DF0"
"1";"000707D0";"そうかい！
久しぶりに熱くなれそうだよ！";"";"00077DF8"
"1";"00070800";"パチプロ主婦　千尋";"";"00077E00"
"1";"00070820";"そうかい！
今日も熱くなれそうだよ！";"";"00077E08"
"1";"00070850";"パチプロ主婦　千尋";"";"00077E10"
"1";"00070870";"そうかい…　残念だね
気が変わったら、また声をかけとくれよ";"";"00077E18"
"1";"000708B0";"パチプロ主婦　千尋";"";"00077E20"
"1";"000708D0";"そうかい…　残念だね
気が変わったら、また声をかけとくれよ";"";"00077E28"
"1";"00070910";"パチプロ主婦　千尋";"";"00077E30"
"1";"00070930";"あんた　やるね！
今日は昔に戻った気分だったよ";"";"00077E38"
"1";"00070960";"パチプロ主婦　千尋";"";"00077E40"
"1";"00070980";"アタイの完全な負けだね
これはあんたのもんだよ";"";"00077E48"
"1";"000709B0";"パチプロ主婦　千尋";"";"00077E50"
"1";"000709D0";"遠慮せずに受け取るんだよ
これもパチンコ勝負のしきたりさ";"";"00077E58"
"1";"00070A10";"パチプロ主婦　千尋";"";"00077E60"
"1";"00070A30";"いい勝負が出来て楽しかったよ
次は負けないからね";"";"00077E68"
"1";"00070A60";"パチプロ主婦　千尋";"";"00077E70"
"1";"00070A80";"あんた相手なら昔の気分を味わえると
思ったんだけど…";"";"00077E78"
"1";"00070AC0";"パチプロ主婦　千尋";"";"00077E80"
"1";"00070AE0";"アタイの買いかぶりだったみたいだね
ガッカリだよ";"";"00077E88"
"1";"00070B10";"パチプロ主婦　千尋";"";"00077E90"
"1";"00070B30";"悪いけど、今日はもう勝負しないよ";"";"00077E98"
"1";"00070B60";"パチプロ主婦　千尋";"";"00077EA0"
"1";"00070B80";"旦那と結婚した時の約束なのさ
「パチンコ勝負は１日１回」ってね";"";"00077EA8"
"1";"00070BC0";"パチプロ主婦　千尋";"";"00077EB0"
"1";"00070BE0";"今日もアタイと一戦交えてくれるのかい？";"";"00077EB8"
"1";"00070C10";"何だか手がベタベタするような…？";"";"00077EC0"
"1";"00070C38";"！！！！";"";"00077EC8"
"1";"00070C50";"手がペンキまみれになっている！！";"";"00077ED0"
"1";"00070C78";"通りすがりの客";"";"00077ED8"
"1";"00070C90";"あ〜　やっちゃったね
そこの奥の台で打ったんだろ？";"";"00077EE0"
"1";"00070CC8";"通りすがりの客";"";"00077EE8"
"1";"00070CE0";"誰のいたずらかは知らないが
あのハンドルにはよくペンキが塗られるんだ";"";"00077EF0"
"1";"00070D28";"通りすがりの客";"";"00077EF8"
"1";"00070D40";"これからは気をつけるようにするんだね
しかし一体、誰がやってるんだろうな？";"";"00077F00"
"1";"00070D90";"パチプロ　左打ちの大八";"";"00077F08"
"1";"00070DB0";"おう！！　やけに調子いいみたいじゃねえか
俺にも少し分けてくれよ";"";"00077F10"
"1";"00070DF0";"元気のない男";"";"00077F18"
"1";"00070E00";"な、なんすか！？　これは俺の玉ッス！";"";"00077F20"
"1";"00070E30";"パチプロ　左打ちの大八";"";"00077F28"
"1";"00070E50";"うるせえ！　ガタガタ言ってねえで
とっとと渡しな！　痛い目にあいてえのか？";"";"00077F30"
"1";"00070EA0";"元気のない男";"";"00077F38"
"1";"00070EB0";"や、やめてくださいッス！
た、助けて…　せ、せんぱーーーい！";"";"00077F40"
"1";"00070EF0";"助けに入る";"";"00077F48"
"1";"00070F00";"黙って見ている";"";"00077F50"
"1";"00070F10";"$p";"";"00077F58"
"1";"00070F18";"や…";"";"00077F60"
"1";"00070F20";"穏やかな男";"";"00077F68"
"1";"00070F30";"やめろ！";"";"00077F70"
"1";"00070F40";"パチプロ　左打ちの大八";"";"00077F78"
"1";"00070F58";"ん！？　";"";"00077F80"
"1";"00070F68";"元気のない男";"";"00077F88"
"1";"00070F78";"せ、先輩！";"";"00077F90"
"1";"00070F90";"パチプロ　左打ちの大八";"";"00077F98"
"1";"00070FB0";"なんだテメエは！？";"";"00077FA0"
"1";"00070FC8";"穏やかな男";"";"00077FA8"
"1";"00070FE0";"そいつは俺がかわいがってる後輩でね
玉が欲しいなら俺にいいな";"";"00077FB0"
"1";"00071020";"穏やかな男";"";"00077FB8"
"1";"00071030";"ただし俺にパチンコで勝てたらだがな
あんたも少しは腕に覚えがあるんだろ？";"";"00077FC0"
"1";"00071080";"パチプロ　左打ちの大八";"";"00077FC8"
"1";"000710A0";"おまえ正気か？　左打ちの大八と言えば
ここらじゃ知らねえヤツはいねえ";"";"00077FD0"
"1";"000710F0";"パチプロ　左打ちの大八";"";"00077FD8"
"1";"00071110";"おとなしく玉を渡した方が身のためだぜ";"";"00077FE0"
"1";"00071138";"穏やかな男";"";"00077FE8"
"1";"00071150";"なんだ　そんなに恥をかくのが怖いのか？";"";"00077FF0"
"1";"00071180";"パチプロ　左打ちの大八";"";"00077FF8"
"1";"000711A0";"なにぃ！　お、おもしれえ
おまえの方こそ後輩の前で恥かかせてやるぜ";"";"00078000"
"1";"000711E8";"元気のない男";"";"00078008"
"1";"000711F8";"せ、先輩…";"";"00078010"
"1";"00071208";"穏やかな男";"";"00078018"
"1";"00071220";"すまない　遅くなったな…
あとは俺に任せてくれるか？";"";"00078020"
"1";"00071258";"元気な男";"";"00078028"
"1";"00071268";"…は、はい！";"";"00078030"
"1";"00071278";"元気な男";"";"00078038"
"1";"00071290";"おふたりともいいッスか？　いきますよ？";"";"00078040"
"1";"000712C0";"パチプロ　左打ちの大八";"";"00078048"
"1";"000712D8";"おう！";"";"00078050"
"1";"000712E0";"穏やかな男";"";"00078058"
"1";"000712F0";"ああ";"";"00078060"
"1";"000712F8";"元気な男";"";"00078068"
"1";"00071310";"………始めッス！";"";"00078070"
"1";"00071330";"パチプロ　左打ちの大八";"";"00078078"
"1";"00071350";"おっ！　きたぜ！
さっそく大当りだ！";"";"00078080"
"1";"00071378";"元気な男";"";"00078088"
"1";"00071388";"ああっ！";"";"00078090"
"1";"00071398";"穏やかな男";"";"00078098"
"1";"000713A8";"くっ！";"";"000780A0"
"1";"000713B0";"元気な男";"";"000780A8"
"1";"000713C0";"先輩！　頑張ってください！";"";"000780B0"
"1";"000713E0";"先輩を応援する";"";"000780B8"
"1";"000713F0";"大八を応援する";"";"000780C0"
"1";"00071400";"$p";"";"000780C8"
"1";"00071410";"先輩　頑張れよ！";"";"000780D0"
"1";"00071428";"$p";"";"000780D8"
"1";"00071430";"大八　頑張れよ！";"";"000780E0"
"1";"00071448";"$p";"";"000780E8"
"1";"00071450";"先輩　頑張って！";"";"000780F0"
"1";"00071468";"$p";"";"000780F8"
"1";"00071470";"大八さん　頑張って！";"";"00078100"
"1";"00071490";"ジャラジャラジャラ…";"";"00078108"
"1";"000714A8";"元気な男";"";"00078110"
"1";"000714C0";"ああっ…　ヤツの横にドル箱が
どんどん積み上がっていくッス！";"";"00078118"
"1";"00071500";"パチプロ　左打ちの大八";"";"00078120"
"1";"00071520";"やはり大恥をかくのはおまえのようだな！";"";"00078128"
"1";"00071548";"穏やかな男";"";"00078130"
"1";"00071560";"…それはどうかな？";"";"00078138"
"1";"00071580";"パチプロ　左打ちの大八";"";"00078140"
"1";"000715A0";"なにっ！？　あっ！";"";"00078148"
"1";"000715B8";"元気な男";"";"00078150"
"1";"000715D0";"ああっ！　ヤツの連チャンが止まったッス！";"";"00078158"
"1";"00071600";"穏やかな男";"";"00078160"
"1";"00071610";"ふっ　この勝負もらった！";"";"00078168"
"1";"00071630";"パチプロ　左打ちの大八";"";"00078170"
"1";"00071648";"く、くそっ！";"";"00078178"
"1";"00071658";"$p";"";"00078180"
"1";"00071660";"今がチャンスだ！　頑張れ、先輩！";"";"00078188"
"1";"00071688";"$p";"";"00078190"
"1";"00071690";"諦めるな、大八！　まだ逆転できるぞ！";"";"00078198"
"1";"000716B8";"$p";"";"000781A0"
"1";"000716C0";"今がチャンスよ！　頑張って、先輩！";"";"000781A8"
"1";"000716E8";"$p";"";"000781B0"
"1";"000716F0";"諦めないで、大八さん！　まだ逆転できるわ！";"";"000781B8"
"1";"00071720";"元気な男";"";"000781C0"
"1";"00071730";"す、すげえッス！
５連チャン…　６連チャン…　７連チャン…";"";"000781C8"
"1";"00071770";"穏やかな男";"";"000781D0"
"1";"00071780";"とどめだ！";"";"000781D8"
"1";"00071790";"パチプロ　左打ちの大八";"";"000781E0"
"1";"000717B0";"うわぁぁぁぁぁぁぁぁぁぁぁ！";"";"000781E8"
"1";"000717D0";"元気な男";"";"000781F0"
"1";"000717E0";"や、やった！　先輩の勝ちッス！";"";"000781F8"
"1";"00071800";"パチプロ　左打ちの大八";"";"00078200"
"1";"00071820";"ば、バカな！　この俺が負けるなんて…
ヤツは一体…";"";"00078208"
"1";"00071858";"元気な男";"";"00078210"
"1";"00071868";"せ、先輩…";"";"00078218"
"1";"00071878";"穏やかな男";"";"00078220"
"1";"00071888";"…スマン";"";"00078228"
"1";"00071898";"元気な男";"";"00078230"
"1";"000718B0";"せ、先輩がどうして謝るッスか？";"";"00078238"
"1";"000718D0";"穏やかな男";"";"00078240"
"1";"000718E0";"俺な…　怖かったんだよ";"";"00078248"
"1";"000718F8";"穏やかな男";"";"00078250"
"1";"00071910";"パチンコが上達したおまえにとって
俺の価値なんて何もないんじゃないかって…";"";"00078258"
"1";"00071960";"元気な男";"";"00078260"
"1";"00071970";"な、何言ってるッスか！？
バカ言わないで下さい！";"";"00078268"
"1";"000719A0";"元気な男";"";"00078270"
"1";"000719B0";"俺たちの関係ってパチンコだけッスか！？
先輩はそう思ってたッスか！？";"";"00078278"
"1";"000719F8";"元気な男";"";"00078280"
"1";"00071A10";"俺にとって先輩はパチンコとか
関係なくスゴイ人ッス！";"";"00078288"
"1";"00071A48";"元気な男";"";"00078290"
"1";"00071A60";"だから、そんな悲しいこと
言わないでください　お願いッス！";"";"00078298"
"1";"00071AA0";"穏やかな男";"";"000782A0"
"1";"00071AB0";"ありがとうよ…
";"";"000782A8"
"1";"00071AC0";"穏やかな男";"";"000782B0"
"1";"00071AD0";"あんたにも迷惑かけたな";"";"000782B8"
"1";"00071AF0";"あんたは必ず戻ってくると思ってたよ";"";"000782C0"
"1";"00071B20";"あんたが必ず勝つと思ってたよ";"";"000782C8"
"1";"00071B40";"あんたがまさか戻ってくるとは思わなかったよ";"";"000782D0"
"1";"00071B70";"あんたがまさか勝つとは思わなかったよ";"";"000782D8"
"1";"00071BA0";"あなたは必ず戻ってくると思ってたわ";"";"000782E0"
"1";"00071BD0";"あなたが必ず勝つと思ってたわ";"";"000782E8"
"1";"00071BF0";"あなたがまさか戻ってくるとは思わなかったわ";"";"000782F0"
"1";"00071C20";"あなたがまさか勝つとは思わなかったわ";"";"000782F8"
"1";"00071C48";"穏やかな男";"";"00078300"
"1";"00071C60";"俺は戻ってこなきゃいけなかったのさ";"";"00078308"
"1";"00071C88";"穏やかな男";"";"00078310"
"1";"00071CA0";"さっきはヤツの応援をしてなかったか？";"";"00078318"
"1";"00071CC8";"穏やかな男";"";"00078320"
"1";"00071CE0";"俺は勝たなきゃいけなかったのさ";"";"00078328"
"1";"00071D00";"穏やかな男";"";"00078330"
"1";"00071D10";"俺は戻ってこなきゃいけなかったのさ";"";"00078338"
"1";"00071D38";"穏やかな男";"";"00078340"
"1";"00071D50";"俺は勝たなきゃいけなかったのさ";"";"00078348"
"1";"00071D70";"穏やかな男";"";"00078350"
"1";"00071D80";"よし！　今日もいっちょうやるとするか！";"";"00078358"
"1";"00071DA8";"元気な男";"";"00078360"
"1";"00071DB8";"ハイッス！";"";"00078368"
"1";"00071DC8";"あら？";"";"00078370"
"1";"00071DD0";"こんにちは
今日はどうなさいましたか？";"";"00078378"
"1";"00071E00";"井原先生に頼まれて彼女に付き添って来たんだ";"";"00078380"
"1";"00071E30";"すまない　建物を間違えたようだ";"";"00078388"
"1";"00071E50";"あなたへの恋の病にかかってしまったんだ";"";"00078390"
"1";"00071E80";"井原先生に頼まれて彼女に付き添って来たの";"";"00078398"
"1";"00071EB0";"ごめんなさい　建物を間違えたみたい";"";"000783A0"
"1";"00071EE0";"できればここで働きたいんだけど…";"";"000783A8"
"1";"00071F10";"井原先生に頼まれて彼女に付き添って来たんだ";"";"000783B0"
"1";"00071F40";"井原先生に頼まれて
彼女に付き添って来たの";"";"000783B8"
"1";"00071F70";"そうでしたか　ありがとうございます
井原先生からお話は伺っています";"";"000783C0"
"1";"00071FC0";"あなたが白石さんですね？";"";"000783C8"
"1";"00071FE0";"はい…　そう…だと思います…";"";"000783D0"
"1";"00072000";"すまない　建物を間違えたようだ";"";"000783D8"
"1";"00072020";"ごめんなさい　建物を間違えたみたい";"";"000783E0"
"1";"00072050";"あら　そうでしたか";"";"000783E8"
"1";"00072070";"何言ってるんですか！？
ここで合ってますよ！";"";"000783F0"
"1";"000720A0";"あら？　もしかして　あなたが白石さん？";"";"000783F8"
"1";"000720D0";"そうでしたか…
井原先生からお話は伺っています";"";"00078400"
"1";"00072100";"あなたが付き添って来てくださったんですね
ありがとうございます";"";"00078408"
"1";"00072140";"あなたへの恋の病にかかってしまったんだ";"";"00078410"
"1";"00072170";"すみませんが　ここはそういった症状の方は
専門ではないんです";"";"00078418"
"1";"000721B0";"申し訳ありませんが　他の病院を探すか
ご自分で治療するかして下さい";"";"00078420"
"1";"00072200";"できればここで働きたいんだけど…";"";"00078428"
"1";"00072230";"ごめんなさい　病院は忙しいんだけど
あまり大勢を雇う余裕もなくてね…";"";"00078430"
"1";"00072280";"あら？　もしかして　あなたが白石さん？";"";"00078438"
"1";"000722B0";"あいさつが遅れました　私、加納と言います
白石さんの治療を担当させていただきます";"";"00078440"
"1";"00072300";"さすらいのパチプロの$puです";"";"00078448"
"1";"00072320";"医者の$puです";"";"00078450"
"1";"00072330";"彼女の恋人の$puです";"";"00078458"
"1";"00072350";"彼女に怪我を負わせた$puです";"";"00078460"
"1";"00072370";"彼女の娘の$puです";"";"00078468"
"1";"00072390";"そうですか
私も結構好きなんですよ";"";"00078470"
"1";"000723C0";"そうなんですか？
あまりそうは見えませんけど…";"";"00078478"
"1";"000723F0";"ち、違います！
な、何言ってるんですか！？";"";"00078480"
"1";"00072420";"フフフ";"";"00078488"
"1";"00072428";"えっ！！";"";"00078490"
"1";"00072440";"…何か複雑な事情がおありのようですね
これ以上はお聞きしませんわ";"";"00078498"
"1";"00072480";"白石さん　今日は久しぶりに外を歩いて
お疲れになったでしょう？";"";"000784A0"
"1";"000724C0";"詳しい検査は明日行いますから
今日はゆっくり休んでください";"";"000784A8"
"1";"00072500";"それでは私に付いて来てください
担当の看護婦に部屋まで案内させます";"";"000784B0"
"1";"00072548";"…あ、あの！";"";"000784B8"
"1";"00072560";"今日は付き添ってくださって
ありがとうございました";"";"000784C0"
"1";"000725A0";"当然のことをしたまでだよ";"";"000784C8"
"1";"000725C0";"デートしてるみたいで楽しかったよ";"";"000784D0"
"1";"000725F0";"いいよ　どうせついでだったんだから";"";"000784D8"
"1";"00072620";"もう　こんな面倒はコリゴリだね";"";"000784E0"
"1";"00072640";"どういたしまして　…ケガは大丈夫？";"";"000784E8"
"1";"00072670";"こっちこそ　けっこう楽しかったわよ";"";"000784F0"
"1";"000726A0";"いいわよ　どうせついでだったんだから";"";"000784F8"
"1";"000726D0";"ふう…　もう　こんな役目はご免だけどね";"";"00078500"
"1";"00072700";"当然のことをしたまでだよ
まだ体だって本調子じゃないんだろ？";"";"00078508"
"1";"00072740";"どういたしまして　…ケガは大丈夫？";"";"00078510"
"1";"00072770";"はい…　まだ少し…
ですから本当に助かりました";"";"00078518"
"1";"000727A0";"俺の方こそ　何だかデートしてるみたいで
楽しかったよ";"";"00078520"
"1";"000727E0";"こっちこそ　けっこう楽しかったわよ";"";"00078528"
"1";"00072810";"あ、ありがとうございます";"";"00078530"
"1";"00072830";"いいよ　どうせついでだったんだから";"";"00078538"
"1";"00072860";"どうせついでだったんだから
気にしなくていいわよ";"";"00078540"
"1";"00072890";"あ…　そうですか…";"";"00078548"
"1";"000728B0";"もう　こんな面倒はコリゴリだね";"";"00078550"
"1";"000728D0";"ふう…　もう　こんな役目はご免だけどね";"";"00078558"
"1";"00072900";"は、はい…　すみませんでした…";"";"00078560"
"1";"00072920";"今日はこれからどうするんですか？";"";"00078568"
"1";"00072950";"$ci交番$crで新しい部屋のことを聞いてみるよ";"";"00078570"
"1";"00072980";"パチンコでも打ちに行こうかな";"";"00078578"
"1";"000729A0";"健康的に公園でラジオ体操をするよ";"";"00078580"
"1";"000729D0";"一緒に入院しようかな";"";"00078588"
"1";"000729F0";"$ci交番$crで新しい部屋のことを聞いてみるわ";"";"00078590"
"1";"00072A20";"パチンコでも打ちに行こうかしら";"";"00078598"
"1";"00072A40";"健康的に公園でラジオ体操でもするわ";"";"000785A0"
"1";"00072A70";"私も一緒に入院してもいい？";"";"000785A8"
"1";"00072A90";"$ci交番$crで新しい部屋のことを聞いてみるよ
$ci部屋の鍵$crももらわないとな";"";"000785B0"
"1";"00072AE0";"パチンコでも打ちに行こうかな
早く店の雰囲気を掴んでおきたいしな";"";"000785B8"
"1";"00072B20";"せっかく早起きしたんだから
公園でラジオ体操でもしようかな";"";"000785C0"
"1";"00072B60";"俺も一緒に入院してもいいかな？";"";"000785C8"
"1";"00072B80";"$ci交番$crで新しい部屋のことを聞いてみるわ
$ci部屋の鍵$crももらわないとね";"";"000785D0"
"1";"00072BD0";"パチンコでも打ちに行こうかしら
早く店の雰囲気を掴んでおきたいしね";"";"000785D8"
"1";"00072C20";"せっかく早起きしたんだもの
公園でラジオ体操でもしようかしら";"";"000785E0"
"1";"00072C60";"私も一緒に入院してもいい？";"";"000785E8"
"1";"00072C80";"ダメですよ
すごく元気そうじゃないですか";"";"000785F0"
"1";"00072CB0";"紀子さん　そろそろ行きましょうか";"";"000785F8"
"1";"00072CD8";"それじゃあ…";"";"00078600"
"1";"00072CF0";"おい！　あんた！";"";"00078608"
"1";"00072D10";"あんた　この前公園で警察と一緒に
色々調べてたな";"";"00078610"
"1";"00072D40";"言っておくが　柳田は自殺なんて
するようなヤツじゃない";"";"00078618"
"1";"00072D80";"確かに最近のあいつは少し変だった…
でも自殺なんて考えるヤツじゃないんだ！";"";"00078620"
"1";"00072DD0";"何でそんなことが分かるんだ？";"";"00078628"
"1";"00072DF0";"おまえは誰だ？";"";"00078630"
"1";"00072E00";"実は俺もそう思っていたんだ";"";"00078638"
"1";"00072E20";"いいや、間違いなく自殺だね";"";"00078640"
"1";"00072E40";"どうしてそんなことが分かるの？";"";"00078648"
"1";"00072E60";"あなた　誰？";"";"00078650"
"1";"00072E70";"実は…　私もそう思っているの";"";"00078658"
"1";"00072E90";"ううん　間違いなく自殺よ";"";"00078660"
"1";"00072EB0";"何でそんなことが分かるんだ？";"";"00078668"
"1";"00072ED0";"おまえは誰だ？";"";"00078670"
"1";"00072EE0";"どうしてそんなことが分かるの？";"";"00078678"
"1";"00072F00";"あなた　誰？";"";"00078680"
"1";"00072F10";"俺はこの店で働いてる$ci黒崎 竜介$crってもんだ
柳田とは親友だった…";"";"00078688"
"1";"00072F60";"だから分かる　柳田はどんなことがあっても
絶対に自殺なんてするようなヤツじゃない！";"";"00078690"
"1";"00072FC0";"実は俺もそう思っていたんだ";"";"00078698"
"1";"00072FE0";"実は…　私もそう思っているの";"";"000786A0"
"1";"00073000";"やっぱりあんたもそう思ってたか！
俺の目に狂いはなかったみたいだな";"";"000786A8"
"1";"00073050";"いいや、間違いなく自殺だね";"";"000786B0"
"1";"00073070";"ううん　間違いなく自殺よ";"";"000786B8"
"1";"00073090";"違う！　あいつのことは
誰よりも俺がよく知ってる！";"";"000786C0"
"1";"000730D0";"あいつは誰かに殺されたんだ！
頼む！　あいつを殺した犯人を見つけてくれ！";"";"000786C8"
"1";"00073120";"分かった　犯人は俺が見つける";"";"000786D0"
"1";"00073140";"まずは調べてみないと…　話はそれからだ";"";"000786D8"
"1";"00073170";"そういうことは警察に言うんだな";"";"000786E0"
"1";"00073190";"分かった　犯人は私が見つけるわ";"";"000786E8"
"1";"000731B0";"まずは調べてみないと…　話はそれからよ";"";"000786F0"
"1";"000731E0";"そういうことは警察に言ったら？";"";"000786F8"
"1";"00073200";"分かった　柳田を殺した犯人は
俺が必ず見つけ出すよ";"";"00078700"
"1";"00073240";"分かったわ　柳田さんを殺した犯人は
私が見つけてあげる";"";"00078708"
"1";"00073280";"あ、ありがとよ！";"";"00078710"
"1";"000732A0";"まずは俺の方で色々調べてみたい
殺人かどうかはそれからの話だ";"";"00078718"
"1";"000732E0";"まずは色々調べてからね…
殺人かどうかはそれからの話だわ";"";"00078720"
"1";"00073320";"ああ　構わねえぜ　少し調べれば
あんたもすぐに自殺だなんて思わなくなるさ";"";"00078728"
"1";"00073370";"そういうことは警察に言うんだな";"";"00078730"
"1";"00073390";"そういうことなら警察に言ったら？";"";"00078738"
"1";"000733C0";"警察は…　ダメだ！　アテにならねえ…
あいつらはもう自殺だと決め込んじまってる";"";"00078740"
"1";"00073410";"柳田のことを調べてるってことは
あんたも自殺だとは思ってないんだろ？";"";"00078748"
"1";"00073460";"悪いが俺はもう仕事に戻らなきゃいけねえ
聞きたいことがあったらまた来てくれ";"";"00078750"
"1";"000734B0";"ちょっと顔貸してくれ
あんたに話があるんだ";"";"00078758"
"1";"000734E0";"しかし　おやじさん
一体どうしちゃったんでしょうね？";"";"00078760"
"1";"00073520";"女将さんに黙って店を空けるなんて
今まで無かったじゃないですか";"";"00078768"
"1";"00073560";"おやじさん　本当に何も言わずに
いなくなっちゃったんですか？";"";"00078770"
"1";"000735A0";"本当に何も聞いてないんだよ…
まさか何か変なことに巻き込まれたんじゃ…";"";"00078778"
"1";"000735F0";"大丈夫ですよ！
すぐに帰って来ますって";"";"00078780"
"1";"00073620";"…テツさんがいてくれてるおかげで
なんとか店は開けていられるけど…";"";"00078788"
"1";"00073670";"本当にどこに行っちまったんだろう？
無事だといいんだけど…";"";"00078790"
"1";"000736B0";"なあ　静香
今度はいつ会えるんだ？";"";"00078798"
"1";"000736E0";"さあ？　いつだろうねえ？";"";"000787A0"
"1";"00073700";"そんなツレないこと言うなって　なあ";"";"000787A8"
"1";"00073728";"あっ！";"";"000787B0"
"1";"00073730";"あっ！　あんたは寿司屋の大将！";"";"000787B8"
"1";"00073750";"あっ！　あんたは幼馴染のヨッちゃん！";"";"000787C0"
"1";"00073780";"あっ！　あんたはパチプロ権助！";"";"000787C8"
"1";"000737A0";"あっ！　あんたは…　誰だっけ？";"";"000787D0"
"1";"000737C0";"あっ！　あなた、寿司屋の大将！";"";"000787D8"
"1";"000737E0";"あっ！　あなたは叔父さんの遠い知り合い！";"";"000787E0"
"1";"00073810";"あっ！　あなたはパチプロ権助！";"";"000787E8"
"1";"00073830";"あっ！　あなた…　誰だっけ？";"";"000787F0"
"1";"00073850";"あっ！　あんたは寿司屋の大将！";"";"000787F8"
"1";"00073870";"あっ！　あんたは幼馴染のヨッちゃん！";"";"00078800"
"1";"000738A0";"あっ！　あんたはパチプロ権助！";"";"00078808"
"1";"000738C0";"あっ！　あんたは…　誰だっけ？";"";"00078810"
"1";"000738E0";"あっ！　あなた、寿司屋の大将！？";"";"00078818"
"1";"00073910";"あっ！
あなたは叔父さんの友達の親戚の…！";"";"00078820"
"1";"00073940";"あっ！　あなたはパチプロ権助！";"";"00078828"
"1";"00073960";"あっ！　あなた…　誰だっけ？";"";"00078830"
"1";"00073980";"あ、あんた！　誤解しねえでくれ！
俺たちは何もやましい関係じゃねえんだ！";"";"00078838"
"1";"000739D0";"俺たちはただの寿司屋と
そのお客さんってだけで…";"";"00078840"
"1";"00073A00";"ちょっと　あんた！
やめなよ　みっともない";"";"00078848"
"1";"00073A30";"し、静香…　だ、だけどよう…";"";"00078850"
"1";"00073A50";"同じ部屋からふたりで出てきて
ただのお客さんで通じる訳ないだろ？";"";"00078858"
"1";"00073A90";"通じる訳がないね";"";"00078860"
"1";"00073AB0";"えっ！　違うの？";"";"00078868"
"1";"00073AC8";"黙っている";"";"00078870"
"1";"00073AD8";"通じる訳ないわ";"";"00078878"
"1";"00073AF0";"もちろん通じる訳がないな";"";"00078880"
"1";"00073B10";"そうよ　通じるわけないわ";"";"00078888"
"1";"00073B30";"うっ…";"";"00078890"
"1";"00073B40";"えっ！　違うのか？";"";"00078898"
"1";"00073B60";"えっ！　違うの？";"";"000788A0"
"1";"00073B80";"あっ！　バ、バカ！
黙ってれば分かってなかったのに！";"";"000788A8"
"1";"00073BB8";"………";"";"000788B0"
"1";"00073BC0";"………";"";"000788B8"
"1";"00073BD0";"あたしはいいのよ　奥さんにバレたって
何も困りゃしないわ";"";"000788C0"
"1";"00073C10";"そ、そんなの　俺が困るに決まってんだろ？
ま、待ってろ　すぐに話を付けるからよ";"";"000788C8"
"1";"00073C60";"よっ、よう！
俺はそこの寿司屋をやってる$ci榎本$crってもんだ";"";"000788D0"
"1";"00073CA0";"今日のことを黙っててくれたら
ウチの店でタダで寿司を握ってやるよ";"";"000788D8"
"1";"00073CE0";"どうせ人に話しても
あんたには一文の得にもなりゃしねえ話だ";"";"000788E0"
"1";"00073D20";"どうだい？　いい話だろ？";"";"000788E8"
"1";"00073D40";"今日のことは秘密にすると約束する";"";"000788F0"
"1";"00073D70";"さらに口止め料を要求する";"";"000788F8"
"1";"00073D90";"何も答えない";"";"00078900"
"1";"00073DA0";"分かった　今日のことは
俺の胸の中にしまっておくよ";"";"00078908"
"1";"00073DE0";"分かったわ　今日のことは
内緒にしといてあげる";"";"00078910"
"1";"00073E10";"あ、ありがてえ　恩に着るよ";"";"00078918"
"1";"00073E30";"寿司だけで黙っていて欲しいなんて
俺も安く見られたもんだな";"";"00078920"
"1";"00073E70";"お寿司だけじゃなくて…
他に欲しいものがあるんだけどな…";"";"00078928"
"1";"00073EB0";"な、なら別に口止め料も払うからよ
頼むよ！";"";"00078930"
"1";"00073EE0";"だ、黙っていてくれるんだよな？
そ、そうなんだよな？";"";"00078938"
"1";"00073F18";"フン";"";"00078940"
"1";"00073F20";"そ、それじゃあ　頼んだよ
店にはいつ来てもらっても構わねえからよ";"";"00078948"
"1";"00073F60";"やあ　$puさん";"";"00078950"
"1";"00073F70";"柳田のことについて少し聞いて欲しいんだが…";"";"00078958"
"1";"00073FA0";"柳田さんのことで
少し聞いてもらいたい事が…";"";"00078960"
"1";"00073FD0";"ふむ？　なんでしょう？";"";"00078968"
"1";"00073FF0";"柳田は公園で発見される前日、
沙織という女と食事へ行く約束をしている";"";"00078970"
"1";"00074040";"柳田さんは公園で発見される前日に、
沙織という人と食事へ行く約束をしているわ";"";"00078978"
"1";"00074090";"自殺をするつもりなら
そんな約束はしないのでは…？";"";"00078980"
"1";"000740D0";"自殺をするつもりなら
そんな約束はしないのでは…？";"";"00078988"
"1";"00074110";"なるほど…　確かにそれは不自然ですね…";"";"00078990"
"1";"00074140";"柳田はパチンコのし過ぎで
金に困っていたフシがある";"";"00078998"
"1";"00074180";"柳田さんはパチンコのし過ぎで
お金に困っていたみたい";"";"000789A0"
"1";"000741C0";"金目的で殺人を犯したあと、
後悔して自殺をしたのでは…？";"";"000789A8"
"1";"00074200";"お金目的で殺人を犯したあと
後悔して自殺をしたのでは…？";"";"000789B0"
"1";"00074240";"ふむ…　やはり自殺の線は濃厚ですか…";"";"000789B8"
"1";"00074268";"おまわりさん！";"";"000789C0"
"1";"00074280";"うん？　どうしたんだい坊や";"";"000789C8"
"1";"000742A0";"ゆうちゃんが　銀玉を見つけたんだ！";"";"000789D0"
"1";"000742C8";"銀玉…？";"";"000789D8"
"1";"000742E0";"公園の、あの木の下で見つけたんだ！
やっぱり銀玉仮面のしわざだよ！";"";"000789E0"
"1";"00074328";"………！";"";"000789E8"
"1";"00074340";"…なるほど　分かりました";"";"000789F0"
"1";"00074360";"いいでしょう
$puさんのアリバイを認めましょう";"";"000789F8"
"1";"00074390";"一応電話会社に問い合わせておきます
まあ、念のためです　信用していますよ";"";"00078A00"
"1";"000743E0";"隣に住んでいた女性について聞く";"";"00078A08"
"1";"00074400";"被害者殺害時に逃げていった男について聞く";"";"00078A10"
"1";"00074430";"聞きたいことはない";"";"00078A18"
"1";"00074450";"あれから被害者について何か情報は…？";"";"00078A20"
"1";"00074480";"あれから被害者について何か情報は…？";"";"00078A28"
"1";"000744B0";"彼女は本名「$ci岬麗子$cr」　出玉町の高級クラブ
「$ci女豹$cr」のホステスでした";"";"00078A30"
"1";"00074500";"その店では「$ci静香$cr」という
源氏名を使っていたようです";"";"00078A38"
"1";"00074540";"ただ…　ここまでで捜査が行き詰まっています
彼女の年令や出身地を誰も知らないのです";"";"00078A40"
"1";"000745A0";"$puさんの方でも
何か情報を得たらお知らせください";"";"00078A48"
"1";"000745E0";"あの時逃げていった男については？";"";"00078A50"
"1";"00074610";"あの時逃げていった男については？";"";"00078A58"
"1";"00074640";"…早朝だったこともあって、
ほとんど目撃証言が集まっていません";"";"00078A60"
"1";"00074680";"ただ、ひとりだけ目撃者がいます
新聞配達の少年なんですが…";"";"00078A68"
"1";"000746C0";"海の湯の前から、大通りを$ci小太りの男$crが
北の方へ走っていくのを見たそうです";"";"00078A70"
"1";"00074710";"これが$puさんの見た男と
同一人物であるとは限りませんが…";"";"00078A78"
"1";"00074750";"重要参考人として行方を追っています";"";"00078A80"
"1";"00074780";"…良かったですね　疑いが晴れて…";"";"00078A88"
"1";"000747B0";"それじゃ私　お店に戻りますね";"";"00078A90"
"1";"000747D0";"…男性が首を吊って、木にぶらさがっている";"";"00078A98"
"1";"00074800";"この男性は…";"";"00078AA0"
"1";"00074810";"ああ！　$puさん！";"";"00078AA8"
"1";"00074830";"これは…　自殺…？ ";"";"00078AB0"
"1";"00074848";"やあ　おはよう";"";"00078AB8"
"1";"00074860";"おはよう　なんだかにぎやかね";"";"00078AC0"
"1";"00074880";"？　あなたは誰ですか？";"";"00078AC8"
"1";"000748A0";"これは…　自殺…？";"";"00078AD0"
"1";"000748C0";"これは…　自殺…？";"";"00078AD8"
"1";"000748D8";"やあ　おはよう";"";"00078AE0"
"1";"000748F0";"おはよう　なんだかにぎやかね";"";"00078AE8"
"1";"00074910";"のん気な…
大変ですよ　首吊り自殺です";"";"00078AF0"
"1";"00074940";"？　あなたは誰ですか？";"";"00078AF8"
"1";"00074958";"？　あなた誰？";"";"00078B00"
"1";"00074970";"パチパラ町交番の片山ですよ
パチンコ屋事件であなたを連行した…";"";"00078B08"
"1";"000749B0";"ひょっとして、まだ根に持ってるんですか？
もう疑ってませんから";"";"00078B10"
"1";"000749F0";"早く降ろしてあげたいんですが…
本庁から警部が見えるまでは…";"";"00078B18"
"1";"00074A30";"あっ　警部が来ましたよ";"";"00078B20"
"1";"00074A50";"$ci柳田 まさと$cr　この公園で行われていた
ラジオ体操の指導員だ";"";"00078B28"
"1";"00074A90";"$puさん
あなたに少し聞きたいのですが…";"";"00078B30"
"1";"00074AC0";"実は彼、あなたの部屋の隣りに
住んでいたんです";"";"00078B38"
"1";"00074AF0";"彼について何か知っていますか？
どんな細かいことでもいいんですが…";"";"00078B40"
"1";"00074B40";"いや　彼のことは知らない";"";"00078B48"
"1";"00074B60";"う〜ん…と考え込む";"";"00078B50"
"1";"00074B80";"いや、彼の事は知らないな…";"";"00078B58"
"1";"00074BA0";"ううん、彼の事は知らないわ";"";"00078B60"
"1";"00074BC0";"う〜ん…";"";"00078B68"
"1";"00074BD0";"う〜ん･･･";"";"00078B70"
"1";"00074BE0";"警部、やはり自殺なのでありますか？";"";"00078B78"
"1";"00074C10";"解剖をしてみないと分からんが…
その線は濃いだろうな";"";"00078B80"
"1";"00074C50";"聞き込みによると、ここ数日
何か思い詰めた様子だったそうだ";"";"00078B88"
"1";"00074C90";"今、彼のアパートを捜索している
何か出てくれば…";"";"00078B90"
"1";"00074CC0";"警部！";"";"00078B98"
"1";"00074CD0";"柳田の部屋から、
$ci血の付いたナイフ$crが見つかりました！";"";"00078BA0"
"1";"00074D10";"なにッ！？";"";"00078BA8"
"1";"00074D20";"…けっ警部、これは一体
どういうことでしょうか…？";"";"00078BB0"
"1";"00074D60";"…まだ分からん　とにかく、
鑑識に見てもらおう　片山君　ここは頼む";"";"00078BB8"
"1";"00074DA8";"ハッ！";"";"00078BC0"
"1";"00074DB0";"やあ、$puさん
鑑識の結果が出ましたよ";"";"00078BC8"
"1";"00074DE0";"ナイフに付いていた血は、
パチンコ屋の被害者と同じ物だったよ";"";"00078BD0"
"1";"00074E20";"捜査本部では、柳田さんが
「殺人を犯した自責の念から自殺した」…";"";"00078BD8"
"1";"00074E60";"…と見て間違いないという見解だそうです";"";"00078BE0"
"1";"00074E90";"あとは動機だな
なぜ彼は殺人を犯したのか…";"";"00078BE8"
"1";"00074EC0";"おじさん　おじさん";"";"00078BF0"
"1";"00074ED8";"うん？";"";"00078BF8"
"1";"00074EE0";"こんども、「ぎんだまかめん」が
はんにんなの？";"";"00078C00"
"1";"00074F10";"ぎんだま…　銀玉仮面？";"";"00078C08"
"1";"00074F30";"銀玉仮面って何だい？";"";"00078C10"
"1";"00074F50";"ねえぼく　銀玉仮面って何？";"";"00078C18"
"1";"00074F70";"今忙しいんだ　あっちへ行きな";"";"00078C20"
"1";"00074F90";"今忙しいの　ほら、あっち行って！";"";"00078C28"
"1";"00074FB8";"………";"";"00078C30"
"1";"00074FC0";"銀玉仮面って何だい？";"";"00078C38"
"1";"00074FE0";"ねえぼく　銀玉仮面って何？";"";"00078C40"
"1";"00075000";"今忙しいんだ　あっちへ行きな";"";"00078C48"
"1";"00075020";"今忙しいの　ほら、あっち行って！";"";"00078C50"
"1";"00075050";"まあまあ　坊や
銀玉仮面って　何だい？";"";"00078C58"
"1";"00075078";"………";"";"00078C60"
"1";"00075080";"「ぎんだまかめん」は
手にパチンコ玉を握らせるんだよ";"";"00078C68"
"1";"000750C0";"パチンコ玉…　ああそれで銀玉…";"";"00078C70"
"1";"000750E0";"みんな言ってるよ　ぱちんこ屋の事件は
「ぎんだまかめん」のしわざだって";"";"00078C78"
"1";"00075130";"ありがとう坊や　おじさんたちが
銀玉仮面を捕まえるからな";"";"00078C80"
"1";"00075170";"銀玉仮面…　恐ろしい奴だ…！";"";"00078C88"
"1";"00075190";"銀玉仮面…　なんて恐ろしい…！";"";"00078C90"
"1";"000751B0";"銀玉仮面なんて子供達のウワサ話だ";"";"00078C98"
"1";"000751E0";"銀玉仮面なんて、子供達のウワサ話でしょ";"";"00078CA0"
"1";"00075210";"柳田の手に銀玉は…？";"";"00078CA8"
"1";"00075230";"銀玉仮面…　恐ろしい奴だ…！";"";"00078CB0"
"1";"00075250";"銀玉仮面…　なんて恐ろしい…！";"";"00078CB8"
"1";"00075270";"…まあ　良くあるウワサ話ですね
気にしない方がいいですよ";"";"00078CC0"
"1";"000752B0";"銀玉仮面なんて
子供達のウワサ話じゃないか？";"";"00078CC8"
"1";"000752E0";"銀玉仮面なんて
子供達のウワサ話じゃない？";"";"00078CD0"
"1";"00075310";"そうでしょうね　パチンコ屋事件の報道に
尾ひれが付いてるみたいですね…";"";"00078CD8"
"1";"00075360";"柳田の手に銀玉は…？";"";"00078CE0"
"1";"00075380";"柳田さんの手に銀玉は…？";"";"00078CE8"
"1";"000753A0";"いや　無かった　遺体の所持品にも自宅にも
パチンコ玉は無かったよ";"";"00078CF0"
"1";"000753E0";"今日はこれで引き上げるよ　柳田さんに
ついて何か分かったら教えてください";"";"00078CF8"
"1";"00075428";"三上 孝夫";"";"00078D00"
"1";"00075438";"やあ　君か…";"";"00078D08"
"1";"00075448";"三上 孝夫";"";"00078D10"
"1";"00075460";"何か情報があったら頼むよ";"";"00078D18"
"1";"00075480";"三上 孝夫";"";"00078D20"
"1";"00075490";"柳田さんが首を吊っていた、足元の辺りに
パチンコ玉が埋まっていたようです";"";"00078D28"
"1";"000754D8";"三上 孝夫";"";"00078D30"
"1";"000754F0";"埋まっていたパチンコ玉は$ci４個$cr　ちなみに、
銀玉会館の被害者は$ci５個$cr握っていました";"";"00078D38"
"1";"00075550";"三上 孝夫";"";"00078D40"
"1";"00075560";"４個の銀玉…　部屋で見つかったナイフ…";"";"00078D48"
"1";"00075588";"三上 孝夫";"";"00078D50"
"1";"000755A0";"柳田さんが自殺ではなく、誰かに殺されたと
言う考えは正しいのかも知れませんね…";"";"00078D58"
"1";"000755F0";"三上 孝夫";"";"00078D60"
"1";"00075600";"あなたのアリバイを
証明できる人を連れてきてください";"";"00078D68"
"1";"00075638";"三上 孝夫";"";"00078D70"
"1";"00075650";"あなたが言う、「$ci謎の電話$cr」の相手なら…";"";"00078D78"
"1";"00075680";"三上 孝夫";"";"00078D80"
"1";"00075690";"やあ、あなたですか";"";"00078D88"
"1";"000756B0";"パチンコ屋殺人事件について聞く";"";"00078D90"
"1";"000756D0";"柳田の他殺疑惑について聞く";"";"00078D98"
"1";"000756F0";"静香殺害事件について聞く";"";"00078DA0"
"1";"00075710";"何も聞かない";"";"00078DA8"
"1";"00075720";"$p";"";"00078DB0"
"1";"00075730";"パチンコ屋殺人事件について、何か情報は？";"";"00078DB8"
"1";"00075760";"$p";"";"00078DC0"
"1";"00075770";"パチンコ屋殺人事件の
新しい情報はありませんか？";"";"00078DC8"
"1";"000757A0";"三上 孝夫";"";"00078DD0"
"1";"000757B0";"今のところ分かっているのは
被害者が「新川」という男だと言うこと…";"";"00078DD8"
"1";"000757F8";"三上 孝夫";"";"00078DE0"
"1";"00075810";"新川は刺殺され、その凶器が
柳田さんの部屋から見つかったこと…";"";"00078DE8"
"1";"00075850";"三上 孝夫";"";"00078DF0"
"1";"00075860";"新川は５個のパチンコ玉を
握って死んでいたこと…　くらいですか";"";"00078DF8"
"1";"000758A0";"$p";"";"00078E00"
"1";"000758B0";"柳田の他殺について、何か進展は？";"";"00078E08"
"1";"000758D8";"$p";"";"00078E10"
"1";"000758E0";"柳田さんの他殺について、
何か進展はありましたか？";"";"00078E18"
"1";"00075918";"三上 孝夫";"";"00078E20"
"1";"00075930";"最近分かった事ですが…";"";"00078E28"
"1";"00075948";"三上 孝夫";"";"00078E30"
"1";"00075960";"柳田さんの知人らの証言では、
彼は静香に言い寄られていたようです";"";"00078E38"
"1";"000759A0";"三上 孝夫";"";"00078E40"
"1";"000759B0";"彼の部屋からも、
静香の指紋が見つかっています";"";"00078E48"
"1";"000759E0";"三上 孝夫";"";"00078E50"
"1";"000759F0";"ただ…　柳田さんの方は
あまり乗り気ではなかったようです";"";"00078E58"
"1";"00075A28";"三上 孝夫";"";"00078E60"
"1";"00075A40";"近所づきあい程度の関係だったのでしょうな";"";"00078E68"
"1";"00075A70";"$p";"";"00078E70"
"1";"00075A80";"静香殺害事件で、何か分かったことは…？";"";"00078E78"
"1";"00075AA8";"三上 孝夫";"";"00078E80"
"1";"00075AC0";"実は…　静香も銀玉…
パチンコ玉を握っていました";"";"00078E88"
"1";"00075AF0";"三上 孝夫";"";"00078E90"
"1";"00075B00";"今度は$ci３個$cr…
静香が握っていたパチンコ玉は３個です";"";"00078E98"
"1";"00075B38";"三上 孝夫";"";"00078EA0"
"1";"00075B50";"これで５、４、３と、ひとつずつ
パチンコ玉が減っていることになります";"";"00078EA8"
"1";"00075BA0";"あっ$puさん
来てくれてありがとうございます";"";"00078EB0"
"1";"00075BD0";"あの…　$puさん…";"";"00078EB8"
"1";"00075BE8";"？";"";"00078EC0"
"1";"00075BF0";"うん？";"";"00078EC8"
"1";"00075C00";"実は…　お願いがあるんです……";"";"00078ED0"
"1";"00075C20";"お願い？　何でも言ってくれ";"";"00078ED8"
"1";"00075C40";"お願い？　とりあえず聞こうか";"";"00078EE0"
"1";"00075C60";"お願い？　あまり気が進まないな…";"";"00078EE8"
"1";"00075C90";"お願い？　おまえの願い事なんてご免だよ";"";"00078EF0"
"1";"00075CC0";"お願い？　何かしら";"";"00078EF8"
"1";"00075CE0";"お願い？　とりあえず言ってみて";"";"00078F00"
"1";"00075D00";"お願い？　あんまり気が進まないけど…";"";"00078F08"
"1";"00075D30";"お願い？　どうして私が
あなたのお願いを聞かなきゃならないの？";"";"00078F10"
"1";"00075D70";"お願い？　何でも言ってくれ";"";"00078F18"
"1";"00075D90";"お願い？　何かしら";"";"00078F20"
"1";"00075DB0";"は、はい　あのですね…";"";"00078F28"
"1";"00075DD0";"お願い？　とりあえず聞こうか";"";"00078F30"
"1";"00075DF0";"お願い？　とりあえず言ってみて";"";"00078F38"
"1";"00075E10";"お願い？　あまり気が進まないな…";"";"00078F40"
"1";"00075E40";"お願い？　あんまり気が進まないけど…";"";"00078F48"
"1";"00075E70";"すみません　とりあえず話だけでも…";"";"00078F50"
"1";"00075EA0";"お願い？　おまえの願い事なんてご免だよ";"";"00078F58"
"1";"00075ED0";"お願い？　どうして私が
あなたのお願いを聞かなきゃならないの？";"";"00078F60"
"1";"00075F10";"なんだぁ？　てめえ！　やるってのか！";"";"00078F68"
"1";"00075F38";"なにをっ！";"";"00078F70"
"1";"00075F50";"やめなさい！　こらっ　やめろっ！";"";"00078F78"
"1";"00075F80";"…あ、あの　$puさん";"";"00078F80"
"1";"00075FA0";"…すみません　今日はやめておきます
私が呼び出しておいて申し訳ないですけど…";"";"00078F88"
"1";"00075FF0";"おやすみなさい…";"";"00078F90"
