"block";"j_offset";"j_string";"e_string";"pointer"
"0";"00084380";"謎の早朝電話について聞く";"";"0008A3D0"
"0";"000843A0";"何も聞かない";"";"0008A3D8"
"0";"000843B0";"この間、朝早く俺に
電話をかけてこなかったか？";"";"0008A3E0"
"0";"000843E0";"ねえ、私の家に朝早く電話かけたことない？";"";"0008A3E8"
"0";"00084410";"えっ？　で、電話…ですか？";"";"0008A3F0"
"0";"00084430";"その時間に隣の部屋で殺人事件が起きて
俺はまた事件の容疑者になってるんだ";"";"0008A3F8"
"0";"00084480";"その時間に隣の部屋で殺人事件が起きて
私また事件の容疑者になってるのよ";"";"0008A400"
"0";"000844D0";"そうなんですか？";"";"0008A408"
"0";"000844F0";"電話をかけてきた相手が証言してくれれば
アリバイが証明できるらしいんだが…";"";"0008A410"
"0";"00084540";"電話をかけてきた相手が証言してくれれば
アリバイが証明できるらしいんだけど…";"";"0008A418"
"0";"00084590";"………………………………";"....................................";"0008A420"
"0";"000845B0";"あの…　私です…
…私がかけました";"";"0008A428"
"0";"000845E0";"本当か！　それじゃあ　さっそく証言してくれ！";"";"0008A430"
"0";"00084610";"君が…？　でもどうして？";"";"0008A438"
"0";"00084630";"本当？　じゃあ　さっそく証言してよ！";"";"0008A440"
"0";"00084660";"あなたが？　…何か用事でもあったの？";"";"0008A448"
"0";"00084690";"本当か！
それじゃあ　さっそく証言してくれ！";"";"0008A450"
"0";"000846C0";"本当？　じゃあ　さっそく証言してよ！";"";"0008A458"
"0";"000846F0";"あ…　は、はい…！";"";"0008A460"
"0";"00084710";"君が…？　でもどうして？";"";"0008A468"
"0";"00084730";"あなたが？　…何か用事でもあったの？";"";"0008A470"
"0";"00084760";"いえっ…　その…";"";"0008A478"
"0";"00084780";"ちょっと…
$puさんのことが気になって…";"";"0008A480"
"0";"000847B0";"ごめんなさい　朝早く…";"";"0008A488"
"0";"000847D0";"…それじゃあ　$ci大海町の交番$crにいる
刑事さんに話してきますね";"";"0008A490"
"0";"00084810";"白石 紀子";"";"0008A498"
"0";"00084820";"おはようございます
$pさん";"";"0008A4A0"
"0";"00084840";"白石 紀子";"";"0008A4A8"
"0";"00084850";"こんにちは　$pさん";"";"0008A4B0"
"0";"00084868";"白石 紀子";"";"0008A4B8"
"0";"00084880";"こんばんは　$pさん";"";"0008A4C0"
"0";"00084898";"白石 紀子";"";"0008A4C8"
"0";"000848B0";"口紅　ありがとうございました";"";"0008A4D0"
"0";"000848D0";"白石 紀子";"";"0008A4D8"
"0";"000848E0";"おかげ様で、これからはもう
不幸そうだなんて言われなくて済みそうです";"";"0008A4E0"
"0";"00084928";"白石 紀子";"";"0008A4E8"
"0";"00084940";"私には似合わなかったけど…
すごく嬉しかったです";"";"0008A4F0"
"0";"00084970";"（ん？）";"";"0008A4F8"
"0";"00084980";"（あら？）";"";"0008A500"
"0";"00084990";"（何だ？）";"";"0008A508"
"0";"000849A0";"（何かしら？）";"";"0008A510"
"0";"000849B0";"白石 紀子の命は預かった
彼女を助けたければ…";"";"0008A518"
"0";"000849E0";"出玉町の第１埠頭まで、一人で来い
　　　　　　　　　　　　　銀玉仮面";"";"0008A520"
"0";"00084A30";"紀子が心配だ　助けに行く！";"";"0008A528"
"0";"00084A50";"銀玉仮面の正体を暴きに行く！";"";"0008A530"
"0";"00084A70";"ヒマだし、することがないので埠頭に行く";"";"0008A538"
"0";"00084AA0";"紀子が心配よ　助けに行く！";"";"0008A540"
"0";"00084AC0";"紀子…　待ってろ
必ず助けるからな！";"";"0008A548"
"0";"00084AF0";"銀玉仮面め…
今度こそその正体を暴いてやる！";"";"0008A550"
"0";"00084B20";"…まあヒマだし、
第１埠頭まで行ってみるかな…";"";"0008A558"
"0";"00084B50";"紀子ちゃん…　必ず助けるからね！";"";"0008A560"
"0";"00084B80";"銀玉仮面…
今度こそその正体を暴いてやるわ！";"";"0008A568"
"0";"00084BB0";"…まあヒマだし
第１埠頭まで行ってみようかな…";"";"0008A570"
"0";"00084BE0";"あっ　$puさん！
おはようございます";"";"0008A578"
"0";"00084C10";"あっ　$puさん！
こんにちは";"";"0008A580"
"0";"00084C30";"あっ　$puさん！
こんばんは";"";"0008A588"
"0";"00084C50";"…そうだ、$puさん
今度の金曜日、盆踊りに行きませんか？";"";"0008A590"
"0";"00084C90";"…そうだ、$puさん
明日の夜に、盆踊りに行きませんか？";"";"0008A598"
"0";"00084CC8";"いいね　行こう";"";"0008A5A0"
"0";"00084CE0";"いや　やめておく";"";"0008A5A8"
"0";"00084CF8";"いいね　行こう";"";"0008A5B0"
"0";"00084D10";"それじゃあ、明日の夜に公園で
待ってますね";"";"0008A5B8"
"0";"00084D40";"それじゃあ、金曜日の夜に公園で
待ってますね";"";"0008A5C0"
"0";"00084D70";"いや　やめておくよ";"";"0008A5C8"
"0";"00084D90";"そう…　ですか…
分かりました";"";"0008A5D0"
"0";"00084DB0";"白石 紀子";"";"0008A5D8"
"0";"00084DC0";"$puさん
おはようございます";"";"0008A5E0"
"0";"00084DE0";"白石 紀子";"";"0008A5E8"
"0";"00084DF0";"$puさん
こんにちは";"";"0008A5F0"
"0";"00084E08";"白石 紀子";"";"0008A5F8"
"0";"00084E20";"$puさん
こんばんは";"";"0008A600"
"0";"00084E38";"白石 紀子";"";"0008A608"
"0";"00084E50";"今度の金曜日、盆踊りに行きませんか？";"";"0008A610"
"0";"00084E78";"白石 紀子";"";"0008A618"
"0";"00084E90";"明日の夜、盆踊りに行きませんか？";"";"0008A620"
"0";"00084EB8";"いいね　行こう";"";"0008A628"
"0";"00084ED0";"いや　やめておく";"";"0008A630"
"0";"00084EE8";"$p";"";"0008A638"
"0";"00084EF0";"いいね　行こう";"";"0008A640"
"0";"00084F00";"白石 紀子";"";"0008A648"
"0";"00084F10";"それじゃあ、今日の夜に公園で
待ってますね";"";"0008A650"
"0";"00084F40";"白石 紀子";"";"0008A658"
"0";"00084F50";"それじゃあ、明日の夜に公園で
待ってますね";"";"0008A660"
"0";"00084F80";"白石 紀子";"";"0008A668"
"0";"00084F90";"それじゃあ、金曜日の夜に公園で
待ってますね";"";"0008A670"
"0";"00084FC0";"$p";"";"0008A678"
"0";"00084FD0";"いや　やめておくよ";"";"0008A680"
"0";"00084FE8";"白石 紀子";"";"0008A688"
"0";"00085000";"そう…　ですか…
分かりました";"";"0008A690"
"0";"00085020";"白石 紀子";"";"0008A698"
"0";"00085030";"あっ　$puさん…";"";"0008A6A0"
"0";"00085040";"白石 紀子";"";"0008A6A8"
"0";"00085050";"この前の約束の日は…　すみませんでした
私、どうしても待ち合わせに行けなくて…";"";"0008A6B0"
"0";"000850A0";"白石 紀子";"";"0008A6B8"
"0";"000850B0";"ずっと待たせちゃったんでしょうね…";"";"0008A6C0"
"0";"000850D8";"白石 紀子";"";"0008A6C8"
"0";"000850F0";"今度こそ、ちゃんと行きますから
一緒に盆踊りに行きませんか？";"";"0008A6D0"
"0";"00085130";"今度こそ　ちゃんと来てくれよ";"";"0008A6D8"
"0";"00085150";"もう紀子と待ち合わせるのは懲り懲りだよ";"";"0008A6E0"
"0";"00085180";"いらっしゃいませ";"Welcome";"0008A6E8"
"0";"000851A0";"あの、$puさん
ちょっと聞いていいですか？";"";"0008A6F0"
"0";"000851D0";"私…この間お客さんに
「幸薄そう」って言われたんです";"";"0008A6F8"
"0";"00085210";"私って…　そんなに不幸そうに見えますか？";"";"0008A700"
"0";"00085240";"見るからに不幸そうだ";"";"0008A708"
"0";"00085260";"どちらかと言えば不幸そうだ";"";"0008A710"
"0";"00085280";"俺は不幸そうだとは思わない";"";"0008A718"
"0";"000852A0";"見るからに不幸そうだ";"";"0008A720"
"0";"000852C0";"えっ！？　そうなんですか？";"";"0008A728"
"0";"000852E0";"どちらかと言えば不幸そうだ";"";"0008A730"
"0";"00085300";"やっぱり…　そうなんですね…";"";"0008A738"
"0";"00085320";"俺は不幸そうだとは思わない";"";"0008A740"
"0";"00085340";"そうですか？　うん…　でも…";"";"0008A748"
"0";"00085360";"でも、私の何かが不幸そうに
見せてるんですよね…";"";"0008A750"
"0";"00085390";"たぶんそれは…";"";"0008A758"
"0";"000853A0";"顔色だ";"";"0008A760"
"0";"000853A8";"境遇だ";"";"0008A768"
"0";"000853B0";"しゃべり方だ";"";"0008A770"
"0";"000853C0";"顔色じゃないかな？";"";"0008A778"
"0";"000853E0";"あぁ、それはそうですね";"";"0008A780"
"0";"00085400";"じゃあ　お化粧とかすれば
不幸そうに見られなくなるかも…？";"";"0008A788"
"0";"00085440";"その境遇が原因だな";"";"0008A790"
"0";"00085460";"確かに自分でもそう思いますけど、
これは変えようがありませんし…";"";"0008A798"
"0";"000854A0";"そのしゃべり方が原因じゃないかな";"";"0008A7A0"
"0";"000854D0";"えっ　私の話し方、不幸そうですか？";"";"0008A7A8"
"0";"00085500";"でも、急に話し方を変えたら
気味悪がられませんかね…？";"";"0008A7B0"
"0";"00085540";"（そうだな、化粧でもすれば
だいぶ印象が変わるだろうな…）";"";"0008A7B8"
"0";"00085580";"はいこれ
使ってみなよ";"";"0008A7C0"
"0";"000855A0";"なんですか…？
あ！　口紅…！";"";"0008A7C8"
"0";"000855C0";"え…　でも、そんな…　悪いですよ";"";"0008A7D0"
"0";"000855F0";"いいから、つけてみな";"";"0008A7D8"
"0";"00085610";"不幸そうに見えなくなるかもよ？";"";"0008A7E0"
"0";"00085630";"いいから、つけてみな";"";"0008A7E8"
"0";"00085648";"……じゃあ…";"";"0008A7F0"
"0";"00085660";"不幸そうに見えなくなるかもよ？";"";"0008A7F8"
"0";"00085680";"…そうですか？　じゃあ…";"";"0008A800"
"0";"000856A0";"…どうですか？";"";"0008A808"
"0";"000856B0";"すごく似合ってる";"";"0008A810"
"0";"000856D0";"不幸そうには見えないよ";"";"0008A818"
"0";"000856F0";"違う色の方が良かったかな…";"";"0008A820"
"0";"00085710";"ああ　すごく似合ってる";"";"0008A828"
"0";"00085730";"ほんとですか？　へえ…
…ちょっと鏡で見てきますね";"";"0008A830"
"0";"00085770";"おっ？　不幸そうには見えないよ";"";"0008A838"
"0";"00085790";"そうですか？　ちょっと鏡で見てきます";"";"0008A840"
"0";"000857C0";"う〜ん…　違う色の方が良かったかな…";"";"0008A848"
"0";"000857F0";"ええっ！？
ちょ、ちょっと落としてきます！";"";"0008A850"
"0";"00085820";"白石 紀子";"";"0008A858"
"0";"00085830";"私…この間お客さんに
「幸薄そう」って言われたんです";"";"0008A860"
"0";"00085868";"白石 紀子";"";"0008A868"
"0";"00085880";"私って…　そんなに不幸そうに
見えるんでしょうか…";"";"0008A870"
"0";"000858B8";"$p";"";"0008A878"
"0";"000858C0";"（化粧でもすれば
だいぶ印象が変わるだろうな…）";"";"0008A880"
"0";"000858F0";"$ci口紅$crを渡しますか？";"";"0008A888"
"0";"00085910";"何色の口紅を渡しますか？";"";"0008A890"
"0";"00085930";"レッド";"Red";"0008A898"
"0";"00085938";"オレンジ";"Orange";"0008A8A0"
"0";"00085948";"ピンク";"Pink";"0008A8A8"
"0";"00085950";"ブラウン";"Brown";"0008A8B0"
"0";"00085960";"パープル";"Purple";"0008A8B8"
"0";"00085970";"やっぱり渡さない";"I'm not giving it to you after all.";"0008A8C0"
"0";"00085988";"ん？　誰だ？";"Huh? Who's there?";"0008A8C8"
"0";"000859A0";"あの、$puさん
口紅の事で…";"";"0008A8D0"
"0";"000859C0";"あの口紅、すごく高価なんですってね
店長に見せたら、びっくりしてました";"";"0008A8D8"
"0";"00085A10";"$puさんには、本当に色々お世話に
なってて、すごく感謝してるんですけど…";"";"0008A8E0"
"0";"00085A60";"でも、どうして、
ここまで親切にしてくれるんですか？";"";"0008A8E8"
"0";"00085AA0";"たしかに、事件に巻き込まれたり
記憶を無くしたり、大変ですけど…";"";"0008A8F0"
"0";"00085AE0";"私、大丈夫です　もっと自分で
頑張って、解決しますから…";"";"0008A8F8"
"0";"00085B20";"それとも…
そんなに頼りなさそうに見えますか…？";"";"0008A900"
"0";"00085B50";"君のことが好きだから放っておけなかった";"";"0008A908"
"0";"00085B80";"確かに、親切にしすぎたかもしれない";"";"0008A910"
"0";"00085BB0";"別に深い意味はなかったんだが…";"";"0008A918"
"0";"00085BD0";"親切にしてやったのにその言い草はなんだ！";"";"0008A920"
"0";"00085C00";"それは…　君のことが好きだから、
放っておけなかったんだ";"";"0008A928"
"0";"00085C38";"えっ…？";"";"0008A930"
"0";"00085C50";"迷惑だったかな…";"";"0008A938"
"0";"00085C68";"えっ…　その…";"";"0008A940"
"0";"00085C80";"君が好きなんだ　ずっと一緒にいたい";"";"0008A948"
"0";"00085CB0";"迷惑なら　俺は身を引くよ";"";"0008A950"
"0";"00085CD0";"君が好きなんだ　ずっと一緒にいたい";"";"0008A958"
"0";"00085D00";"それは…　本気で言ってるんですか…？";"";"0008A960"
"0";"00085D28";"本気だ";"";"0008A968"
"0";"00085D30";"冗談だ";"";"0008A970"
"0";"00085D38";"本気だ";"";"0008A978"
"0";"00085D40";"……";"......";"0008A980"
"0";"00085D50";"はい、嬉しいです
$puさんが良ければ…";"";"0008A988"
"0";"00085D78";"ありがとう";"";"0008A990"
"0";"00085D88";"…冗談だ";"";"0008A998"
"0";"00085DA0";"えっ！？　な、なんですか！　もうっ！";"";"0008A9A0"
"0";"00085DD0";"か、帰ります…！";"";"0008A9A8"
"0";"00085DF0";"迷惑なら　俺は身を引くよ";"";"0008A9B0"
"0";"00085E10";"いや、あの…！
は、はい…　すみません…";"";"0008A9B8"
"0";"00085E40";"確かに、親切にしすぎたかもしれないな";"";"0008A9C0"
"0";"00085E70";"別に深い意味はなかったんだが…";"";"0008A9C8"
"0";"00085E90";"親切にしてやったのにその言い草はなんだ！";"";"0008A9D0"
"0";"00085EC0";"すみません　せっかく親切にして
もらったのにこんな事言って…";"";"0008A9D8"
"0";"00085F00";"それじゃあ　帰ります
失礼しました";"";"0008A9E0"
"0";"00085F28";"白石 紀子";"";"0008A9E8"
"0";"00085F40";"いらっしゃいませ…";"";"0008A9F0"
"0";"00085F58";"白石 紀子";"";"0008A9F8"
"0";"00085F68";"あ、$puさん";"";"0008AA00"
"0";"00085F78";"白石 紀子";"";"0008AA08"
"0";"00085F90";"今、彼女と一緒に住んでいるそうですね…";"";"0008AA10"
"0";"00085FC0";"はいこれ　プレゼント";"";"0008AA18"
"0";"00085FE0";"えっ　いいんですか？
ありがとうございます！";"";"0008AA20"
"0";"00086010";"わぁ　かわいいパジャマですね！";"";"0008AA28"
"0";"00086030";"似合いますか？";"";"0008AA30"
"0";"00086040";"わっ…！　これ、ネグリジェ…　ですね";"";"0008AA38"
"0";"00086070";"こういうの初めて着ます…
似合ってますか？";"";"0008AA40"
"0";"000860A0";"あっ　水着！
私、こう見えて泳ぐのは得意なんですよ";"";"0008AA48"
"0";"000860E0";"今度暇な時に、一緒に海に行きましょうね";"";"0008AA50"
"0";"00086108";"白石 紀子";"";"0008AA58"
"0";"00086118";"あ、$puさん";"";"0008AA60"
"0";"00086128";"白石 紀子";"";"0008AA68"
"0";"00086140";"来てくれたんですか？";"";"0008AA70"
"0";"00086160";"よかった　元気そうだな";"";"0008AA78"
"0";"00086180";"なんだ　元気そうだな　がっかりだよ";"";"0008AA80"
"0";"000861A8";"具合はどう？";"";"0008AA88"
"0";"000861B8";"$p";"";"0008AA90"
"0";"000861C0";"よかった　元気そうだな";"";"0008AA98"
"0";"000861D8";"白石 紀子";"";"0008AAA0"
"0";"000861F0";"はい　傷の方はもう大丈夫です";"";"0008AAA8"
"0";"00086210";"$p";"";"0008AAB0"
"0";"00086220";"なんだ　元気そうだな　がっかりだよ";"";"0008AAB8"
"0";"00086248";"白石 紀子";"";"0008AAC0"
"0";"00086260";"えっ…　す、すみません…";"";"0008AAC8"
"0";"00086280";"$p";"";"0008AAD0"
"0";"00086288";"具合はどう？";"";"0008AAD8"
"0";"00086298";"白石 紀子";"";"0008AAE0"
"0";"000862B0";"傷の方はもう大丈夫です";"";"0008AAE8"
"0";"000862C8";"白石 紀子";"";"0008AAF0"
"0";"000862E0";"記憶の方は　まだ思い出せなくて…";"";"0008AAF8"
"0";"00086308";"白石 紀子";"";"0008AB00"
"0";"00086320";"脳は異常ないらしいですけど、先生には
あせらない様にって言われてます";"";"0008AB08"
"0";"00086368";"白石 紀子";"";"0008AB10"
"0";"00086380";"…そうだ、この町の公園で
週末に盆踊りをやってるらしいですね";"";"0008AB18"
"0";"000863C0";"白石 紀子";"";"0008AB20"
"0";"000863D0";"盆踊りは…　行ったことがあるような
気もするんですけど…";"";"0008AB28"
"0";"00086408";"$p";"";"0008AB30"
"0";"00086410";"（盆踊りの記憶がかすかにあるようだ…）";"";"0008AB38"
"0";"00086438";"$p";"";"0008AB40"
"0";"00086440";"（盆踊りを連想する物を見せれば
　記憶が戻るかもしれないな…）";"";"0008AB48"
"0";"00086480";"$ciお面$crを渡しますか？";"";"0008AB50"
"0";"000864A0";"渡す";"";"0008AB58"
"0";"000864A8";"渡さない";"";"0008AB60"
"0";"000864C0";"なんですか？　これ…";"";"0008AB68"
"0";"000864E0";"お面だよ　盆踊りの屋台で売ってたんだ";"";"0008AB70"
"0";"00086510";"盆踊りの…？　あっ　そういえば…！";"";"0008AB78"
"0";"00086540";"お面の屋台って　あの、いろんなお面が
ならんでいる、あれですよね！？";"";"0008AB80"
"0";"00086590";"ありがとうございます！　$puさん
少し、思い出せたような気がします…！";"";"0008AB88"
"0";"000865E0";"どのお面を渡しますか？";"";"0008AB90"
"0";"000865F8";"ヒーロー";"";"0008AB98"
"0";"00086608";"魔女っ子";"";"0008ABA0"
"0";"00086620";"$ci浴衣$crを見せますか？";"";"0008ABA8"
"0";"00086640";"$ci金魚$crを渡しますか？";"";"0008ABB0"
"0";"00086660";"$ci金魚鉢$crを渡しますか？";"";"0008ABB8"
"0";"00086680";"白石 紀子";"";"0008ABC0"
"0";"00086690";"なんですか？　これ…";"";"0008ABC8"
"0";"000866A8";"$p";"";"0008ABD0"
"0";"000866B0";"浴衣だよ　盆踊りに着ていくんだ";"";"0008ABD8"
"0";"000866D0";"$p";"";"0008ABE0"
"0";"000866E0";"金魚だよ　盆踊りの屋台で売ってたんだ";"";"0008ABE8"
"0";"00086708";"$p";"";"0008ABF0"
"0";"00086710";"金魚鉢だよ　盆踊りの屋台で売ってたんだ";"";"0008ABF8"
"0";"00086738";"白石 紀子";"";"0008AC00"
"0";"00086750";"盆踊りの…？　あっ　そういえば…！";"";"0008AC08"
"0";"00086778";"白石 紀子";"";"0008AC10"
"0";"00086790";"盆踊りには、みんな浴衣を着て
出かけるんですよね！？";"";"0008AC18"
"0";"000867C8";"白石 紀子";"";"0008AC20"
"0";"000867E0";"盆踊りには金魚すくいがあるんですよね！？
私もしたことあるような気がします";"";"0008AC28"
"0";"00086830";"白石 紀子";"";"0008AC30"
"0";"00086840";"ありがとうございます！　$puさん
少し、思い出せたような気がします…！";"";"0008AC38"
"0";"00086888";"見せる";"";"0008AC40"
"0";"00086890";"見せない";"";"0008AC48"
"0";"000868A0";"白石 紀子";"";"0008AC50"
"0";"000868B0";"おかげで少し思い出せたような気がします
ありがとうございました";"";"0008AC58"
"0";"000868F0";"あっ　$puさん";"";"0008AC60"
"0";"00086900";"どうですか？　この浴衣";"";"0008AC68"
"0";"00086920";"店長から借りたんですけど…";"";"0008AC70"
"0";"00086940";"うん　よく似合ってる";"";"0008AC78"
"0";"00086960";"まあ…　似合ってるんじゃない？";"";"0008AC80"
"0";"00086980";"ちょっと…　似合ってないな…";"";"0008AC88"
"0";"000869A0";"全然似合ってないね";"";"0008AC90"
"0";"000869C0";"似合ってるよ　幽霊みたいだ";"";"0008AC98"
"0";"000869E0";"うん　よく似合ってる";"";"0008ACA0"
"0";"00086A00";"ほんとですか？
…ちょっと照れますね";"";"0008ACA8"
"0";"00086A30";"まあ…　似合ってるんじゃない？";"";"0008ACB0"
"0";"00086A50";"そうですか？　よかった";"";"0008ACB8"
"0";"00086A70";"ちょっと…　似合ってないな…";"";"0008ACC0"
"0";"00086A90";"そうですか…";"";"0008ACC8"
"0";"00086AA0";"全然似合ってないね";"";"0008ACD0"
"0";"00086AC0";"ええっ…
そんな、はっきり言わなくても…";"";"0008ACD8"
"0";"00086AF0";"似合ってるよ　幽霊みたいだ";"";"0008ACE0"
"0";"00086B10";"ええっ！？　そんな、ひどいですよ";"";"0008ACE8"
"0";"00086B40";"それじゃあ　色々見て回りましょうか";"";"0008ACF0"
"0";"00086B70";"あの、$puさん…";"";"0008ACF8"
"0";"00086B80";"あまり、物騒な事件に関わらない方が
いいと思うんですけど…";"";"0008AD00"
"0";"00086BC0";"やっぱり、警察の方が慣れてるし…";"";"0008AD08"
"0";"00086BF0";"…えっと　その…　心配ですし…";"";"0008AD10"
"0";"00086C10";"ありがとう　でも捜査はやめない";"";"0008AD18"
"0";"00086C30";"ありがとう　少し考えてみるよ";"";"0008AD20"
"0";"00086C50";"これは俺の問題だ　捜査はやめない";"";"0008AD28"
"0";"00086C80";"これは俺の問題だ　放っておいてくれ";"";"0008AD30"
"0";"00086CB0";"ありがとう
でも捜査をやめるつもりはないな";"";"0008AD38"
"0";"00086CE0";"…そうですか……";"";"0008AD40"
"0";"00086D00";"ありがとう　少し考えてみるよ";"";"0008AD48"
"0";"00086D20";"何かあってからじゃあ、遅いですからね";"";"0008AD50"
"0";"00086D50";"これは俺の問題だ　捜査はやめない";"";"0008AD58"
"0";"00086D80";"そうですか　…分かりました";"";"0008AD60"
"0";"00086DA0";"これは俺の問題だ　放っておいてくれ";"";"0008AD68"
"0";"00086DD0";"そ、そうですか……";"";"0008AD70"
"0";"00086DF0";"今日はありがとうございました
来てくれて嬉しかったです";"";"0008AD78"
"0";"00086E30";"…お祭りっていいですね
いろんな人がいて、にぎやかで…";"";"0008AD80"
"0";"00086E70";"あの時はいろんな事があって
毎日大変だったけど…";"";"0008AD88"
"0";"00086EA0";"お祭りは、今年と同じように
これからもずっと続いていくんでしょうね…";"";"0008AD90"
"0";"00086EF0";"今日は、付き合ってくれて
ありがとうございました";"";"0008AD98"
"0";"00086F20";"それじゃあ　おやすみなさい";"";"0008ADA0"
"0";"00086F40";"白石 紀子";"";"0008ADA8"
"0";"00086F50";"わあ！　すごいですね！
こんなにお面がたくさん！";"";"0008ADB0"
"0";"00086F80";"白石 紀子";"";"0008ADB8"
"0";"00086F90";"こんなにたくさんあると
目移りして、なかなか決められないですね";"";"0008ADC0"
"0";"00086FD0";"ヒーローのお面がいいよ";"";"0008ADC8"
"0";"00086FF0";"魔女っ子のお面がいいよ";"";"0008ADD0"
"0";"00087010";"お面で紀子の顔が見えなくなるのは嫌だな";"";"0008ADD8"
"0";"00087038";"白石 紀子";"";"0008ADE0"
"0";"00087050";"ふふっ
私もそう思ってたんですよ";"";"0008ADE8"
"0";"00087070";"白石 紀子";"";"0008ADF0"
"0";"00087080";"そ、そうですか？
あ、ありがとうございます…";"";"0008ADF8"
"0";"000870B0";"白石 紀子";"";"0008AE00"
"0";"000870C0";"つ、次のお店に行きましょうか…";"";"0008AE08"
"0";"000870E0";"白石 紀子";"";"0008AE10"
"0";"000870F0";"ありがとうございます
大事にしますね";"";"0008AE18"
"0";"00087118";"白石 紀子";"";"0008AE20"
"0";"00087130";"$puさん　以前、私が入院してるときに
お面を持って来てくれましたよね";"";"0008AE28"
"0";"00087180";"紀子に似合うと思ったんだ";"";"0008AE30"
"0";"000871A0";"記憶が戻る役には立てなかったな…";"";"0008AE38"
"0";"000871D0";"そんなことあったっけ？";"";"0008AE40"
"0";"000871E8";"白石 紀子";"";"0008AE48"
"0";"00087200";"ありがとうございます
あのお面、今も部屋に飾ってます";"";"0008AE50"
"0";"00087238";"白石 紀子";"";"0008AE58"
"0";"00087250";"そんなことないです
すごく役に立ちましたよ";"";"0008AE60"
"0";"00087280";"白石 紀子";"";"0008AE68"
"0";"00087290";"もう忘れちゃいましたか？
でも、私ははっきり覚えてますよ";"";"0008AE70"
"0";"000872C8";"白石 紀子";"";"0008AE78"
"0";"000872E0";"だって、記憶は戻らなかったですけど
新しい思い出ができたんですから";"";"0008AE80"
"0";"00087328";"白石 紀子";"";"0008AE88"
"0";"00087340";"ちょっと、お腹がすきましたね
何か食べましょうか";"";"0008AE90"
"0";"00087370";"俺もお腹が減ったな";"";"0008AE98"
"0";"00087388";"俺はまだ大丈夫";"";"0008AEA0"
"0";"00087398";"白石 紀子";"";"0008AEA8"
"0";"000873B0";"そうですか？
じゃあもうちょっと見て行きましょうか";"";"0008AEB0"
"0";"000873E8";"白石 紀子";"";"0008AEB8"
"0";"00087400";"私に…　ですか？";"";"0008AEC0"
"0";"00087420";"もう少しお面を見ていく";"";"0008AEC8"
"0";"00087440";"それよりも腹が減った";"";"0008AED0"
"0";"00087458";"白石 紀子";"";"0008AED8"
"0";"00087470";"フフッ　そうですか？
じゃあどこか食べ物屋さんに行きましょう";"";"0008AEE0"
"0";"000874B0";"白石 紀子";"";"0008AEE8"
"0";"000874C0";"わあ！　りんご飴ですよ！
美味しそうですね";"";"0008AEF0"
"0";"000874F0";"りんご飴を買ってあげる";"";"0008AEF8"
"0";"00087510";"それよりもカキ氷が食べたい";"";"0008AF00"
"0";"00087530";"白石 紀子";"";"0008AF08"
"0";"00087540";"あら？　$puさん
お財布忘れてきちゃたんですか？";"";"0008AF10"
"0";"00087570";"白石 紀子";"";"0008AF18"
"0";"00087580";"心配しないでください　私が払いますよ";"";"0008AF20"
"0";"000875A8";"白石 紀子";"";"0008AF28"
"0";"000875C0";"大きなりんご！
ひとりじゃ食べきれないですよ";"";"0008AF30"
"0";"000875F0";"白石 紀子";"";"0008AF38"
"0";"00087600";"ふたりで半分こにしましょうね";"";"0008AF40"
"0";"00087620";"白石 紀子";"";"0008AF48"
"0";"00087630";"そうですか？
それじゃあカキ氷屋さんに行きましょうか";"";"0008AF50"
"0";"00087668";"白石 紀子";"";"0008AF58"
"0";"00087680";"こうやってお店を見て歩くだけでも
お祭りって楽しいですよね";"";"0008AF60"
"0";"000876C0";"白石 紀子";"";"0008AF68"
"0";"000876D0";"あ！　カキ氷屋さんですよ
冷たくて美味しそう";"";"0008AF70"
"0";"00087700";"白石 紀子";"";"0008AF78"
"0";"00087710";"そう言えば
今年はまだ一度も食べてないな…";"";"0008AF80"
"0";"00087740";"かき氷を買ってあげる";"";"0008AF88"
"0";"00087760";"それより早く休みたい";"";"0008AF90"
"0";"00087778";"白石 紀子";"";"0008AF98"
"0";"00087790";"え？　買ってくれるんですか？
ありがとうございます";"";"0008AFA0"
"0";"000877C8";"白石 紀子";"";"0008AFA8"
"0";"000877E0";"たくさん見て回りましたね
ちょっと休みましょうか";"";"0008AFB0"
"0";"00087810";"白石 紀子";"";"0008AFB8"
"0";"00087820";"…今日はずいぶん歩き回りましたからね
ちょっと休みましょうか";"";"0008AFC0"
"0";"00087860";"$p";"";"0008AFC8"
"0";"00087868";"紀子と…";"";"0008AFD0"
"0";"00087878";"俺って";"";"0008AFD8"
"0";"00087880";"片山って";"";"0008AFE0"
"0";"00087890";"ゆきって";"";"0008AFE8"
"0";"000878A0";"綾って";"";"0008AFF0"
"0";"000878A8";"お似合いだよな";"";"0008AFF8"
"0";"000878B8";"似てるよな";"";"0008B000"
"0";"000878C8";"相性悪いよな";"";"0008B008"
"0";"000878D8";"$p";"";"0008B010"
"0";"000878E0";"紀子と　俺って…";"";"0008B018"
"0";"000878F8";"$p";"";"0008B020"
"0";"00087900";"紀子と　片山って…";"";"0008B028"
"0";"00087918";"$p";"";"0008B030"
"0";"00087920";"紀子と　ゆきって…";"";"0008B038"
"0";"00087938";"$p";"";"0008B040"
"0";"00087940";"紀子と　俺って　お似合いだよな";"";"0008B048"
"0";"00087960";"$p";"";"0008B050"
"0";"00087970";"紀子と　片山って　お似合いだよな";"";"0008B058"
"0";"00087998";"$p";"";"0008B060"
"0";"000879A0";"紀子と　ゆきって　お似合いだよな";"";"0008B068"
"0";"000879C8";"$p";"";"0008B070"
"0";"000879D0";"紀子と　俺って　似てるよな";"";"0008B078"
"0";"000879F0";"$p";"";"0008B080"
"0";"00087A00";"紀子と　片山って　似てるよな";"";"0008B088"
"0";"00087A20";"$p";"";"0008B090"
"0";"00087A30";"紀子と　ゆきって　似てるよな";"";"0008B098"
"0";"00087A50";"$p";"";"0008B0A0"
"0";"00087A60";"紀子と　俺って　相性悪いよな";"";"0008B0A8"
"0";"00087A80";"$p";"";"0008B0B0"
"0";"00087A90";"紀子と　片山って　相性悪いよな";"";"0008B0B8"
"0";"00087AB0";"$p";"";"0008B0C0"
"0";"00087AC0";"紀子と　ゆきって　相性悪いよな";"";"0008B0C8"
"0";"00087AE0";"白石 紀子";"";"0008B0D0"
"0";"00087AF0";"えっ！？
は、はいっ！";"";"0008B0D8"
"0";"00087B08";"白石 紀子";"";"0008B0E0"
"0";"00087B20";"そうですか？
何だか正反対な気がしますけど…";"";"0008B0E8"
"0";"00087B50";"白石 紀子";"";"0008B0F0"
"0";"00087B60";"だって、$puさんたら時々私に
ひどいこと言うじゃないですか";"";"0008B0F8"
"0";"00087BA0";"白石 紀子";"";"0008B100"
"0";"00087BB0";"確かに抜けてるところは
似てるかも知れませんね";"";"0008B108"
"0";"00087BE0";"白石 紀子";"";"0008B110"
"0";"00087BF0";"そうですね　性格が全然違うから
逆に気が合うかも知れませんね";"";"0008B118"
"0";"00087C30";"$p";"";"0008B120"
"0";"00087C40";"紀子と　綾って…";"";"0008B128"
"0";"00087C58";"$p";"";"0008B130"
"0";"00087C60";"紀子と　綾って　お似合いだよな";"";"0008B138"
"0";"00087C80";"$p";"";"0008B140"
"0";"00087C90";"紀子と　綾って　似てるよな";"";"0008B148"
"0";"00087CB0";"$p";"";"0008B150"
"0";"00087CC0";"紀子と　綾って　相性悪いよな";"";"0008B158"
"0";"00087CE0";"白石 紀子";"";"0008B160"
"0";"00087CF0";"はい　綾さんみたいな落ち着いた人だと
私も何だか安心して話せます";"";"0008B168"
"0";"00087D30";"白石 紀子";"";"0008B170"
"0";"00087D40";"そんなことないですよ
綾さんて大人の女性じゃないですか";"";"0008B178"
"0";"00087D78";"白石 紀子";"";"0008B180"
"0";"00087D90";"私、全然そうじゃないから
綾さんにすごく憧れてるんですよ";"";"0008B188"
"0";"00087DC8";"白石 紀子";"";"0008B190"
"0";"00087DD8";"そんな…";"";"0008B198"
"0";"00087DE8";"白石 紀子";"";"0008B1A0"
"0";"00087E00";"きゅ、急に変なこと言わないでください…
ふたりが見てるじゃないですか…";"";"0008B1A8"
"0";"00087E48";"白石 紀子";"";"0008B1B0"
"0";"00087E60";"はい　確かにそうかも知れませんね";"";"0008B1B8"
"0";"00087E88";"白石 紀子";"";"0008B1C0"
"0";"00087EA0";"何だか私に意地悪するのが
楽しくて仕方ないように見えます";"";"0008B1C8"
"0";"00087ED8";"白石 紀子";"";"0008B1D0"
"0";"00087EF0";"えっ！？
か、からかわないでください！";"";"0008B1D8"
"0";"00087F18";"片山 昭吾";"";"0008B1E0"
"0";"00087F28";"ゴ、ゴホン！";"";"0008B1E8"
"0";"00087F38";"白石 紀子";"";"0008B1F0"
"0";"00087F50";"ほ、ほら
片山さんも困ってるじゃないですか";"";"0008B1F8"
"0";"00087F80";"片山 昭吾";"";"0008B200"
"0";"00087F90";"の、紀子さん
そ、それはどういう意味でありますか！？";"";"0008B208"
"0";"00087FC8";"白石 紀子";"";"0008B210"
"0";"00087FE0";"ふふっ　そういうところですよ";"";"0008B218"
"0";"00088000";"片山 昭吾";"";"0008B220"
"0";"00088010";"そっ、そんなことはないであります！！";"";"0008B228"
"0";"00088038";"白石 紀子";"";"0008B230"
"0";"00088048";"…だそうです";"";"0008B238"
"0";"00088058";"彼女C";"";"0008B240"
"0";"00088060";"ふふっ　ありがとう";"";"0008B248"
"0";"00088078";"彼女C";"";"0008B250"
"0";"00088080";"ありがとう
でも、なんだか照れるわ";"";"0008B258"
"0";"000880A8";"彼女C";"";"0008B260"
"0";"000880B0";"あら？　そんなことないわよ
私たち結構気が合いそうよね？";"";"0008B268"
"0";"000880E8";"白石 紀子";"";"0008B270"
"0";"00088100";"はい！　そうですよ
変なこと言わないでください";"";"0008B278"
"0";"00088130";"美沢 ゆき";"";"0008B280"
"0";"00088140";"え〜　そう？
ゆきと白石さん　似てると思うけどな〜";"";"0008B288"
"0";"00088178";"美沢 ゆき";"";"0008B290"
"0";"00088190";"落ち着いてて　美人で
はかなげなところとかさ〜";"";"0008B298"
"0";"000881C0";"白石 紀子";"";"0008B2A0"
"0";"000881D0";"ふふっ　そうですね";"";"0008B2A8"
"0";"000881E8";"美沢 ゆき";"";"0008B2B0"
"0";"00088200";"えっ　そうですか？
むしろ正反対な気が…";"";"0008B2B8"
"0";"00088228";"美沢 ゆき";"";"0008B2C0"
"0";"00088240";"え〜　何で〜？
ゆきと白石さん　似てると思うけどな〜";"";"0008B2C8"
"0";"00088278";"白石 紀子";"";"0008B2D0"
"0";"00088288";"えっ…";"";"0008B2D8"
"0";"00088290";"美沢 ゆき";"";"0008B2E0"
"0";"000882A0";"全然　悪くないよ！
$puさん　何言ってるの！？";"";"0008B2E8"
"0";"000882D0";"美沢 ゆき";"";"0008B2F0"
"0";"000882E0";"ゆきと白石さん
こんなに仲良しなのにね〜";"";"0008B2F8"
"0";"00088308";"白石 紀子";"";"0008B300"
"0";"00088318";"ね、ね〜……";"";"0008B308"
"0";"00088328";"$p";"";"0008B310"
"0";"00088330";"紀子の…";"";"0008B318"
"0";"00088340";"顔は";"";"0008B320"
"0";"00088348";"性格は";"";"0008B328"
"0";"00088350";"仕事は";"";"0008B330"
"0";"00088358";"いいよな";"";"0008B338"
"0";"00088368";"好きだな";"";"0008B340"
"0";"00088378";"変だよな";"";"0008B348"
"0";"00088388";"キツイよな";"";"0008B350"
"0";"00088398";"嫌いだな";"";"0008B358"
"0";"000883A8";"$p";"";"0008B360"
"0";"000883B0";"紀子の　顔は…";"";"0008B368"
"0";"000883C0";"$p";"";"0008B370"
"0";"000883D0";"紀子の　性格は…";"";"0008B378"
"0";"000883E8";"$p";"";"0008B380"
"0";"000883F0";"紀子の　仕事は…";"";"0008B388"
"0";"00088408";"$p";"";"0008B390"
"0";"00088410";"紀子の　顔は　いいよな";"";"0008B398"
"0";"00088428";"$p";"";"0008B3A0"
"0";"00088430";"紀子の　性格は　いいよな";"";"0008B3A8"
"0";"00088450";"$p";"";"0008B3B0"
"0";"00088460";"紀子の　仕事は　いいよな";"";"0008B3B8"
"0";"00088480";"$p";"";"0008B3C0"
"0";"00088490";"紀子の　顔は　変だよな";"";"0008B3C8"
"0";"000884A8";"$p";"";"0008B3D0"
"0";"000884B0";"紀子の　性格は　変だよな";"";"0008B3D8"
"0";"000884D0";"$p";"";"0008B3E0"
"0";"000884E0";"紀子の　仕事は　変だよな";"";"0008B3E8"
"0";"00088500";"$p";"";"0008B3F0"
"0";"00088510";"紀子の　顔は　好きだな";"";"0008B3F8"
"0";"00088528";"$p";"";"0008B400"
"0";"00088530";"紀子の　性格は　好きだな";"";"0008B408"
"0";"00088550";"$p";"";"0008B410"
"0";"00088560";"紀子の　仕事は　好きだな";"";"0008B418"
"0";"00088580";"$p";"";"0008B420"
"0";"00088590";"紀子の　顔は　キツイよな";"";"0008B428"
"0";"000885B0";"$p";"";"0008B430"
"0";"000885C0";"紀子の　性格は　キツイよな";"";"0008B438"
"0";"000885E0";"$p";"";"0008B440"
"0";"000885F0";"紀子の　仕事は　キツイよな";"";"0008B448"
"0";"00088610";"$p";"";"0008B450"
"0";"00088620";"紀子の　顔は　嫌いだな";"";"0008B458"
"0";"00088638";"$p";"";"0008B460"
"0";"00088640";"紀子の　性格は　嫌いだな";"";"0008B468"
"0";"00088660";"$p";"";"0008B470"
"0";"00088670";"紀子の　仕事は　嫌いだな";"";"0008B478"
"0";"00088690";"白石 紀子";"";"0008B480"
"0";"000886A0";"あ、ありがとうございます
…うれしいです";"";"0008B488"
"0";"000886C8";"白石 紀子";"";"0008B490"
"0";"000886E0";"えっ！　私、そんな変な顔してますか？
ショックです…";"";"0008B498"
"0";"00088718";"白石 紀子";"";"0008B4A0"
"0";"00088730";"えっ！　私、そんなキツイ顔してますか？
ショックです…";"";"0008B4A8"
"0";"00088768";"白石 紀子";"";"0008B4B0"
"0";"00088780";"あ、ありがとうございます
…嬉しいです";"";"0008B4B8"
"0";"000887A8";"白石 紀子";"";"0008B4C0"
"0";"000887C0";"ひ、ひどいです！
そこまで言わなくても良いじゃないですか！";"";"0008B4C8"
"0";"00088800";"白石 紀子";"";"0008B4D0"
"0";"00088810";"そう言ってもらえると嬉しいです";"";"0008B4D8"
"0";"00088830";"白石 紀子";"";"0008B4E0"
"0";"00088840";"へ、変じゃありませんよ！";"";"0008B4E8"
"0";"00088860";"白石 紀子";"";"0008B4F0"
"0";"00088870";"そうですか？
初めて言われました…";"";"0008B4F8"
"0";"00088898";"白石 紀子";"";"0008B500"
"0";"000888B0";"あ、ありがとうございます
…嬉しいです";"";"0008B508"
"0";"000888D8";"白石 紀子";"";"0008B510"
"0";"000888F0";"す、すみません…";"";"0008B518"
"0";"00088908";"白石 紀子";"";"0008B520"
"0";"00088920";"ふふっ
ずっとパチンコに囲まれてますからね";"";"0008B528"
"0";"00088950";"白石 紀子";"";"0008B530"
"0";"00088960";"そんなことありませんよ
ちゃんとしたお仕事です";"";"0008B538"
"0";"00088990";"白石 紀子";"";"0008B540"
"0";"000889A0";"そうですね
でも、やりがいがあって楽しいですよ";"";"0008B548"
"0";"000889D0";"白石 紀子";"";"0008B550"
"0";"000889E0";"ふふっ
ずっとパチンコに囲まれてますからね";"";"0008B558"
"0";"00088A10";"白石 紀子";"";"0008B560"
"0";"00088A20";"そうですか…
でも私は今の仕事好きですよ";"";"0008B568"
"0";"00088A48";"$p";"";"0008B570"
"0";"00088A50";"紀子は…";"";"0008B578"
"0";"00088A60";"いつ";"";"0008B580"
"0";"00088A68";"どこで";"";"0008B588"
"0";"00088A70";"どうやって";"";"0008B590"
"0";"00088A80";"何のために";"";"0008B598"
"0";"00088A90";"遊んでるんだ？";"";"0008B5A0"
"0";"00088AA0";"働いてるんだ？";"";"0008B5A8"
"0";"00088AB0";"生まれたんだ？";"";"0008B5B0"
"0";"00088AC0";"$p";"";"0008B5B8"
"0";"00088AC8";"紀子は　いつ…";"";"0008B5C0"
"0";"00088AD8";"$p";"";"0008B5C8"
"0";"00088AE0";"紀子は　どこで…";"";"0008B5D0"
"0";"00088AF8";"$p";"";"0008B5D8"
"0";"00088B00";"紀子は　どうやって…";"";"0008B5E0"
"0";"00088B18";"$p";"";"0008B5E8"
"0";"00088B20";"紀子は　いつ　遊んでるんだ？";"";"0008B5F0"
"0";"00088B40";"$p";"";"0008B5F8"
"0";"00088B50";"紀子は　どこで　遊んでるんだ？";"";"0008B600"
"0";"00088B70";"$p";"";"0008B608"
"0";"00088B80";"紀子は　どうやって　遊んでるんだ？";"";"0008B610"
"0";"00088BA8";"$p";"";"0008B618"
"0";"00088BB0";"紀子は　何のために　遊んでるんだ？";"";"0008B620"
"0";"00088BD8";"$p";"";"0008B628"
"0";"00088BE0";"紀子は　いつ　働いてるんだ？";"";"0008B630"
"0";"00088C00";"$p";"";"0008B638"
"0";"00088C10";"紀子は　どこで　働いてるんだ？";"";"0008B640"
"0";"00088C30";"$p";"";"0008B648"
"0";"00088C40";"紀子は　どうやって　働いてるんだ？";"";"0008B650"
"0";"00088C68";"$p";"";"0008B658"
"0";"00088C70";"紀子は　何のために　働いてるんだ？";"";"0008B660"
"0";"00088C98";"$p";"";"0008B668"
"0";"00088CA0";"紀子は　いつ　生まれたんだ？";"";"0008B670"
"0";"00088CC0";"$p";"";"0008B678"
"0";"00088CD0";"紀子は　どこで　生まれたんだ？";"";"0008B680"
"0";"00088CF0";"$p";"";"0008B688"
"0";"00088D00";"紀子は　どうやって　生まれたんだ？";"";"0008B690"
"0";"00088D28";"$p";"";"0008B698"
"0";"00088D30";"紀子は　何のために　生まれたんだ？";"";"0008B6A0"
"0";"00088D58";"白石 紀子";"";"0008B6A8"
"0";"00088D70";"仕事が休みの日に遊んでますね";"";"0008B6B0"
"0";"00088D90";"白石 紀子";"";"0008B6B8"
"0";"00088DA0";"お休みの日は特に決まってなくて
お店の様子を見ながら休ませてもらってます";"";"0008B6C0"
"0";"00088DE8";"白石 紀子";"";"0008B6C8"
"0";"00088E00";"ごめんなさい
覚えてないんです…";"";"0008B6D0"
"0";"00088E20";"白石 紀子";"";"0008B6D8"
"0";"00088E30";"あまり、どこかに遊びに行ったりはしないで
ウチで遊びますね";"";"0008B6E0"
"0";"00088E70";"白石 紀子";"";"0008B6E8"
"0";"00088E80";"銀玉会館で働かせてもらってるって
前に言いませんでしたっけ？";"";"0008B6F0"
"0";"00088EC0";"白石 紀子";"";"0008B6F8"
"0";"00088ED0";"ごめんなさい
覚えてないんです…";"";"0008B700"
"0";"00088EF0";"白石 紀子";"";"0008B708"
"0";"00088F00";"あまり外に出て遊んだりはしないです
家の中でノンビリ過ごすのが好きなんです";"";"0008B710"
"0";"00088F50";"白石 紀子";"";"0008B718"
"0";"00088F60";"景品の交換をしたり、フロアの掃除をしたり
結構忙しいんですよ";"";"0008B720"
"0";"00088FA0";"白石 紀子";"";"0008B728"
"0";"00088FB0";"ご、ごめんなさい
覚えてないんです";"";"0008B730"
"0";"00088FD8";"白石 紀子";"";"0008B738"
"0";"00088FF0";"えっ！？
…楽しいからじゃダメですか？";"";"0008B740"
"0";"00089018";"白石 紀子";"";"0008B748"
"0";"00089030";"生活のためですけど…
いけませんか？";"";"0008B750"
"0";"00089058";"白石 紀子";"";"0008B758"
"0";"00089070";"えっ！？
…そんなの考えたこともないです";"";"0008B760"
"0";"00089098";"白石 紀子";"";"0008B768"
"0";"000890B0";"私の退院祝いだなんて…
すごく嬉しいです　ありがとうございます";"";"0008B770"
"0";"000890F0";"入院中の様子を聞く";"";"0008B778"
"0";"00089108";"料理を勧める";"";"0008B780"
"0";"00089120";"今日の言いだしっぺは片山だと教える";"";"0008B788"
"0";"00089150";"この１年間のことを聞く";"";"0008B790"
"0";"00089170";"紀子の目をじっと見つめる";"";"0008B798"
"0";"00089190";"紀子に自分の思いをぶつける";"";"0008B7A0"
"0";"000891B0";"$p";"";"0008B7A8"
"0";"000891C0";"入院中の生活はどうだったんだ？";"";"0008B7B0"
"0";"000891E0";"白石 紀子";"";"0008B7B8"
"0";"000891F0";"そうですね
最初はすごく不安でした…";"";"0008B7C0"
"0";"00089218";"白石 紀子";"";"0008B7C8"
"0";"00089230";"でも、加納先生がすごく良くしてくれ
すぐに生活に慣れることができました";"";"0008B7D0"
"0";"00089278";"白石 紀子";"";"0008B7D8"
"0";"00089290";"先生は医師としての当然の務めだって
言ってましたけど…";"";"0008B7E0"
"0";"000892C8";"白石 紀子";"";"0008B7E8"
"0";"000892E0";"でも、患者さんひとりひとりに
すごく親身になって接してるんですよ";"";"0008B7F0"
"0";"00089320";"白石 紀子";"";"0008B7F8"
"0";"00089330";"仕事だからって、あんな風には
なかなかできないと思うんです";"";"0008B800"
"0";"00089370";"白石 紀子";"";"0008B808"
"0";"00089380";"私、加納先生に担当してもらえて
本当に良かったです";"";"0008B810"
"0";"000893B8";"白石 紀子";"";"0008B818"
"0";"000893D0";"$puさんもお見舞いに来てくれて
本当にありがとうございました";"";"0008B820"
"0";"00089410";"白石 紀子";"";"0008B828"
"0";"00089420";"あの頃は本当に心細かったから…
すごく嬉しかったんですよ";"";"0008B830"
"0";"00089458";"$p";"";"0008B838"
"0";"00089460";"ホラホラ　病みあがりなんだから
たくさん食べて、体力をつけないと";"";"0008B840"
"0";"000894A0";"白石 紀子";"";"0008B848"
"0";"000894B0";"ふふ　$puさん
何だか、お母さんみたいですね";"";"0008B850"
"0";"000894E0";"白石 紀子";"";"0008B858"
"0";"000894F0";"これでも今日はいつもより
たくさん食べてるんですよ";"";"0008B860"
"0";"00089528";"白石 紀子";"";"0008B868"
"0";"00089540";"私、どうも食が細いみたいで…
先生からも貧血気味だって言われたんです";"";"0008B870"
"0";"00089588";"$p";"";"0008B878"
"0";"00089590";"今回の集まりは
片山がやろうって言い出したことなんだ";"";"0008B880"
"0";"000895C8";"白石 紀子";"";"0008B888"
"0";"000895E0";"えっ　そうだったんですか？";"";"0008B890"
"0";"00089600";"白石 紀子";"";"0008B898"
"0";"00089610";"片山さん　ありがとうございます";"";"0008B8A0"
"0";"00089630";"片山 昭吾";"";"0008B8A8"
"0";"00089640";"あ、あはは　てっ、照れるであります
本官は当然のことをしたまでであります";"";"0008B8B0"
"0";"00089688";"片山 昭吾";"";"0008B8B8"
"0";"000896A0";"記憶を失い、知り合いすらいない環境で
紀子さんはさぞ大変だと思います";"";"0008B8C0"
"0";"000896E8";"片山 昭吾";"";"0008B8C8"
"0";"00089700";"ですが、われわれはいつでも紀子さんの
力になると知っておいて欲しいであります";"";"0008B8D0"
"0";"00089750";"白石 紀子";"";"0008B8D8"
"0";"00089760";"嬉しいです…
ありがとうございます…";"";"0008B8E0"
"0";"00089790";"（ふたりが良いムードになってしまった…）";"";"0008B8E8"
"0";"000897C0";"$p";"";"0008B8F0"
"0";"000897C8";"（紀子……）";"";"0008B8F8"
"0";"000897D8";"白石 紀子";"";"0008B900"
"0";"000897F0";"ど、どうしたんですか？
急に黙って…";"";"0008B908"
"0";"00089818";"白石 紀子";"";"0008B910"
"0";"00089830";"や、やだ　酔っちゃったのかな？
なんだか顔が熱い…";"";"0008B918"
"0";"00089868";"白石 紀子";"";"0008B920"
"0";"00089880";"ほ、ほら　食べないと
お造りなくなっちゃいますよ";"";"0008B928"
"0";"000898B0";"白石 紀子";"";"0008B930"
"0";"000898C0";"お、お肉が焼けてますね
早く食べないと焦げちゃいますよ…";"";"0008B938"
"0";"000898F8";"$p";"";"0008B940"
"0";"00089900";"この１年間、どうしてたんだ？";"";"0008B948"
"0";"00089920";"白石 紀子";"";"0008B950"
"0";"00089930";"この１年間は大学に通ってました
私の元の生活に戻ってたんです";"";"0008B958"
"0";"00089970";"白石 紀子";"";"0008B960"
"0";"00089980";"だけど、父のこと…　この町のこと…
色んなことがずっと心に引っかかってて…";"";"0008B968"
"0";"000899D0";"白石 紀子";"";"0008B970"
"0";"000899E0";"自分の気持ちを確かめたくて…
それでまたこの町に来てみることにしたんです";"";"0008B978"
"0";"00089A28";"白石 紀子";"";"0008B980"
"0";"00089A40";"こうやって、大勢で囲んで食べる食事って
すごく美味しく感じますよね";"";"0008B988"
"0";"00089A88";"白石 紀子";"";"0008B990"
"0";"00089AA0";"いいお天気ですね";"";"0008B998"
"0";"00089AB8";"白石 紀子";"";"0008B9A0"
"0";"00089AD0";"きれいな町ですね";"";"0008B9A8"
"0";"00089AE8";"白石 紀子";"";"0008B9B0"
"0";"00089B00";"パチパラ町とは、全然雰囲気が違いますね";"";"0008B9B8"
"0";"00089B28";"白石 紀子";"";"0008B9C0"
"0";"00089B40";"公園に人が集まってますね";"";"0008B9C8"
"0";"00089B60";"白石 紀子";"";"0008B9D0"
"0";"00089B70";"何をされているんでしょうか…";"";"0008B9D8"
"0";"00089B90";"白石 紀子";"";"0008B9E0"
"0";"00089BA0";"病院までもう少しですね";"";"0008B9E8"
"0";"00089BB8";"白石 紀子";"";"0008B9F0"
"0";"00089BD0";"銀玉仮面は何のために私なんて
誘拐したんでしょうか…";"";"0008B9F8"
"0";"00089C08";"白石 紀子";"";"0008BA00"
"0";"00089C20";"今日の夜、公園で待ってますから…
話はそこで…";"";"0008BA08"
"0";"00089C50";"白石 紀子";"";"0008BA10"
"0";"00089C60";"明日の夜、公園で待ってますから…
話はそこで…";"";"0008BA18"
"0";"00089C90";"白石 紀子";"";"0008BA20"
"0";"00089CA0";"金曜日の夜、公園で待ってますから…
話はそこで…";"";"0008BA28"
"0";"00089CD0";"白石 紀子";"";"0008BA30"
"0";"00089CE0";"盆踊りに行ってみたいんですけど
最近は忙しくて…";"";"0008BA38"
"0";"00089D10";"白石 紀子";"";"0008BA40"
"0";"00089D20";"以前に行った時は
楽しむ暇もありませんでしたから…";"";"0008BA48"
"0";"00089D58";"白石 紀子";"";"0008BA50"
"0";"00089D70";"もし行けることになったら
また改めてお誘いさせてください";"";"0008BA58"
"0";"00089DA8";"白石 紀子";"";"0008BA60"
"0";"00089DC0";"おはようございます　$plさん";"";"0008BA68"
"0";"00089DE0";"白石 紀子";"";"0008BA70"
"0";"00089DF0";"おかえりなさい　$plさん";"";"0008BA78"
"0";"00089E08";"白石 紀子";"";"0008BA80"
"0";"00089E20";"$plさん　楽しいですね";"";"0008BA88"
"0";"00089E38";"白石 紀子";"";"0008BA90"
"0";"00089E50";"今日もいい天気ですよ";"";"0008BA98"
"0";"00089E68";"白石 紀子";"";"0008BAA0"
"0";"00089E80";"今日も暑くなりそうですね";"";"0008BAA8"
"0";"00089EA0";"白石 紀子";"";"0008BAB0"
"0";"00089EB0";"今日は大海公園で盆踊りがありますよ";"";"0008BAB8"
"0";"00089ED8";"白石 紀子";"";"0008BAC0"
"0";"00089EF0";"今日はパチンコ、どうでした？";"";"0008BAC8"
"0";"00089F10";"ばっちり";"";"0008BAD0"
"0";"00089F20";"まあまあ";"";"0008BAD8"
"0";"00089F30";"まったくダメ";"";"0008BAE0"
"0";"00089F40";"$p";"";"0008BAE8"
"0";"00089F50";"ばっちりだったよ";"";"0008BAF0"
"0";"00089F68";"白石 紀子";"";"0008BAF8"
"0";"00089F80";"そうですか！　よかったですね！";"";"0008BB00"
"0";"00089FA0";"$p";"";"0008BB08"
"0";"00089FB0";"まあまあだったな";"";"0008BB10"
"0";"00089FC8";"白石 紀子";"";"0008BB18"
"0";"00089FE0";"そうですか
明日はたくさん出るといいですね";"";"0008BB20"
"0";"0008A010";"$p";"";"0008BB28"
"0";"0008A020";"全くダメだったよ";"";"0008BB30"
"0";"0008A038";"白石 紀子";"";"0008BB38"
"0";"0008A050";"そうですか…　大丈夫！
明日はたくさん出ますよ！";"";"0008BB40"
"0";"0008A080";"（じっと紀子を見つめてみた…）";"";"0008BB48"
"0";"0008A0A0";"白石 紀子";"";"0008BB50"
"0";"0008A0B0";"…？　どうかしました？";"";"0008BB58"
"0";"0008A0C8";"$p";"";"0008BB60"
"0";"0008A0D0";"紀子…";"";"0008BB68"
"0";"0008A0E0";"紀子…　なんてかわいいんだ…！";"";"0008BB70"
"0";"0008A100";"紀子…　俺は幸せだ…！";"";"0008BB78"
"0";"0008A120";"紀子…　金を貸してくれ…！";"";"0008BB80"
"0";"0008A140";"…いや、なんでもない";"";"0008BB88"
"0";"0008A158";"$p";"";"0008BB90"
"0";"0008A160";"紀子…　なんてかわいいんだ…！";"";"0008BB98"
"0";"0008A180";"白石 紀子";"";"0008BBA0"
"0";"0008A190";"な、なんですか　急に…";"";"0008BBA8"
"0";"0008A1A8";"白石 紀子";"";"0008BBB0"
"0";"0008A1C0";"…でも、うれしいです…";"";"0008BBB8"
"0";"0008A1D8";"$p";"";"0008BBC0"
"0";"0008A1E0";"紀子…　俺は幸せだ…！";"";"0008BBC8"
"0";"0008A1F8";"白石 紀子";"";"0008BBD0"
"0";"0008A208";"$plさん…";"";"0008BBD8"
"0";"0008A218";"白石 紀子";"";"0008BBE0"
"0";"0008A230";"私も…　幸せです";"";"0008BBE8"
"0";"0008A248";"$p";"";"0008BBF0"
"0";"0008A250";"紀子…　金を貸してくれ…！";"";"0008BBF8"
"0";"0008A270";"白石 紀子";"";"0008BC00"
"0";"0008A280";"えっ…　…しょうがないですね…";"";"0008BC08"
"0";"0008A2A0";"白石 紀子";"";"0008BC10"
"0";"0008A2B0";"ムダ遣いしないでくださいね";"";"0008BC18"
"0";"0008A2D0";"$p";"";"0008BC20"
"0";"0008A2E0";"…いや、なんでもない";"";"0008BC28"
"0";"0008A2F8";"白石 紀子";"";"0008BC30"
"0";"0008A310";"？　そうですか…";"";"0008BC38"
"0";"0008A328";"白石 紀子";"";"0008BC40"
"0";"0008A340";"さっきあげたでしょう？
もうだめですよ";"";"0008BC48"
"0";"0008A368";"白石 紀子";"";"0008BC50"
"0";"0008A380";"明日も晴れるといいですね…";"";"0008BC58"
"0";"0008A3A0";"白石 紀子";"";"0008BC60"
"0";"0008A3B0";"明日も暑くなりそうですね…";"";"0008BC68"
"1";"0008C1A8";"美沢 ゆき";"";"00091CD8"
"1";"0008C1C0";"いらっしゃいませ〜";"";"00091CE0"
"1";"0008C1D8";"美沢 ゆき";"";"00091CE8"
"1";"0008C1F0";"ありがとうございました
またのお越しをお待ちしています";"";"00091CF0"
"1";"0008C230";"いらっしゃいませ
あれ？　あまり見かけない顔…";"";"00091CF8"
"1";"0008C260";"あーーーーーっ！
パチンコ屋殺人事件の犯人！";"";"00091D00"
"1";"0008C290";"いやぁーー！";"";"00091D08"
"1";"0008C2A0";"うう…　ごめんなさい
何でもします　だから命だけは…　";"";"00091D10"
"1";"0008C2E0";"「俺は事件の犯人じゃないんだ」と教えてあげる";"";"00091D18"
"1";"0008C310";"「そうさ　俺は人を殺しているんだ」とすごむ";"";"00091D20"
"1";"0008C340";"「何でもします、て何をしてくれるの？」と聞き返す";"";"00091D28"
"1";"0008C380";"あの事件の犯人は俺じゃない
誰一人として、人を殺してはいないんだ";"";"00091D30"
"1";"0008C3C0";"えー？　そうなんですか？";"";"00091D38"
"1";"0008C3E0";"そうさ　俺は人を殺しているんだ
今度はおまえの番だな…";"";"00091D40"
"1";"0008C420";"いや！　１８になったばかりなのに…
こんなに若い娘を殺すなんてもったいないよ";"";"00091D48"
"1";"0008C470";"…";"";"00091D50"
"1";"0008C480";"何でもします、て言ったけど
いったい何をしてくれるのかな？";"";"00091D58"
"1";"0008C4C0";"えー
えっと、えっと…";"";"00091D60"
"1";"0008C4E0";"…私の一番大切な、ぬいぐるみをあげます！";"";"00091D68"
"1";"0008C510";"…";"";"00091D70"
"1";"0008C520";"ごめんなさい
私、大声で犯人だって叫んでしまって";"";"00091D78"
"1";"0008C550";"あのぅ　お名前を教えてもらえますか？";"";"00091D80"
"1";"0008C578";"$pだ";"";"00091D88"
"1";"0008C580";"今日は本当にごめんなさい
$puさん";"";"00091D90"
"1";"0008C5B0";"私、$ci美沢ゆき$crっていいます　ゆきのこと
嫌いにならないで、また来てくださいね";"";"00091D98"
"1";"0008C600";"美沢 ゆき";"";"00091DA0"
"1";"0008C610";"いらっしゃいませ";"";"00091DA8"
"1";"0008C628";"美沢 ゆき";"";"00091DB0"
"1";"0008C640";"ゆきのこと嫌いにならないで、
また来てくださいね";"";"00091DB8"
"1";"0008C670";"いらっしゃいませ
あっ　$puさん";"";"00091DC0"
"1";"0008C690";"この前は、ごめんなさい
失礼なことを言っちゃって…";"";"00091DC8"
"1";"0008C6D0";"「もう気にしてないよ」と気遣う";"";"00091DD0"
"1";"0008C6F0";"「これからはしっかりしてくれよ」と念を押す";"";"00091DD8"
"1";"0008C720";"「おまえとは口を聞きたくない」と突き放す";"";"00091DE0"
"1";"0008C750";"もう、気にしてないから
この前のことは、忘れていいよ";"";"00091DE8"
"1";"0008C790";"本当？　ありがとう！
$puさんて…、いい人ですね";"";"00091DF0"
"1";"0008C7C0";"これからはしっかりしてくれよ
犯人に間違えられるのはもうこりごりだから";"";"00091DF8"
"1";"0008C810";"はい！　がんばります！";"";"00091E00"
"1";"0008C830";"おまえとはもう、口をききたくない
放っておいてくれ";"";"00091E08"
"1";"0008C868";"そうですか…";"";"00091E10"
"1";"0008C878";"美沢 ゆき";"";"00091E18"
"1";"0008C890";"いらっしゃいませ";"";"00091E20"
"1";"0008C8A8";"美沢 ゆき";"";"00091E28"
"1";"0008C8C0";"この前は、ごめんなさい
失礼なことを言っちゃって…";"";"00091E30"
"1";"0008C8F8";"美沢 ゆき";"";"00091E38"
"1";"0008C910";"ゆきのこと許してくれてありがとう
$puさんていい人ですね";"";"00091E40"
"1";"0008C950";"あっ　いらっしゃいませー";"";"00091E48"
"1";"0008C970";"$puさん
金魚すくいって得意ですか？";"";"00091E50"
"1";"0008C9A0";"「得意だよ　１つのポイで１０匹はすくえるね」";"";"00091E58"
"1";"0008C9D0";"「得意じゃないんだ　すくえる気がしないね」";"";"00091E60"
"1";"0008CA00";"「金魚すくいって何？　初めて聞いた言葉だよ」";"";"00091E68"
"1";"0008CA30";"金魚すくいは得意だよ
１つのポイで、金魚１０匹はすくえるね";"";"00091E70"
"1";"0008CA70";"へえー
$puさんは、金魚すくいの名人なんだ";"";"00091E78"
"1";"0008CAA0";"金魚すくいは得意じゃないんだ
全く金魚をすくえる気がしないね";"";"00091E80"
"1";"0008CAE0";"えー　意外だなあ　でも、よかった
ゆきも金魚すくいはうまくないんだ";"";"00091E88"
"1";"0008CB30";"金魚すくいって何？
生まれて初めて聞いた言葉だよ";"";"00091E90"
"1";"0008CB60";"えー　本当？
日本人なら誰でも知っていると思ったのに";"";"00091E98"
"1";"0008CBA0";"この前、生まれて初めて金魚すくいで
金魚をすくったの";"";"00091EA0"
"1";"0008CBE0";"家にその金魚を持って帰ってきて、
コップに入れて飼っていたんだけど…";"";"00091EA8"
"1";"0008CC30";"最近、金魚がどんどん大きくなってきて
泳ぐのも窮屈そうなんだ";"";"00091EB0"
"1";"0008CC70";"やっぱり金魚は、金魚鉢で飼ってあげた方が
いいのかなあ";"";"00091EB8"
"1";"0008CCB0";"（$ci金魚鉢$cr　どこかにあったかな…）";"";"00091EC0"
"1";"0008CCD8";"美沢 ゆき";"";"00091EC8"
"1";"0008CCF0";"あっ　いらっしゃいませー";"";"00091ED0"
"1";"0008CD10";"美沢 ゆき";"";"00091ED8"
"1";"0008CD20";"$puさん　やっぱり金魚は、金魚鉢で
飼ってあげた方がいいのかなあ";"";"00091EE0"
"1";"0008CD60";"あっ　いらっしゃいませー";"";"00091EE8"
"1";"0008CD80";"$puさん　やっぱり金魚は、金魚鉢で
飼ってあげた方がいいのかなあ";"";"00091EF0"
"1";"0008CDC0";"$ci金魚鉢$crを渡す";"";"00091EF8"
"1";"0008CDE0";"$ci金魚鉢$crを渡さない";"";"00091F00"
"1";"0008CE00";"この$ci金魚鉢$cr、君にあげるよ";"";"00091F08"
"1";"0008CE20";"えー　これ、ゆきにくれるの？
ありがとう！";"";"00091F10"
"1";"0008CE50";"この金魚鉢だったら、金魚も気持ち良く
泳げそうだね！";"";"00091F18"
"1";"0008CE90";"$puさん　ありがとう";"";"00091F20"
"1";"0008CEB0";"…やっぱりプレゼントするのはやめておこう";"";"00091F28"
"1";"0008CEE0";"美沢 ゆき";"";"00091F30"
"1";"0008CEF0";"いらっしゃいませ　$puさん";"";"00091F38"
"1";"0008CF10";"美沢 ゆき";"";"00091F40"
"1";"0008CF20";"金魚鉢だったら、金魚も気持ち良く
泳げそうだね！";"";"00091F48"
"1";"0008CF50";"美沢 ゆき";"";"00091F50"
"1";"0008CF60";"$puさん　ありがとう";"";"00091F58"
"1";"0008CF80";"いらっしゃいませ…";"";"00091F60"
"1";"0008CFA0";"「どうしたの？元気なさそうだけど」と心配する";"";"00091F68"
"1";"0008CFD0";"「どうした？元気だけが取り得なのに」と意地悪を言う";"";"00091F70"
"1";"0008D010";"「おなかが減っているの？」と適当に聞いてみる";"";"00091F78"
"1";"0008D040";"どうしたの？元気なさそうだけど";"";"00091F80"
"1";"0008D060";"どうした？元気だけが取り得なのに";"";"00091F88"
"1";"0008D090";"おなかが減ってるの？";"";"00091F90"
"1";"0008D0B0";"あのね、小さいときからずっと大切にしていた
ぬいぐるみがあったの";"";"00091F98"
"1";"0008D0F0";"昨日、暑くて窓を開けてたら猫が入ってきて、
ぬいぐるみをくわえて逃げて行っちゃったんだ";"";"00091FA0"
"1";"0008D150";"いつも一緒に寝ていたぬいぐるみだから、
なくなるとすごく寂しい…";"";"00091FA8"
"1";"0008D190";"（$ciぬいぐるみ$crがなくなって
　落ち込んでいるのか…）";"";"00091FB0"
"1";"0008D1C8";"美沢 ゆき";"";"00091FB8"
"1";"0008D1E0";"いらっしゃいませ…";"";"00091FC0"
"1";"0008D1F8";"美沢 ゆき";"";"00091FC8"
"1";"0008D210";"いつも一緒に寝ていた$ciぬいぐるみ$crだから、
なくなるとすごく寂しいよ…";"";"00091FD0"
"1";"0008D260";"いらっしゃいませ…";"";"00091FD8"
"1";"0008D280";"いつも一緒に寝ていたぬいぐるみだから、
なくなるとすごく寂しいよ…";"";"00091FE0"
"1";"0008D2D0";"$ciクマのぬいぐるみ$crを渡す  ";"";"00091FE8"
"1";"0008D2F0";"$ciクマのぬいぐるみ$crを渡さない";"";"00091FF0"
"1";"0008D320";"この$ciぬいぐるみ$cr、君にあげるよ";"";"00091FF8"
"1";"0008D350";"えっ？　これ…　$ci$e0$cr
";"";"00092000"
"1";"0008D370";"ゆきのために、代わりのぬいぐるみを
探してきてくれたんだ…";"";"00092008"
"1";"0008D3B0";"ありがとう $puさん
このぬいぐるみ　大切にするね";"";"00092010"
"1";"0008D3E0";"…やっぱりプレゼントするのはやめておこう";"";"00092018"
"1";"0008D410";"美沢 ゆき";"";"00092020"
"1";"0008D420";"いらっしゃいませ";"";"00092028"
"1";"0008D438";"美沢 ゆき";"";"00092030"
"1";"0008D450";"ありがとう $puさん
ぬいぐるみ　大切にするね";"";"00092038"
"1";"0008D480";"$puさん　釣りってしたことある？";"";"00092040"
"1";"0008D4A0";"「さっき行ってきたところだよ」";"";"00092048"
"1";"0008D4C0";"「これから行こうと思っていたんだ」";"";"00092050"
"1";"0008D4F0";"「やったことないよ」";"";"00092058"
"1";"0008D510";"ついさっき、釣りに行ってきたところだよ";"";"00092060"
"1";"0008D540";"ちょうど、これから釣りに行こうと
思っていたんだ";"";"00092068"
"1";"0008D570";"実は今まで一度もやったことないんだ";"";"00092070"
"1";"0008D5A0";"へえ　そうなんだ";"";"00092078"
"1";"0008D5C0";"さっきね、お客さんに「釣りに行かない？」
て誘われたの";"";"00092080"
"1";"0008D600";"でも「よく分からないから行かない」て言った
んだけど、実はちょっと興味があって…";"";"00092088"
"1";"0008D650";"$puさん　釣り竿持っていたから、
もしかしたら釣りをするのかな、と思ったの";"";"00092090"
"1";"0008D6A0";"「明日の朝、堤防へ釣りに行こう」と誘う";"";"00092098"
"1";"0008D6D0";"「釣りはするけど君と行きたくない」と答える";"";"000920A0"
"1";"0008D700";"「誰から誘われたの」とやきもちを焼く";"";"000920A8"
"1";"0008D730";"明日の朝、パチパラ町の堤防へ
釣りをしに行こうか";"";"000920B0"
"1";"0008D760";"ほんと！　うれしいなあ
$puさんと一緒に釣りに行けるんだ";"";"000920B8"
"1";"0008D7A0";"釣りはするけど、君とは一緒に
行きたくないなあ";"";"000920C0"
"1";"0008D7D0";"えー　そんなこと言わないでよ";"";"000920C8"
"1";"0008D7F0";"誰に「釣りに行かない？」て誘われたの？";"";"000920D0"
"1";"0008D820";"えっ、うそ
もしかしてやきもちを焼いてるの？";"";"000920D8"
"1";"0008D850";"そんなに言うんじゃしょうがないなあ";"";"000920E0"
"1";"0008D880";"じゃあ　明日の朝、パチパラ町の堤防で
待ってるね　楽しみにしてるよ";"";"000920E8"
"1";"0008D8C8";"美沢 ゆき";"";"000920F0"
"1";"0008D8E0";"いらっしゃいませ";"";"000920F8"
"1";"0008D8F8";"美沢 ゆき";"";"00092100"
"1";"0008D910";"$puさん　明日の朝、パチパラ町の堤防で
待ってるね　楽しみにしてるよ";"";"00092108"
"1";"0008D958";"美沢 ゆき";"";"00092110"
"1";"0008D970";"もー　なんで来てくれなかったの！";"";"00092118"
"1";"0008D998";"美沢 ゆき";"";"00092120"
"1";"0008D9B0";"明日の朝、堤防で待ってるね
楽しみにしてるよ";"";"00092128"
"1";"0008D9E0";"$puさん　こっちこっち〜";"";"00092130"
"1";"0008DA00";"私は、隣で見てるね";"";"00092138"
"1";"0008DA20";"何が釣れるか、すごく楽しみ
大っきな魚を釣り上げてよ！";"";"00092140"
"1";"0008DA60";"たくさんお魚が釣れたね　大漁、大漁";"";"00092148"
"1";"0008DA90";"ゆきね　男の人と魚釣りに来るのは
すごく久しぶりなの…";"";"00092150"
"1";"0008DAD0";"…昔ね、お父さんとよく釣りに行ったんだ
今日みたいに、隣に座っていただけだけど";"";"00092158"
"1";"0008DB20";"お父さんの隣で、お魚が釣れるたびに
はしゃぎまわっていたんだって";"";"00092160"
"1";"0008DB60";"「わぁヒラメだ！」「イワシだあ」って";"";"00092168"
"1";"0008DB90";"$puさんの横に座っていて、
少しだけ昔のことを思い出しちゃった…";"";"00092170"
"1";"0008DBD0";"お仕事行かなくちゃいけないし、先に帰るね
今日は楽しかった　ありがとう";"";"00092178"
"1";"0008DC18";"美沢 ゆき";"";"00092180"
"1";"0008DC30";"私は、隣で見てるね";"";"00092188"
"1";"0008DC48";"美沢 ゆき";"";"00092190"
"1";"0008DC60";"何が釣れるか、すごく楽しみ
大っきな魚を釣り上げてよ！";"";"00092198"
"1";"0008DC98";"美沢 ゆき";"";"000921A0"
"1";"0008DCB0";"アレ？
もしかして、お魚のエサがないの？";"";"000921A8"
"1";"0008DCD8";"美沢 ゆき";"";"000921B0"
"1";"0008DCF0";"しょうがないなあ　はい　これ";"";"000921B8"
"1";"0008DD10";"美沢 ゆき";"";"000921C0"
"1";"0008DD20";"いらっしゃいませ　$puさん";"";"000921C8"
"1";"0008DD40";"美沢 ゆき";"";"000921D0"
"1";"0008DD50";"お魚釣り、楽しかったですね";"";"000921D8"
"1";"0008DD70";"いらっしゃいませ…　$puさん";"";"000921E0"
"1";"0008DD90";"「電話で怒ったりしてごめん」と謝る";"";"000921E8"
"1";"0008DDB8";"無視する";"";"000921F0"
"1";"0008DDD0";"ごめん　電話の時に、大声で怒ったりして";"";"000921F8"
"1";"0008DE00";"ううん　私も、時間を忘れて
いっぱいおしゃべりしちゃったし…";"";"00092200"
"1";"0008DE40";"でも良かった…
もう、口を利いてもらえないかと思ってたの";"";"00092208"
"1";"0008DE80";"これから電話をするときは、気をつけるね";"";"00092210"
"1";"0008DEB0";"あっ…　$puさん";"";"00092218"
"1";"0008DEC0";"美沢 ゆき";"";"00092220"
"1";"0008DED0";"いらっしゃいませ";"";"00092228"
"1";"0008DEE8";"美沢 ゆき";"";"00092230"
"1";"0008DF00";"これから電話をするときは、気をつけるね";"";"00092238"
"1";"0008DF28";"美沢 ゆき";"";"00092240"
"1";"0008DF40";"でも良かった…
もう、口を利いてもらえないかと思ってたの";"";"00092248"
"1";"0008DF78";"美沢 ゆき";"";"00092250"
"1";"0008DF90";"いらっしゃいませ　$puさん
";"";"00092258"
"1";"0008DFB0";"こんにちは　$puさん";"";"00092260"
"1";"0008DFD0";"「盆踊りに一緒に行かない？」と誘ってみる";"";"00092268"
"1";"0008E000";"「こんにちは」とあいさつする";"";"00092270"
"1";"0008E020";"これといって話すことはない";"";"00092278"
"1";"0008E040";"あのさ　俺と一緒に盆踊りへ行かない？";"";"00092280"
"1";"0008E070";"えっ！？　行く、行くよ　絶対に行く！";"";"00092288"
"1";"0008E0A0";"$puさんから盆踊りに誘われるなんて
考えたこともなかったからびっくりしちゃった";"";"00092290"
"1";"0008E0F0";"じゃあ、今夜
公園のベンチで待ち合わせね";"";"00092298"
"1";"0008E120";"じゃあ、金曜日の夜
公園のベンチで待ち合わせね";"";"000922A0"
"1";"0008E150";"楽しみだなぁ　うれしくて待ちきれないから
もう帰っちゃおうかな";"";"000922A8"
"1";"0008E190";"店長〜　早退しまーす";"";"000922B0"
"1";"0008E1B0";"盆踊り、楽しみにしてるよ！";"";"000922B8"
"1";"0008E1D0";"こんにちは";"";"000922C0"
"1";"0008E1E0";"美沢 ゆき";"";"000922C8"
"1";"0008E1F0";"もう　なんで公園に来てくれなかったの〜";"";"000922D0"
"1";"0008E220";"謝って、もう一度盆踊りに誘う";"";"000922D8"
"1";"0008E240";"無視する";"";"000922E0"
"1";"0008E250";"$p";"";"000922E8"
"1";"0008E260";"ごめん　今度はちゃんと行くよ";"";"000922F0"
"1";"0008E280";"美沢 ゆき";"";"000922F8"
"1";"0008E290";"じゃあ、今夜
公園のベンチで待ち合わせね";"";"00092300"
"1";"0008E2B8";"美沢 ゆき";"";"00092308"
"1";"0008E2D0";"じゃあ、金曜日の夜
公園のベンチで待ち合わせね";"";"00092310"
"1";"0008E300";"美沢 ゆき";"";"00092318"
"1";"0008E310";"今度って言われても、ゆきにも予定があるし…";"";"00092320"
"1";"0008E340";"美沢 ゆき";"";"00092328"
"1";"0008E350";"約束できないなあ";"";"00092330"
"1";"0008E368";"美沢 ゆき";"";"00092338"
"1";"0008E380";"今夜、大海公園のベンチで待ってるね";"";"00092340"
"1";"0008E3A8";"美沢 ゆき";"";"00092348"
"1";"0008E3C0";"金曜の夜、大海公園のベンチで待ってるね";"";"00092350"
"1";"0008E3F0";"こんばんは　$puさん
見て、浴衣　かわいいでしょ";"";"00092358"
"1";"0008E420";"やだ、もう！
そんなにゆきをジロジロ見ないでよぅ";"";"00092360"
"1";"0008E450";"あー！　お面屋さんだよ　$puさん
こっちこっち　こっちに来て〜";"";"00092368"
"1";"0008E490";"美沢 ゆき";"";"00092370"
"1";"0008E4A0";"いろんな種類のお面があるよ
$puさん　かぶってみたら";"";"00092378"
"1";"0008E4D8";"美沢 ゆき";"";"00092380"
"1";"0008E4F0";"似合うと思うなあ";"";"00092388"
"1";"0008E508";"美沢 ゆき";"";"00092390"
"1";"0008E520";"ゆきが買ってあげるよ
おじさーん　これちょうだい！";"";"00092398"
"1";"0008E558";"美沢 ゆき";"";"000923A0"
"1";"0008E570";"はい　つけてみてよ";"";"000923A8"
"1";"0008E588";"美沢 ゆき";"";"000923B0"
"1";"0008E5A0";"似合う　似合う　すごい似合ってる！";"";"000923B8"
"1";"0008E5C8";"美沢 ゆき";"";"000923C0"
"1";"0008E5E0";"あっ　向こうに金魚すくいがあるよー";"";"000923C8"
"1";"0008E608";"美沢 ゆき";"";"000923D0"
"1";"0008E620";"覚えている？　金魚の話";"";"000923D8"
"1";"0008E640";"「もちろん覚えているよ」と答える";"";"000923E0"
"1";"0008E670";"「忘れたよ　昔のことは」と答える";"";"000923E8"
"1";"0008E6A0";"「え？何の話だったかな？」ととぼける";"";"000923F0"
"1";"0008E6C8";"$p";"";"000923F8"
"1";"0008E6D0";"もちろん覚えているよ";"";"00092400"
"1";"0008E6E8";"$p";"";"00092408"
"1";"0008E6F0";"忘れたよ　昔のことは";"";"00092410"
"1";"0008E708";"$p";"";"00092418"
"1";"0008E710";"え？何の話だったかな？";"";"00092420"
"1";"0008E728";"美沢 ゆき";"";"00092428"
"1";"0008E740";"$puさんがくれた金魚鉢に入ってる
金魚、ここですくったんだ";"";"00092430"
"1";"0008E780";"美沢 ゆき";"";"00092438"
"1";"0008E790";"よーし　がんばってすくうぞー";"";"00092440"
"1";"0008E7B0";"金魚をあげますか？";"";"00092448"
"1";"0008E7C8";"あげる";"";"00092450"
"1";"0008E7D0";"あげない";"";"00092458"
"1";"0008E7E0";"美沢 ゆき";"";"00092460"
"1";"0008E7F0";"くれるの？　ありがとう
この金魚も、大きく育って欲しいな";"";"00092468"
"1";"0008E828";"美沢 ゆき";"";"00092470"
"1";"0008E840";"あーあ　取れなかった…
残念〜";"";"00092478"
"1";"0008E860";"美沢 ゆき";"";"00092480"
"1";"0008E870";"カキ氷だ　カキ氷ー";"";"00092488"
"1";"0008E888";"美沢 ゆき";"";"00092490"
"1";"0008E8A0";"お祭といえば、カキ氷だね";"";"00092498"
"1";"0008E8C0";"カキ氷を買ってあげますか？";"";"000924A0"
"1";"0008E8E0";"買ってあげる";"";"000924A8"
"1";"0008E8F0";"やめておく";"";"000924B0"
"1";"0008E900";"美沢 ゆき";"";"000924B8"
"1";"0008E910";"わぁ　ありがとう";"";"000924C0"
"1";"0008E928";"美沢 ゆき";"";"000924C8"
"1";"0008E940";"$puさん　貯玉持ってないんだ〜";"";"000924D0"
"1";"0008E960";"美沢 ゆき";"";"000924D8"
"1";"0008E970";"おごってもらおうと思ってたのに〜";"";"000924E0"
"1";"0008E9A0";"盆踊り大好き！　こうやってたくさんの人が
みんなで盛り上がっているのは楽しいね";"";"000924E8"
"1";"0008E9F0";"$puさん　誘ってくれてありがとう";"";"000924F0"
"1";"0008EA10";"あのね、$puさん　もしかしたら、
気付いてるかもしれないけど…";"";"000924F8"
"1";"0008EA50";"ゆきのお父さん　もう、いないんだ";"";"00092500"
"1";"0008EA80";"お父さんがいなくなった時、大切な人がいなく
なるなんてもう二度と味わいたくない…";"";"00092508"
"1";"0008EAD0";"いなくなる辛さを味わうなら、最初から大切な
人をつくらない方がいいや…って思ってたの";"";"00092510"
"1";"0008EB30";"でもね、$puさんと出会って
新しい思い出がいっぱいできて…";"";"00092518"
"1";"0008EB70";"過去に縛られているよりも、
今を楽しもうって思い始めるようになったんだ";"";"00092520"
"1";"0008EBC0";"あのね　$puさん
あの…　あの…";"";"00092528"
"1";"0008EBE0";"ゆきはね…";"";"00092530"
"1";"0008EBF0";"「君のことが好きなんだ」と告白する";"";"00092538"
"1";"0008EC20";"「前からおまえのことは大嫌いなんだ」と言い放つ";"";"00092540"
"1";"0008EC50";"「どうしたの？　顔色が悪いよ」と話しをそらす";"";"00092548"
"1";"0008EC80";"俺、君のことが好きなんだ";"";"00092550"
"1";"0008ECA0";"…うれしい
$puさんもゆきと同じ気持ちだったんだ";"";"00092558"
"1";"0008ECD0";"ありがとう";"";"00092560"
"1";"0008ECE0";"あっ、花火だ…";"";"00092568"
"1";"0008ECF0";"…きれい";"";"00092570"
"1";"0008ED00";"前々から、おまえのことは大嫌いなんだ
見ているだけで虫唾がはしる";"";"00092578"
"1";"0008ED40";"えっ！　どうして、$puさん
じゃあ、何で盆踊りになんか誘ったの！";"";"00092580"
"1";"0008ED80";"もう、何も信じられないよ…";"";"00092588"
"1";"0008EDA0";"はぁ…";"";"00092590"
"1";"0008EDB0";"もう、ここでお別れするね
";"";"00092598"
"1";"0008EDD0";"…さようなら　$puさん";"";"000925A0"
"1";"0008EDF0";"どうしたの？
少し顔色が悪いみたいだけど";"";"000925A8"
"1";"0008EE20";"そ、そうかな？
別にどこも悪くないよ…";"";"000925B0"
"1";"0008EE50";"花火、終わっちゃったね
そろそろ盆踊りも終わりみたいだし…";"";"000925B8"
"1";"0008EE90";"…ねえ　このあとどうするの？
ゆきはもう、ウチには帰りたくないなあ";"";"000925C0"
"1";"0008EEE0";"「だったら俺の家で一緒に暮らさないか」";"";"000925C8"
"1";"0008EF10";"「だったら新しいアパートを探すんだな」";"";"000925D0"
"1";"0008EF40";"「君が好きなんだけど、家には誰も入れたくない」";"";"000925D8"
"1";"0008EF70";"ウチに帰りたくないのなら、
俺の家で一緒に暮らさないか";"";"000925E0"
"1";"0008EFB0";"ウチに帰りたくないのなら、
新しいアパートを探すんだな";"";"000925E8"
"1";"0008EFF0";"もう！
そういうことを言っているんじゃないよ";"";"000925F0"
"1";"0008F020";"本当に鈍感なんだからあ";"";"000925F8"
"1";"0008F040";"君が好きなんだ　けど、自分の家には
誰も入れたくないんだ";"";"00092600"
"1";"0008F080";"えー　なにそれ
言ってる意味がよくわかんないよ";"";"00092608"
"1";"0008F0B0";"え！　ウソ　今、何て言ったの？
もう一回言って欲しいなあ";"";"00092610"
"1";"0008F0F0";"「俺の家で一緒に暮らさないか」";"";"00092618"
"1";"0008F110";"「同じことは二度言わない主義なんだ」";"";"00092620"
"1";"0008F140";"ウチに帰りたくないのなら、
俺の家で一緒に暮らさないか";"";"00092628"
"1";"0008F180";"ウソじゃないよね
$plさんと一緒に暮らせるんだよね";"";"00092630"
"1";"0008F1B8";"うれしいなあ";"";"00092638"
"1";"0008F1D0";"同じことは二度言わない主義なんだ
どれだけ頼まれても言わないよ";"";"00092640"
"1";"0008F210";"ケチ！　もう一度言ってくれたって
いいじゃない！　…でも、うれしい！";"";"00092648"
"1";"0008F260";"ウソじゃないよね
$plさんと一緒に暮らせるんだよね";"";"00092650"
"1";"0008F2A0";"じゃあ、ゆき　今からお父さんに
あなたと一緒に住むって電話してくるね";"";"00092658"
"1";"0008F2F0";"お父さん　なんて言うかなあ…";"";"00092660"
"1";"0008F310";"「お父さんはいなくなったんじゃないの？」と戸惑う";"";"00092668"
"1";"0008F350";"「おまえ、俺を騙したな！」と声を荒げる";"";"00092670"
"1";"0008F380";"美沢ゆきは頭がおかしいのではないか、としばし悩む";"";"00092678"
"1";"0008F3C0";"あれ？　お父さん…
お父さんはいなくなったんじゃないの？";"";"00092680"
"1";"0008F3F8";"うん、いないよ";"";"00092688"
"1";"0008F410";"お父さんがいない、お父さんがいない、て
おまえ、俺を騙したな！";"";"00092690"
"1";"0008F450";"騙してなんかいないよ";"";"00092698"
"1";"0008F468";"…";"";"000926A0"
"1";"0008F470";"難しい顔をしてどうしたの？";"";"000926A8"
"1";"0008F490";"お父さんは、１ヶ月前から本社へ転勤に
なって、引越していったの";"";"000926B0"
"1";"0008F4D0";"だから、今、家にお父さんはいないんだ";"";"000926B8"
"1";"0008F500";"お父さんに言ったら寂しがるかもしれないなあ";"";"000926C0"
"1";"0008F530";"いろいろ準備して、$puさんの家で
待ってるよ　じゃあね、バイバイ";"";"000926C8"
"1";"0008F570";"１時間が過ぎた…";"";"000926D0"
"1";"0008F588";"美沢 ゆき";"";"000926D8"
"1";"0008F5A0";"いらっしゃいませ $plさん";"";"000926E0"
"1";"0008F5C0";"美沢 ゆき";"";"000926E8"
"1";"0008F5D0";"ゆきも応援するから、たくさん出してね";"";"000926F0"
"1";"0008F5F8";"美沢 ゆき";"";"000926F8"
"1";"0008F610";"もう少しで帰るから、先に帰っててね";"";"00092700"
"1";"0008F638";"美沢 ゆき";"";"00092708"
"1";"0008F650";"じゃあ、また後で";"";"00092710"
"1";"0008F670";"ほら　これあげるよ";"";"00092718"
"1";"0008F690";"えっ？　なに？　プレゼント？";"";"00092720"
"1";"0008F6B0";"わぁ！　かわいいパジャマ！
ありがとう！";"";"00092728"
"1";"0008F6E0";"どう？　似合う？　似合う？";"";"00092730"
"1";"0008F700";"…？　何？　ブラウス…？";"";"00092738"
"1";"0008F720";"ねえ、これ　ゆきにはちょっと
大きすぎない？";"";"00092740"
"1";"0008F750";"わ！　水着！　ありがとう！";"";"00092748"
"1";"0008F770";"ねえ、今度いつか海に連れてってね！";"";"00092750"
"1";"0008F7A0";"何を聞きますか？";"";"00092758"
"1";"0008F7B8";"美沢 ゆき";"";"00092760"
"1";"0008F7D0";"うん？　なにか用？";"";"00092768"
"1";"0008F7F0";"柳田について聞く";"";"00092770"
"1";"0008F810";"美沢ゆきと話をする";"";"00092778"
"1";"0008F828";"とくに用はない";"";"00092780"
"1";"0008F840";"柳田と親しかった女店員について聞く";"";"00092788"
"1";"0008F868";"$p";"";"00092790"
"1";"0008F870";"柳田という男について何か知らないか？";"";"00092798"
"1";"0008F898";"$p";"";"000927A0"
"1";"0008F8A0";"柳田という男について何か知らない？";"";"000927A8"
"1";"0008F8C8";"美沢 ゆき";"";"000927B0"
"1";"0008F8E0";"柳田…？　どの柳田さん？";"";"000927B8"
"1";"0008F900";"公園で自殺した…";"";"000927C0"
"1";"0008F920";"ラジオ体操指導員の…";"";"000927C8"
"1";"0008F938";"黒崎の親友の…";"";"000927D0"
"1";"0008F950";"$iの隣の部屋に住んでいた…";"";"000927D8"
"1";"0008F970";"$p";"";"000927E0"
"1";"0008F980";"公園で自殺した…";"";"000927E8"
"1";"0008F998";"$p";"";"000927F0"
"1";"0008F9A0";"ラジオ体操指導員の…";"";"000927F8"
"1";"0008F9B8";"$p";"";"00092800"
"1";"0008F9C0";"黒崎の親友の…";"";"00092808"
"1";"0008F9D0";"$p";"";"00092810"
"1";"0008F9E0";"$iの隣の部屋に住んでいた…";"";"00092818"
"1";"0008FA00";"美沢 ゆき";"";"00092820"
"1";"0008FA10";"あ…　あの柳田さんね
ちょっとだけ知ってるよ";"";"00092828"
"1";"0008FA40";"美沢 ゆき";"";"00092830"
"1";"0008FA50";"え？　$puさんの家なんて
知らないよ";"";"00092838"
"1";"0008FA78";"美沢 ゆき";"";"00092840"
"1";"0008FA90";"黒崎さんの…？
あ…！　あの柳田さんね…";"";"00092848"
"1";"0008FAB8";"美沢 ゆき";"";"00092850"
"1";"0008FAD0";"柳田さん　このお店にはよく来てたんだよ
でも、いっつも大負けしてて…";"";"00092858"
"1";"0008FB18";"美沢 ゆき";"";"00092860"
"1";"0008FB30";"それでも毎日のように来てたから　よっぽど
負けず嫌いなのかな…とか思ってたんだけど";"";"00092868"
"1";"0008FB88";"$p";"";"00092870"
"1";"0008FB90";"柳田と親しかった女の店員について
知りたいんだが…";"";"00092878"
"1";"0008FBC8";"$p";"";"00092880"
"1";"0008FBD0";"柳田と親しかった女の店員について
知りたいんだけど…";"";"00092888"
"1";"0008FC08";"美沢 ゆき";"";"00092890"
"1";"0008FC20";"…柳田さんと？　誰だろ？
少なくとも　私じゃないよ";"";"00092898"
"1";"0008FC58";"美沢 ゆき";"";"000928A0"
"1";"0008FC70";"私じゃなかったら$ci沙織$crちゃんかな
今日は休みみたいだけど…";"";"000928A8"
"1";"0008FCB0";"美沢 ゆき";"";"000928B0"
"1";"0008FCC0";"なんだか具合が悪いんだって
明日には出勤してくると思うよ";"";"000928B8"
"1";"0008FCF8";"美沢 ゆき";"";"000928C0"
"1";"0008FD10";"…へへっ　ねえ　安心した？
私が柳田さんの彼女じゃなくて";"";"000928C8"
"1";"0008FD48";"正直安心したよ";"";"000928D0"
"1";"0008FD60";"お、おまえなんか気にしてないよ";"";"000928D8"
"1";"0008FD80";"そんなことより店員のことを教えろ";"";"000928E0"
"1";"0008FDA8";"$p";"";"000928E8"
"1";"0008FDB0";"…正直安心したよ";"";"000928F0"
"1";"0008FDC8";"美沢 ゆき";"";"000928F8"
"1";"0008FDE0";"ホント？　ウフフフフッ";"";"00092900"
"1";"0008FDF8";"$p";"";"00092908"
"1";"0008FE00";"お、おまえなんか気にしてないよ";"";"00092910"
"1";"0008FE20";"$p";"";"00092918"
"1";"0008FE30";"そんなことより店員のことを教えろ";"";"00092920"
"1";"0008FE58";"美沢 ゆき";"";"00092928"
"1";"0008FE70";"ちぇっ　なんだ　つまんないの";"";"00092930"
"1";"0008FE90";"美沢 ゆき";"";"00092938"
"1";"0008FEA0";"いらっしゃいませ…";"";"00092940"
"1";"0008FEB8";"美沢 ゆき";"";"00092948"
"1";"0008FEC8";"あ、$puさん";"";"00092950"
"1";"0008FED8";"美沢 ゆき";"";"00092958"
"1";"0008FEF0";"今、彼女と一緒に住んでいるんだよね";"";"00092960"
"1";"0008FF18";"美沢 ゆき";"";"00092968"
"1";"0008FF30";"早く言って欲しかったなあ";"";"00092970"
"1";"0008FF50";"美沢 ゆき";"";"00092978"
"1";"0008FF60";"ねぇ　ねぇ　聞いてよ〜";"";"00092980"
"1";"0008FF78";"美沢 ゆき";"";"00092988"
"1";"0008FF90";"隣の二人、来たときからずっと座って
見つめ合っているの";"";"00092990"
"1";"0008FFC8";"美沢 ゆき";"";"00092998"
"1";"0008FFE0";"もうね　
見ているこっちが恥ずかしくなりそうなの";"";"000929A0"
"1";"00090010";"そんな風には見えないけど？";"";"000929A8"
"1";"00090030";"白石さんは僕の彼女なんだよ　そんなわけないさ";"";"000929B0"
"1";"00090060";"全く、興味ないね";"";"000929B8"
"1";"00090078";"$p";"";"000929C0"
"1";"00090080";"そんな風には見えないけど？";"";"000929C8"
"1";"000900A0";"美沢 ゆき";"";"000929D0"
"1";"000900B0";"そうかな？
私のカンは、結構当たるんだけどなあ";"";"000929D8"
"1";"000900E0";"$p";"";"000929E0"
"1";"000900F0";"白石さんは僕の彼女なんだよ　
そんなわけないさ";"";"000929E8"
"1";"00090120";"美沢 ゆき";"";"000929F0"
"1";"00090130";"えーー　なにそれ";"";"000929F8"
"1";"00090148";"美沢 ゆき";"";"00092A00"
"1";"00090160";"じゃあ、なんで片山さんが白石さんを誘って…";"";"00092A08"
"1";"00090190";"冗談だよ　そんなわけないじゃない";"";"00092A10"
"1";"000901C0";"わけがわからないのが大人の世界なんだよ";"";"00092A18"
"1";"000901E8";"$p";"";"00092A20"
"1";"000901F0";"冗談だよ　そんなわけないじゃない";"";"00092A28"
"1";"00090218";"美沢 ゆき";"";"00092A30"
"1";"00090230";"なんだ！　ビックリしたなあ　もう";"";"00092A38"
"1";"00090258";"$p";"";"00092A40"
"1";"00090260";"わけがわからないのが大人の世界なんだよ";"";"00092A48"
"1";"00090288";"美沢 ゆき";"";"00092A50"
"1";"000902A0";"なにそれ　つまんないの〜";"";"00092A58"
"1";"000902C0";"$p";"";"00092A60"
"1";"000902D0";"全く、興味ないね";"";"00092A68"
"1";"000902E8";"美沢 ゆき";"";"00092A70"
"1";"00090300";"なにそれ　つまんないの〜";"";"00092A78"
"1";"00090320";"美沢 ゆき";"";"00092A80"
"1";"00090330";"ねぇ　これ見て〜";"";"00092A88"
"1";"00090348";"何？";"";"00092A90"
"1";"00090350";"嫌だね";"";"00092A98"
"1";"00090358";"見てるよ";"";"00092AA0"
"1";"00090368";"$p";"";"00092AA8"
"1";"00090370";"何？";"";"00092AB0"
"1";"00090378";"$p";"";"00092AB8"
"1";"00090380";"嫌だね";"";"00092AC0"
"1";"00090388";"美沢 ゆき";"";"00092AC8"
"1";"000903A0";"そんなこと言わないで見てよ";"";"00092AD0"
"1";"000903C0";"$p";"";"00092AD8"
"1";"000903C8";"見てるよ";"";"00092AE0"
"1";"000903D8";"美沢 ゆき";"";"00092AE8"
"1";"000903F0";"ホントに見てる？…";"";"00092AF0"
"1";"00090408";"美沢 ゆき";"";"00092AF8"
"1";"00090420";"あのさ　このお皿に載っているのって
もしかしたら牛の…";"";"00092B00"
"1";"00090458";"腸じゃない？";"";"00092B08"
"1";"00090468";"舌じゃない？";"";"00092B10"
"1";"00090478";"アレじゃない？";"";"00092B18"
"1";"00090488";"何だろうね？";"";"00092B20"
"1";"00090498";"$p";"";"00092B28"
"1";"000904A0";"腸じゃない？";"";"00092B30"
"1";"000904B0";"美沢 ゆき";"";"00092B38"
"1";"000904C0";"そうだよね　やっぱり…";"";"00092B40"
"1";"000904D8";"$p";"";"00092B48"
"1";"000904E0";"舌じゃない？";"";"00092B50"
"1";"000904F0";"美沢 ゆき";"";"00092B58"
"1";"00090500";"そんなわけないじゃない！
だってここ、ホルモン焼き屋さんだよ";"";"00092B60"
"1";"00090540";"$p";"";"00092B68"
"1";"00090548";"アレじゃない？";"";"00092B70"
"1";"00090558";"美沢 ゆき";"";"00092B78"
"1";"00090568";"…やっぱり";"";"00092B80"
"1";"00090578";"$p";"";"00092B88"
"1";"00090580";"何だろうね？";"";"00092B90"
"1";"00090590";"美沢 ゆき";"";"00092B98"
"1";"000905A0";"なにそれ　つまんないの〜";"";"00092BA0"
"1";"000905C0";"美沢 ゆき";"";"00092BA8"
"1";"000905D0";"なんか、食欲なくなっちゃったなぁ";"";"00092BB0"
"1";"00090600";"場を盛り上げるためにいっぱい食べてみる";"";"00092BB8"
"1";"00090630";"下ネタ方向に話を進めてみる";"";"00092BC0"
"1";"00090650";"静観する";"";"00092BC8"
"1";"00090660";"その場は大いに盛り上がった！";"";"00092BD0"
"1";"00090680";"美沢 ゆき";"";"00092BD8"
"1";"00090690";"…ヤダ、もう";"";"00092BE0"
"1";"000906A0";"美沢 ゆき";"";"00092BE8"
"1";"000906B0";"$puさんて、ヘンタイだよ…";"";"00092BF0"
"1";"000906D0";"美沢 ゆき";"";"00092BF8"
"1";"000906E0";"お魚大好きなんだよね〜";"";"00092C00"
"1";"000906F8";"美沢 ゆき";"";"00092C08"
"1";"00090708";"いただきまーす";"";"00092C10"
"1";"00090718";"美沢 ゆき";"";"00092C18"
"1";"00090730";"ほらー　$puさんも食べなよ";"";"00092C20"
"1";"00090750";"美沢 ゆき";"";"00092C28"
"1";"00090760";"おいしいよ";"";"00092C30"
"1";"00090770";"美沢 ゆき";"";"00092C38"
"1";"00090780";"それとも、ゆきに見惚れているの？";"";"00092C40"
"1";"000907B0";"「そうだよ　見惚れていたんだ」とさらりと答える";"";"00092C48"
"1";"000907E0";"「ち、ちがうよ…」と動揺しながら答える";"";"00092C50"
"1";"00090810";"「ふざけるな！」とにらみ返しながら答える";"";"00092C58"
"1";"00090840";"無視する";"";"00092C60"
"1";"00090850";"$p";"";"00092C68"
"1";"00090860";"そうだよ　君に見惚れていたんだ";"";"00092C70"
"1";"00090880";"美沢 ゆき";"";"00092C78"
"1";"00090890";"やっぱり〜
ゆきのかわいさが分かってきた？";"";"00092C80"
"1";"000908C0";"$p";"";"00092C88"
"1";"000908C8";"ち、ちがうよ…";"";"00092C90"
"1";"000908D8";"美沢 ゆき";"";"00092C98"
"1";"000908F0";"やだ、赤くなっちゃって〜
もしかして図星なの〜？";"";"00092CA0"
"1";"00090920";"$p";"";"00092CA8"
"1";"00090928";"ふざけるな！";"";"00092CB0"
"1";"00090938";"美沢 ゆき";"";"00092CB8"
"1";"00090950";"大人気ないなあ　もう　
冗談に決まってるじゃん";"";"00092CC0"
"1";"00090980";"$p";"";"00092CC8"
"1";"00090988";"…";"";"00092CD0"
"1";"00090990";"美沢 ゆき";"";"00092CD8"
"1";"000909A0";"ちぇっ　なんだ　つまんないの";"";"00092CE0"
"1";"000909C0";"美沢 ゆき";"";"00092CE8"
"1";"000909D0";"ねえ　ねえ";"";"00092CF0"
"1";"000909E0";"美沢 ゆき";"";"00092CF8"
"1";"000909F0";"私たちだけで、何か頼まない？";"";"00092D00"
"1";"00090A10";"美沢 ゆき";"";"00092D08"
"1";"00090A20";"…これ！";"";"00092D10"
"1";"00090A30";"美沢 ゆき";"";"00092D18"
"1";"00090A40";"この、お造りを頼もうよ！";"";"00092D20"
"1";"00090A60";"見栄を張って、お金を出して頼む";"";"00092D28"
"1";"00090A80";"共犯ということで、割り勘で頼む";"";"00092D30"
"1";"00090AA0";"言い出したのはゆきなのでおごりで頼む";"";"00092D38"
"1";"00090AC8";"無視する";"";"00092D40"
"1";"00090AD8";"$p";"";"00092D48"
"1";"00090AE0";"いいぜ　お金は俺が払うよ";"";"00092D50"
"1";"00090B00";"美沢 ゆき";"";"00092D58"
"1";"00090B10";"キャー　太っ腹だね　$puさん";"";"00092D60"
"1";"00090B30";"$p";"";"00092D68"
"1";"00090B40";"いいぜ　じゃあ、割り勘で頼もうか";"";"00092D70"
"1";"00090B68";"美沢 ゆき";"";"00092D78"
"1";"00090B80";"うん　じゃあ頼もう
女将さ〜ん　このお造り、お願いしまーす";"";"00092D80"
"1";"00090BC0";"$p";"";"00092D88"
"1";"00090BD0";"おごってくれるのか？　ありがとう";"";"00092D90"
"1";"00090BF8";"美沢 ゆき";"";"00092D98"
"1";"00090C10";"なにそれ〜　ケチだね$puさん";"";"00092DA0"
"1";"00090C30";"$p";"";"00092DA8"
"1";"00090C38";"…";"";"00092DB0"
"1";"00090C40";"美沢 ゆき";"";"00092DB8"
"1";"00090C50";"ちぇっ　なんだ　つまんないの";"";"00092DC0"
"1";"00090C70";"美沢 ゆき";"";"00092DC8"
"1";"00090C80";"うわぁ　いいにお〜い";"";"00092DD0"
"1";"00090C98";"美沢 ゆき";"";"00092DD8"
"1";"00090CB0";"うまく返せるかなあ　この豚玉…";"";"00092DE0"
"1";"00090CD0";"いいところを見せるために片手でひっくり返す";"";"00092DE8"
"1";"00090D00";"無難に両手でひっくり返す";"";"00092DF0"
"1";"00090D20";"店主を呼んでひっくり返してもらう";"";"00092DF8"
"1";"00090D48";"傍観する";"";"00092E00"
"1";"00090D58";"$p";"";"00092E08"
"1";"00090D60";"かしてみな！";"";"00092E10"
"1";"00090D70";"$p";"";"00092E18"
"1";"00090D78";"それ！";"";"00092E20"
"1";"00090D80";"（ビチャ）";"";"00092E28"
"1";"00090D90";"お好み焼きは床に落ちてしまった";"";"00092E30"
"1";"00090DB0";"美沢 ゆき";"";"00092E38"
"1";"00090DC0";"あ〜あ　カッコ悪ーい";"";"00092E40"
"1";"00090DD8";"$p";"";"00092E48"
"1";"00090DE0";"まあ、見ててみな";"";"00092E50"
"1";"00090DF8";"$p";"";"00092E58"
"1";"00090E00";"それ！";"";"00092E60"
"1";"00090E08";"（パタン）";"";"00092E68"
"1";"00090E20";"見事にひっくり返すことができた";"";"00092E70"
"1";"00090E40";"美沢 ゆき";"";"00092E78"
"1";"00090E50";"うわあ　すごい上手〜　$puさん";"";"00092E80"
"1";"00090E70";"$p";"";"00092E88"
"1";"00090E80";"すいませーん　店員さん
";"";"00092E90"
"1";"00090E98";"$p";"";"00092E98"
"1";"00090EA0";"お好み焼き、焼いてもらえますか？";"";"00092EA0"
"1";"00090EC8";"（パタン）";"";"00092EA8"
"1";"00090EE0";"ひっくり返してもらった";"";"00092EB0"
"1";"00090EF8";"美沢 ゆき";"";"00092EB8"
"1";"00090F10";"うわあ　おいしそう！";"";"00092EC0"
"1";"00090F28";"$p";"";"00092EC8"
"1";"00090F30";"…";"";"00092ED0"
"1";"00090F38";"$p";"";"00092ED8"
"1";"00090F40";"………";".........";"00092EE0"
"1";"00090F50";"（ジュジュジュジュジュー）";"";"00092EE8"
"1";"00090F70";"焦げ臭いにおいがしてきた";"";"00092EF0"
"1";"00090F90";"美沢 ゆき";"";"00092EF8"
"1";"00090FA0";"あーあ　もう　こげちゃったよ〜";"";"00092F00"
"1";"00090FC0";"美沢 ゆき";"";"00092F08"
"1";"00090FD0";"…";"";"00092F10"
"1";"00090FD8";"美沢 ゆき";"";"00092F18"
"1";"00090FF0";"$puさん　イカ玉食べてるんだ…";"";"00092F20"
"1";"00091010";"美沢 ゆき";"";"00092F28"
"1";"00091020";"…";"";"00092F30"
"1";"00091030";"（イカ玉を見つめているようだ）";"";"00092F38"
"1";"00091050";"イカ玉をわけてあげる";"";"00092F40"
"1";"00091070";"もう一つイカ玉を注文する";"";"00092F48"
"1";"00091090";"食べさせる振りして、自分が食べる";"";"00092F50"
"1";"000910C0";"無視して食べつづける";"";"00092F58"
"1";"000910D8";"$p";"";"00092F60"
"1";"000910E0";"はい　わけてあげるよ";"";"00092F68"
"1";"000910F8";"美沢 ゆき";"";"00092F70"
"1";"00091110";"わあ　ありがとう";"";"00092F78"
"1";"00091128";"美沢 ゆき";"";"00092F80"
"1";"00091140";"…ちょっとだけ、食べてみたかったんだよねぇ";"";"00092F88"
"1";"00091170";"$p";"";"00092F90"
"1";"00091180";"すいませーん　店員さん
イカ玉、もう一枚をこのコにお願いします";"";"00092F98"
"1";"000911C0";"美沢 ゆき";"";"00092FA0"
"1";"000911D0";"えーー　ちょっとーそんなに食べられないよ〜";"";"00092FA8"
"1";"00091200";"美沢 ゆき";"";"00092FB0"
"1";"00091210";"ごめんなさい
今の注文は、なしでいいでーす";"";"00092FB8"
"1";"00091240";"$p";"";"00092FC0"
"1";"00091248";"はい　あーん";"";"00092FC8"
"1";"00091258";"美沢 ゆき";"";"00092FD0"
"1";"00091270";"くれるの？　（…あーん）";"";"00092FD8"
"1";"00091290";"美沢 ゆき";"";"00092FE0"
"1";"000912A0";"ケチ！
$puさんはそうゆう人だって知ってたけどさ";"";"00092FE8"
"1";"000912D0";"$p";"";"00092FF0"
"1";"000912D8";"…";"";"00092FF8"
"1";"000912E0";"美沢 ゆき";"";"00093000"
"1";"000912F0";"…";"";"00093008"
"1";"000912F8";"美沢 ゆき";"";"00093010"
"1";"00091308";"…ううぅ";"";"00093018"
"1";"00091318";"美沢 ゆき";"";"00093020"
"1";"00091328";"…";"";"00093028"
"1";"00091330";"美沢 ゆき";"";"00093030"
"1";"00091340";"んん…";"";"00093038"
"1";"00091350";"（険しい顔をしている…）";"";"00093040"
"1";"00091370";"「体調が悪いの？」と聞いてみる";"";"00093048"
"1";"00091390";"「そんな顔、似合わないよ」と小突いてみる";"";"00093050"
"1";"000913C0";"「？」という顔をしてみる";"";"00093058"
"1";"000913E0";"無視する";"";"00093060"
"1";"000913F0";"$p";"";"00093068"
"1";"00091400";"体調が悪いのか？";"";"00093070"
"1";"00091418";"美沢 ゆき";"";"00093078"
"1";"00091428";"…うん　少し…";"";"00093080"
"1";"00091438";"$p";"";"00093088"
"1";"00091440";"そんな顔、似合わないよ";"";"00093090"
"1";"00091458";"美沢 ゆき";"";"00093098"
"1";"00091468";"…うん";"";"000930A0"
"1";"00091470";"$p";"";"000930A8"
"1";"00091478";"？";"";"000930B0"
"1";"00091480";"美沢 ゆき";"";"000930B8"
"1";"00091490";"…";"";"000930C0"
"1";"00091498";"$p";"";"000930C8"
"1";"000914A0";"…";"";"000930D0"
"1";"000914A8";"美沢 ゆき";"";"000930D8"
"1";"000914B8";"…";"";"000930E0"
"1";"000914C0";"美沢 ゆき";"";"000930E8"
"1";"000914D0";"今日は、そっとしておいて欲しいな…";"";"000930F0"
"1";"000914F8";"美沢 ゆき";"";"000930F8"
"1";"00091510";"おはよっ　$plさん";"";"00093100"
"1";"00091528";"美沢 ゆき";"";"00093108"
"1";"00091540";"おかえりっ　$plさん";"";"00093110"
"1";"00091558";"美沢 ゆき";"";"00093118"
"1";"00091570";"$plさん　楽しいね";"";"00093120"
"1";"00091588";"美沢 ゆき";"";"00093128"
"1";"000915A0";"明日の$ci夕方$cr
パチパラ町の$ci小杉$crに来てね";"";"00093130"
"1";"000915D0";"美沢 ゆき";"";"00093138"
"1";"000915E0";"今日の$ci夕方$cr
パチパラ町の$ci小杉$crに来てね";"";"00093140"
"1";"00091610";"美沢 ゆき";"";"00093148"
"1";"00091620";"明日の$ci夜$cr
出玉町の$ciたま井$crに来てね";"";"00093150"
"1";"00091650";"美沢 ゆき";"";"00093158"
"1";"00091660";"今日の$ci夜$cr
出玉町の$ciたま井$crに来てね";"";"00093160"
"1";"00091690";"美沢 ゆき";"";"00093168"
"1";"000916A0";"待ってるよ";"";"00093170"
"1";"000916B0";"美沢 ゆき";"";"00093178"
"1";"000916C0";"約束は守って欲しかったなあ…";"";"00093180"
"1";"000916E0";"美沢 ゆき";"";"00093188"
"1";"000916F0";"今日もいい天気だよ！";"";"00093190"
"1";"00091708";"美沢 ゆき";"";"00093198"
"1";"00091720";"今日も暑くなりそう…！";"";"000931A0"
"1";"00091738";"美沢 ゆき";"";"000931A8"
"1";"00091750";"今日は、大海公園で盆踊りがあるよ";"";"000931B0"
"1";"00091778";"美沢 ゆき";"";"000931B8"
"1";"00091790";"今日のパチンコはどうだった？";"";"000931C0"
"1";"000917B0";"ばっちり";"";"000931C8"
"1";"000917C0";"まあまあ";"";"000931D0"
"1";"000917D0";"まったくダメ";"";"000931D8"
"1";"000917E0";"$p";"";"000931E0"
"1";"000917F0";"ばっちりだったよ";"";"000931E8"
"1";"00091808";"美沢 ゆき";"";"000931F0"
"1";"00091820";"さっすが！　よかったね！";"";"000931F8"
"1";"00091840";"$p";"";"00093200"
"1";"00091850";"まあまあだったな";"";"00093208"
"1";"00091868";"美沢 ゆき";"";"00093210"
"1";"00091880";"そっかぁ
明日はもっとたくさん出るといいね";"";"00093218"
"1";"000918B0";"$p";"";"00093220"
"1";"000918C0";"全くダメだったよ";"";"00093228"
"1";"000918D8";"美沢 ゆき";"";"00093230"
"1";"000918F0";"そうなの…？　まあ、しょうがないよ
明日はがんばってね";"";"00093238"
"1";"00091930";"（じっとゆきを見つめてみた…）";"";"00093240"
"1";"00091950";"美沢 ゆき";"";"00093248"
"1";"00091960";"うん？　なに？";"";"00093250"
"1";"00091970";"$p";"";"00093258"
"1";"00091978";"ゆき…";"";"00093260"
"1";"00091980";"ゆき…　なんてかわいいんだ…！";"";"00093268"
"1";"000919A0";"ゆき…　俺は幸せだ…！";"";"00093270"
"1";"000919C0";"ゆき…　金を貸してくれ…！";"";"00093278"
"1";"000919E0";"…いや、なんでもない";"";"00093280"
"1";"000919F8";"$p";"";"00093288"
"1";"00091A00";"ゆき…　なんてかわいいんだ…！";"";"00093290"
"1";"00091A20";"美沢 ゆき";"";"00093298"
"1";"00091A30";"な、なによ　急に！
照れるじゃない！";"";"000932A0"
"1";"00091A58";"美沢 ゆき";"";"000932A8"
"1";"00091A70";"…うふふっ　でも、ありがと
うれしいよ…";"";"000932B0"
"1";"00091A98";"$p";"";"000932B8"
"1";"00091AA0";"ゆき…　俺は幸せだ…！";"";"000932C0"
"1";"00091AB8";"美沢 ゆき";"";"000932C8"
"1";"00091AC8";"$plさん…";"";"000932D0"
"1";"00091AD8";"美沢 ゆき";"";"000932D8"
"1";"00091AE8";"私も…　幸せ…";"";"000932E0"
"1";"00091AF8";"$p";"";"000932E8"
"1";"00091B00";"ゆき…　金を貸してくれ…！";"";"000932F0"
"1";"00091B20";"美沢 ゆき";"";"000932F8"
"1";"00091B30";"えーっ…　しっかりしてよお！
…しょうがないなあ…";"";"00093300"
"1";"00091B68";"美沢 ゆき";"";"00093308"
"1";"00091B80";"ムダ遣いしちゃダメだよ！";"";"00093310"
"1";"00091BA0";"$p";"";"00093318"
"1";"00091BB0";"…いや、なんでもない";"";"00093320"
"1";"00091BC8";"美沢 ゆき";"";"00093328"
"1";"00091BE0";"？　ヘンな$plさん";"";"00093330"
"1";"00091BF8";"美沢 ゆき";"";"00093338"
"1";"00091C10";"さっきあげたでしょっ！
もうだめだよ";"";"00093340"
"1";"00091C38";"美沢 ゆき";"";"00093348"
"1";"00091C50";"明日も晴れるといいね…";"";"00093350"
"1";"00091C68";"美沢 ゆき";"";"00093358"
"1";"00091C80";"明日も暑くなりそうだね…";"";"00093360"
"1";"00091CA0";"美沢 ゆき";"";"00093368"
"1";"00091CB0";"明日はベリーラッキーのサービスデーだよ";"";"00093370"
"2";"00093768";"$p";"";"00099568"
"2";"00093770";"このお店、どう思う？";"";"00099570"
"2";"00093788";"桂木 綾";"";"00099578"
"2";"00093790";"最初来た時はびっくりしたけど
結構いいお店ね";"";"00099580"
"2";"000937C0";"桂木 綾";"";"00099588"
"2";"000937D0";"お料理も美味しいし、バランスもとれてるわ";"";"00099590"
"2";"00093800";"桂木 綾";"";"00099598"
"2";"00093810";"隠れた名店ってところなのかしら";"";"000995A0"
"2";"00093830";"そうだな、俺もそう思うよと同意する";"";"000995A8"
"2";"00093860";"もっと旨いところを知ってるよと言う";"";"000995B0"
"2";"00093888";"$p";"";"000995B8"
"2";"00093890";"そうだな、俺もそう思うよ";"";"000995C0"
"2";"000938B0";"桂木 綾";"";"000995C8"
"2";"000938C0";"そうよね、特にこの料理
味付けが絶妙だわ";"";"000995D0"
"2";"000938E8";"桂木 綾";"";"000995D8"
"2";"000938F0";"どうやってるのかしら？
帰る時に聞いてみようかな";"";"000995E0"
"2";"00093920";"$p";"";"000995E8"
"2";"00093930";"いや、そうは思わないな
もっと旨いところを知ってるよ";"";"000995F0"
"2";"00093968";"桂木 綾";"";"000995F8"
"2";"00093970";"へぇー、あなた詳しいのね
";"";"00099600"
"2";"00093990";"桂木 綾";"";"00099608"
"2";"000939A0";"じゃあ今度美味しいお店
紹介してもらおうかしら";"";"00099610"
"2";"000939D0";"桂木 綾";"";"00099618"
"2";"000939E0";"いいお店、今度紹介してね
参考にさせて頂くわ";"";"00099620"
"2";"00093A10";"桂木 綾";"";"00099628"
"2";"00093A20";"そういえば、あなた　お店には
詳しかったわよね";"";"00099630"
"2";"00093A50";"桂木 綾";"";"00099638"
"2";"00093A60";"今日は、美味しい所でも教えてもらおうかしら";"";"00099640"
"2";"00093A90";"「いいぜ」と承諾する";"";"00099648"
"2";"00093AB0";"「嫌だね」と拒否する";"";"00099650"
"2";"00093AC8";"$p";"";"00099658"
"2";"00093AD0";"いいぜ";"";"00099660"
"2";"00093AD8";"桂木 綾";"";"00099668"
"2";"00093AE0";"どのお店が美味しいのかしら？";"";"00099670"
"2";"00093B00";"八原食堂だな";"";"00099678"
"2";"00093B10";"甘味処小杉だな";"";"00099680"
"2";"00093B20";"ホルモン玉ちゃんだな";"";"00099688"
"2";"00093B38";"えの鮨だな";"";"00099690"
"2";"00093B50";"キッチンたまだな";"";"00099698"
"2";"00093B70";"中華の竜玉楼だな";"";"000996A0"
"2";"00093B90";"天ぷらのとび天だな";"";"000996A8"
"2";"00093BB0";"すき焼きのたま井だな";"";"000996B0"
"2";"00093BD0";"高級クラブ女豹だな";"";"000996B8"
"2";"00093BE8";"俺の手料理だな";"";"000996C0"
"2";"00093BF8";"$p";"";"000996C8"
"2";"00093C00";"八原食堂だな
安くてボリューム満点の料理が魅力だよ";"";"000996D0"
"2";"00093C38";"桂木 綾";"";"000996D8"
"2";"00093C40";"そうね、やっぱりいいお店よね";"";"000996E0"
"2";"00093C60";"$p";"";"000996E8"
"2";"00093C70";"甘味処小杉だな
あんみつ、ぜんざい…　甘党の天国だよ";"";"000996F0"
"2";"00093CA8";"桂木 綾";"";"000996F8"
"2";"00093CB0";"あら、男の人でも甘いもの好きなんだ
でも、たしかにいいわよね";"";"00099700"
"2";"00093CF0";"$p";"";"00099708"
"2";"00093D00";"ホルモン玉ちゃんだな
あそこのホルモンは俺のスタミナ源だよ";"";"00099710"
"2";"00093D40";"桂木 綾";"";"00099718"
"2";"00093D50";"へえ、ホルモン焼って
まだ食べた事ないのよ";"";"00099720"
"2";"00093D80";"桂木 綾";"";"00099728"
"2";"00093D90";"今度試してみようかしら…";"";"00099730"
"2";"00093DB0";"$p";"";"00099738"
"2";"00093DC0";"大海町のえの鮨だな
あそこの握りは絶品だよ";"";"00099740"
"2";"00093DF0";"桂木 綾";"";"00099748"
"2";"00093E00";"そうよね、あそこ美味しいのよ";"";"00099750"
"2";"00093E20";"$p";"";"00099758"
"2";"00093E30";"キッチンたまだな";"";"00099760"
"2";"00093E48";"桂木 綾";"";"00099768"
"2";"00093E50";"そうよね、あそこのシェフ
海外修行していたらしいわよ";"";"00099770"
"2";"00093E88";"$p";"";"00099778"
"2";"00093E90";"中華の竜玉楼、あそこしかないね";"";"00099780"
"2";"00093EB0";"桂木 綾";"";"00099788"
"2";"00093EC0";"そうよね、私も時々行ってるわ";"";"00099790"
"2";"00093EE0";"$p";"";"00099798"
"2";"00093EF0";"天ぷらのとび天だな";"";"000997A0"
"2";"00093F08";"桂木 綾";"";"000997A8"
"2";"00093F10";"そうね、出玉町では一番古いお店よ";"";"000997B0"
"2";"00093F38";"$p";"";"000997B8"
"2";"00093F40";"すき焼きのたま井だな";"";"000997C0"
"2";"00093F58";"桂木 綾";"";"000997C8"
"2";"00093F60";"そうね、よくＴＶなんかで紹介されてるわ";"";"000997D0"
"2";"00093F88";"$p";"";"000997D8"
"2";"00093F90";"高級クラブ女豹しかないよ";"";"000997E0"
"2";"00093FB0";"桂木 綾";"";"000997E8"
"2";"00093FC0";"…そこって、お酒を飲むところじゃないの？";"";"000997F0"
"2";"00093FF0";"$p";"";"000997F8"
"2";"00094000";"なんといっても俺の手料理が一番さ";"";"00099800"
"2";"00094028";"桂木 綾";"";"00099808"
"2";"00094030";"あら、男の人が
料理得意だなんてめずらしいわね";"";"00099810"
"2";"00094060";"桂木 綾";"";"00099818"
"2";"00094070";"でも、あなた詳しいのね";"";"00099820"
"2";"00094088";"桂木 綾";"";"00099828"
"2";"00094090";"参考になったわ、ありがとう";"";"00099830"
"2";"000940B0";"$p";"";"00099838"
"2";"000940B8";"嫌だね";"";"00099840"
"2";"000940C0";"桂木 綾";"";"00099848"
"2";"000940D0";"あら、そうなの　残念だわ
気が変わったら、お話聞かせてね";"";"00099850"
"2";"00094108";"桂木 綾";"";"00099858"
"2";"00094110";"あなた詳しいのね";"";"00099860"
"2";"00094128";"$p";"";"00099868"
"2";"00094130";"このお店、どう思う？";"";"00099870"
"2";"00094148";"桂木 綾";"";"00099878"
"2";"00094150";"なつかしいわ
お好み焼きなんて、学生時代に食べたきりよ";"";"00099880"
"2";"00094188";"桂木 綾";"";"00099888"
"2";"00094190";"帰り道に、美味しいお店があって
よく通ってたわ…";"";"00099890"
"2";"000941C0";"そうだな、俺も懐かしいよと同意する";"";"00099898"
"2";"000941F0";"お好み焼きは苦手だと嫌がる";"";"000998A0"
"2";"00094210";"$p";"";"000998A8"
"2";"00094220";"そうだな、俺も懐かしいよ";"";"000998B0"
"2";"00094240";"桂木 綾";"";"000998B8"
"2";"00094250";"あら、あなたもお好み焼き屋さん
に通ってたの？　奇遇ね";"";"000998C0"
"2";"00094288";"$p";"";"000998C8"
"2";"00094290";"お好み焼きは苦手なんだ";"";"000998D0"
"2";"000942A8";"桂木 綾";"";"000998D8"
"2";"000942B0";"あら、どうして？
美味しいわよ";"";"000998E0"
"2";"000942D0";"青のりがちょっと…";"";"000998E8"
"2";"000942F0";"かつお節がちょっと…";"";"000998F0"
"2";"00094310";"ソースがちょっと…";"";"000998F8"
"2";"00094330";"小麦粉がちょっと…";"";"00099900"
"2";"00094350";"紅ショウガがちょっと…";"";"00099908"
"2";"00094368";"$p";"";"00099910"
"2";"00094370";"青のリがちょっとね…
歯につくのが嫌なんだ";"";"00099918"
"2";"000943A0";"$p";"";"00099920"
"2";"000943B0";"かつお節がちょっとね…
魚臭いのが苦手なんだ";"";"00099928"
"2";"000943E0";"$p";"";"00099930"
"2";"000943F0";"ソースがちょっとね…
俺は醤油派なんだ";"";"00099938"
"2";"00094418";"$p";"";"00099940"
"2";"00094420";"小麦粉がちょっとね…
粉っぽいのが嫌なんだ";"";"00099948"
"2";"00094450";"$p";"";"00099950"
"2";"00094460";"紅ショウガがちょっとね…
酸っぱいのが嫌いなんだ…";"";"00099958"
"2";"00094498";"桂木 綾";"";"00099960"
"2";"000944A0";"なんだ、そうだったの
でも食べなれると、味があるわよ";"";"00099968"
"2";"000944D8";"桂木 綾";"";"00099970"
"2";"000944E0";"今度、チャレンジしてみたら？";"";"00099978"
"2";"00094500";"桂木 綾";"";"00099980"
"2";"00094510";"あなた、好きなお好み焼きの具は何かしら";"";"00099988"
"2";"00094540";"やっぱり豚玉かな";"";"00099990"
"2";"00094560";"イカ玉しかないね";"";"00099998"
"2";"00094580";"モダン焼が一押しだ";"";"000999A0"
"2";"00094598";"広島風が好きだ";"";"000999A8"
"2";"000945A8";"$p";"";"000999B0"
"2";"000945B0";"やっぱり豚玉かな
普通だけどね";"";"000999B8"
"2";"000945D0";"桂木 綾";"";"000999C0"
"2";"000945E0";"あら、私も豚玉が好きよ
いいじゃない、美味しいんだから";"";"000999C8"
"2";"00094618";"$p";"";"000999D0"
"2";"00094620";"イカ玉しかないね
いつも食ってるよ";"";"000999D8"
"2";"00094648";"桂木 綾";"";"000999E0"
"2";"00094650";"あらそうなんだ
確かにイカもいいわよね";"";"000999E8"
"2";"00094678";"$p";"";"000999F0"
"2";"00094680";"モダン焼かな
具の中華麺が好きなんだ";"";"000999F8"
"2";"000946A8";"桂木 綾";"";"00099A00"
"2";"000946B0";"そうね、ちょっと変わってるけど
美味しいわよね";"";"00099A08"
"2";"000946E0";"$p";"";"00099A10"
"2";"000946F0";"実は広島風が好みなんだ";"";"00099A18"
"2";"00094708";"桂木 綾";"";"00099A20"
"2";"00094710";"そうなんだ、でもこのお店では
やってないみたいね";"";"00099A28"
"2";"00094740";"$p";"";"00099A30"
"2";"00094750";"このお店、どう思う？";"";"00099A38"
"2";"00094768";"桂木 綾";"";"00099A40"
"2";"00094770";"ここ、夜景がきれいなのよ
仕事帰りによるのにちょうどいいのよね";"";"00099A48"
"2";"000947B0";"桂木 綾";"";"00099A50"
"2";"000947C0";"今日は飲んじゃおうかな";"";"00099A58"
"2";"000947E0";"俺も思いっきり飲むよ！";"";"00099A60"
"2";"00094800";"俺はマイペースで飲むよ";"";"00099A68"
"2";"00094820";"俺は麦茶でちまちまやるよ";"";"00099A70"
"2";"00094840";"$p";"";"00099A78"
"2";"00094850";"いいね、俺も思いっきり飲むよ";"";"00099A80"
"2";"00094870";"桂木 綾";"";"00099A88"
"2";"00094880";"あら、あなたイケるほうなんだ
なんだかうれしいわ";"";"00099A90"
"2";"000948B0";"桂木 綾";"";"00099A98"
"2";"000948C0";"さっそく飲みましょう";"";"00099AA0"
"2";"000948D8";"$p";"";"00099AA8"
"2";"000948E0";"俺は自分のペースで行かせてもらうよ";"";"00099AB0"
"2";"00094908";"桂木 綾";"";"00099AB8"
"2";"00094910";"そうね、自分にあった飲み方が
一番美味しいものね";"";"00099AC0"
"2";"00094940";"$p";"";"00099AC8"
"2";"00094950";"俺は麦茶でちまちまとやらせてもらうよ";"";"00099AD0"
"2";"00094978";"桂木 綾";"";"00099AD8"
"2";"00094980";"あら、弱いのねえ　まあ、気にする事ないわ
楽しくやりましょう";"";"00099AE0"
"2";"000949C0";"桂木 綾";"";"00099AE8"
"2";"000949D0";"どう？　飲んでる？";"";"00099AF0"
"2";"000949F0";"ああ、飲んでるさ";"";"00099AF8"
"2";"00094A10";"マイペースでやらせてもらうよ";"";"00099B00"
"2";"00094A30";"麦茶で勘弁してください";"";"00099B08"
"2";"00094A48";"$p";"";"00099B10"
"2";"00094A50";"ああ、飲んでるさ
夏はやっぱりビールが一番さ";"";"00099B18"
"2";"00094A80";"桂木 綾";"";"00099B20"
"2";"00094A90";"そう、どんどん飲みましょう";"";"00099B28"
"2";"00094AB0";"$p";"";"00099B30"
"2";"00094AC0";"俺は自分のペースで行かせてもらうよ";"";"00099B38"
"2";"00094AE8";"桂木 綾";"";"00099B40"
"2";"00094AF0";"そうね、自分にあった飲み方が
一番美味しいものね";"";"00099B48"
"2";"00094B20";"$p";"";"00099B50"
"2";"00094B30";"麦茶で勘弁してください";"";"00099B58"
"2";"00094B48";"桂木 綾";"";"00099B60"
"2";"00094B50";"あら、弱いのねえ　まあ、気にする事ないわ
楽しくやりましょう";"";"00099B68"
"2";"00094B90";"ん？　誰だろう…";"";"00099B70"
"2";"00094BB0";"ちょっといいかしら？";"";"00099B78"
"2";"00094BC8";"綾さん…";"";"00099B80"
"2";"00094BE0";"いったいどうしたんだと、尋ねる";"";"00099B88"
"2";"00094C00";"まあ、あがりなよと、すすめる";"";"00099B90"
"2";"00094C20";"いきなり尋ねてくるなんてと、文句を言う";"";"00099B98"
"2";"00094C50";"いったいどうしたんだい？";"";"00099BA0"
"2";"00094C70";"あなたに聞いて欲しい事があるの";"";"00099BA8"
"2";"00094C90";"まあ、あがりなよ";"";"00099BB0"
"2";"00094CB0";"いえ、ここで良いわ
聞いて欲しい事があるの";"";"00099BB8"
"2";"00094CE0";"いきなり尋ねてくるなんて
どういうつもりなんだよ";"";"00099BC0"
"2";"00094D10";"ごめんなさい";"";"00099BC8"
"2";"00094D20";"どうしてもあなたに
聞いて欲しい事があって…";"";"00099BD0"
"2";"00094D50";"私はあの店で働きながら
パチプロの腕を磨いてきたの";"";"00099BD8"
"2";"00094D90";"今では、どんなパチプロにも負けない
そう思うまでになったわ";"";"00099BE0"
"2";"00094DD0";"でも、勝ちつづける事にむなしくなって…";"";"00099BE8"
"2";"00094E00";"これ以上、腕を磨いても
意味が無いって思い始めていたの";"";"00099BF0"
"2";"00094E40";"そんなとき、あなたが私の目の前に現れた";"";"00099BF8"
"2";"00094E70";"リョウジを倒す姿を見て思ったわ
新たな目標ができたって";"";"00099C00"
"2";"00094EB0";"でも盆踊りの夜
あなたが勝負している姿を見て、気付いたわ";"";"00099C08"
"2";"00094EF0";"いつのまにか、あなたを
好きになっている自分に…";"";"00099C10"
"2";"00094F20";"パチプロとしてけじめをつけるべく
挑んだパチンコ勝負だけど";"";"00099C18"
"2";"00094F60";"やっぱり、だめね…";"";"00099C20"
"2";"00094F80";"あなたに魅せられた私に
勝てるはず無かった…";"";"00099C28"
"2";"00094FB0";"お願い、私をそばに居させて
あなたと一緒に生きていきたい";"";"00099C30"
"2";"00094FF0";"いいよ、一緒に暮らそうと言う";"";"00099C38"
"2";"00095010";"まぁいいよ、一緒に暮らしてもと、投げやりに言う";"";"00099C40"
"2";"00095040";"君の気持ちにはこたえられそうに無いと断る";"";"00099C48"
"2";"00095070";"いやだね、君と暮らすなんてと断る";"";"00099C50"
"2";"000950A0";"いやなこった、俺は一人がいいんだと断る";"";"00099C58"
"2";"000950D0";"いいよ、一緒に暮らそう
綾さん";"";"00099C60"
"2";"000950F0";"まぁいいよ、一緒に暮らしても";"";"00099C68"
"2";"00095110";"残念だけど
君の気持ちにはこたえられそうに無い";"";"00099C70"
"2";"00095140";"いやだね、君と暮らすなんて
まっぴらごめんだよ";"";"00099C78"
"2";"00095170";"いやなこった
俺はひとり身の方が気楽でいい";"";"00099C80"
"2";"000951A0";"えっ、本当にいいの？";"";"00099C88"
"2";"000951C0";"…本当にダメなの？";"";"00099C90"
"2";"000951E0";"ああ、本当だ、一緒に暮らそう";"";"00099C98"
"2";"00095200";"いや、気の迷いだ、一緒には暮らせない";"";"00099CA0"
"2";"00095230";"ああ、本当だ、君と一緒には暮らせない";"";"00099CA8"
"2";"00095260";"いや、冗談だよ、一緒に暮らそう";"";"00099CB0"
"2";"00095280";"ああ、本当だ
一緒に暮らそう";"";"00099CB8"
"2";"000952A0";"いや、気の迷いだ
一緒には暮らせない";"";"00099CC0"
"2";"000952D0";"ああ、本当だ
君と一緒には暮らせない";"";"00099CC8"
"2";"00095300";"いや、冗談だよ
一緒に暮らそう";"";"00099CD0"
"2";"00095320";"うれしいわ
これでいつも一緒なのね";"";"00099CD8"
"2";"00095350";"そう…でも、聞いてくれてありがとう";"";"00099CE0"
"2";"00095380";"またお店には遊びに来てくださいね…";"";"00099CE8"
"2";"000953A8";"さよなら…";"";"00099CF0"
"2";"000953B8";"これ、あげるよ";"";"00099CF8"
"2";"000953D0";"何かしら…あら、パジャマじゃない";"";"00099D00"
"2";"00095400";"ありがとう、さっそく着てみるわね";"";"00099D08"
"2";"00095430";"なかなかステキだわ
あなたセンスあるわね";"";"00099D10"
"2";"00095460";"えっ、これって…
一体どこで手に入れてきたの";"";"00099D18"
"2";"00095490";"で、これをどうしようっていうの？";"";"00099D20"
"2";"000954C0";"君に似合うと思うから着て欲しいと堂々と頼む";"";"00099D28"
"2";"000954F0";"どうか、着ていただけないでしょうかと卑屈に頼む";"";"00099D30"
"2";"00095520";"せっかく手に入れたんだ、早く着ろと横暴に命令する";"";"00099D38"
"2";"00095560";"もし興味があったら着てくれないかと遠慮がちに聞く";"";"00099D40"
"2";"000955A0";"しょうがないわね…
いいわ、ちょっとまってて";"";"00099D48"
"2";"000955D0";"どうかしら？";"";"00099D50"
"2";"000955E0";"入社したての時は
この格好で仕事してたんだけど…";"";"00099D58"
"2";"00095610";"今着ると、ちょっと恥ずかしいわね";"";"00099D60"
"2";"00095638";"これ、君に";"";"00099D68"
"2";"00095650";"なにかしら？
まあ、水着じゃない、ありがとう";"";"00099D70"
"2";"00095680";"そうだわ、今度海にいきましょう
いいところがあるのよ";"";"00099D78"
"2";"000956C0";"海か、いいねと、つぶやく";"";"00099D80"
"2";"000956E0";"海もいいけど、俺は山がいいなと言う";"";"00099D88"
"2";"00095708";"海か、いいね";"";"00099D90"
"2";"00095718";"楽しみだわ";"";"00099D98"
"2";"00095730";"海もいいけど、俺は山がいいなあ";"";"00099DA0"
"2";"00095750";"確かに山もいいけど
せっかくの水着じゃない";"";"00099DA8"
"2";"00095780";"今度行きましょう
きっと楽しいわよ";"";"00099DB0"
"2";"000957B0";"こんばんは
来てくれたわね";"";"00099DB8"
"2";"000957D0";"綾さん、浴衣似合っているよと、本気で言う";"";"00099DC0"
"2";"00095800";"綾さん、浴衣似合っているねと、わざとらしく言う";"";"00099DC8"
"2";"00095830";"綾さん、浴衣姿は今ひとつだねと、残念がる";"";"00099DD0"
"2";"00095860";"綾さん、浴衣姿は今ひとつだねと、冗談っぽく言う";"";"00099DD8"
"2";"00095890";"綾の浴衣姿に、興味を示さない";"";"00099DE0"
"2";"000958B0";"綾さん、浴衣似合ってるよ";"";"00099DE8"
"2";"000958D0";"ありがとう";"";"00099DF0"
"2";"000958E0";"いやあ！　綾さん、浴衣似合ってるねぇ！";"";"00099DF8"
"2";"00095908";"…ありがとう";"";"00099E00"
"2";"00095920";"綾さん、浴衣は今ひとつだね";"";"00099E08"
"2";"00095940";"………";".........";"00099E10"
"2";"00095950";"綾さん、浴衣は今ひとつだね";"";"00099E18"
"2";"00095970";"ひどいわね、もう";"";"00099E20"
"2";"00095990";"夜店が色々でているなあ";"";"00099E28"
"2";"000959A8";"………";".........";"00099E30"
"2";"000959B0";"さあ、いきましょう";"";"00099E38"
"2";"000959D0";"綾さん！　よりによってそんな男と…";"";"00099E40"
"2";"00095A00";"リョウジさん、お久しぶりね";"";"00099E48"
"2";"00095A20";"綾はお前なんか相手にしていないんだよと勝ち誇る";"";"00099E50"
"2";"00095A50";"失礼ですがどなたですか？とたずねる";"";"00099E58"
"2";"00095A80";"残念だったな
綾さんはお前なんか相手にしていないんだ";"";"00099E60"
"2";"00095AC0";"…失礼ですが、どなたですか？";"";"00099E68"
"2";"00095AE0";"こ、この野郎！　バカにしやがって！";"";"00099E70"
"2";"00095B10";"やめなさい、リョウジさん
あなたではこの人にかなわないわ";"";"00099E78"
"2";"00095B50";"何を！　もう一度勝負だ！
ボクの実力、思い知らせてやる";"";"00099E80"
"2";"00095B90";"ははははっ
ボクの実力、思い知ったか！";"";"00099E88"
"2";"00095BB8";"そ、そんな…";"";"00099E90"
"2";"00095BD0";"綾さん、こんなヤツ
放っておきましょう";"";"00099E98"
"2";"00095C00";"それよりも、またボクと…";"";"00099EA0"
"2";"00095C20";"やめてください！
私、帰りますから！";"";"00099EA8"
"2";"00095C50";"ま、まってください、綾さん！";"";"00099EB0"
"2";"00095C70";"く、くそっ！
ボクじゃかなわないのか…";"";"00099EB8"
"2";"00095CA0";"やはり私が見込んだとおりだったわ…";"";"00099EC0"
"2";"00095CD0";"ごめんなさい、あなたを試していたの";"";"00099EC8"
"2";"00095D00";"いったい、どういうことだ？と尋ねる";"";"00099ED0"
"2";"00095D30";"黙って綾の話を聞く";"";"00099ED8"
"2";"00095D50";"最初から分かっていたよと、見栄を張る";"";"00099EE0"
"2";"00095D80";"それじゃ、これでと、この場を立ち去る";"";"00099EE8"
"2";"00095DB0";"いったいどういうことだい？　綾さん
試すだなんて…";"";"00099EF0"
"2";"00095DE8";"…";"";"00099EF8"
"2";"00095DF0";"最初から分かっていたよ
ウラがあるんじゃないかって";"";"00099F00"
"2";"00095E30";"そう、さすがね
私も気付かれてるんじゃないかと思っていたわ";"";"00099F08"
"2";"00095E70";"そうだったのか…
それじゃ俺はこれで帰るよ";"";"00099F10"
"2";"00095EA0";"待って！　話を聞いて";"";"00099F18"
"2";"00095EC0";"今日、盆踊りに誘ったのは
あなたの腕前を確かめたかったから…";"";"00099F20"
"2";"00095F00";"パチンコ勝負になるよう
わざとリョウジをけしかけたのよ";"";"00099F28"
"2";"00095F38";"…";"";"00099F30"
"2";"00095F40";"あなたにお願いがあるの";"";"00099F38"
"2";"00095F60";"私はパチプロとして
強い相手にめぐり合いたかった";"";"00099F40"
"2";"00095F90";"パチプロとして、私と勝負をしてほしい
もちろん無理にとは言わないわ";"";"00099F48"
"2";"00095FE0";"でも、その気があるなら
シルバームーンまで来てちょうだい";"";"00099F50"
"2";"00096020";"いつでも待っているわ…
おやすみ";"";"00099F58"
"2";"00096040";"いらっしゃいませ
シルバームーンへようこそ";"";"00099F60"
"2";"00096070";"あらお客様、このお店は初めてですね";"";"00099F68"
"2";"000960A0";"私は、$ci桂木 綾$cr
このお店のマネージャーを務めております";"";"00099F70"
"2";"000960E0";"お店ともども、どうぞよろしくお願いします";"";"00099F78"
"2";"00096110";"綾さん、そろそろボクの気持ちに
答えてくれてもいいじゃないですか";"";"00099F80"
"2";"00096150";"お客様、おやめください
他のお客様のご迷惑になりますわ";"";"00099F88"
"2";"00096190";"お客様って、つれないなぁ
「リョウ」と呼んで下さい";"";"00099F90"
"2";"000961D0";"いいかげんに、お引き取り頂けないかしら…";"";"00099F98"
"2";"00096200";"男を止める";"";"00099FA0"
"2";"00096210";"無視する";"";"00099FA8"
"2";"00096220";"おい、やめないか";"";"00099FB0"
"2";"00096240";"なんだ君は？
ボクと綾さんのジャマをしないで欲しいな";"";"00099FB8"
"2";"00096280";"およしになってくださいませんか
私はお付き合いする気はありません";"";"00099FC0"
"2";"000962C0";"まだそんな事を…";"";"00099FC8"
"2";"000962E0";"あなたには一流のパチプロたる
このボクがふさわしいのです";"";"00099FD0"
"2";"00096320";"その腕本当なのか？と言い、パチンコ勝負を挑む";"";"00099FD8"
"2";"00096350";"そうですか、がんばってくださいと言い残し、立ち去る";"";"00099FE0"
"2";"00096390";"二人の争いを、無言で眺める";"";"00099FE8"
"2";"000963B0";"その腕、本当か？
俺と勝負しようじゃないか";"";"00099FF0"
"2";"000963E0";"面白いな、いいだろう";"";"00099FF8"
"2";"00096400";"どこのウマのホネか知らないが
ひとつ、本物の味を教えてあげよう";"";"0009A000"
"2";"00096440";"そうですか、がんばってください
失礼しました";"";"0009A008"
"2";"00096470";"ジャマ者は去ったよ、綾さん
さあ、今度こそ…";"";"0009A010"
"2";"000964A0";"やめてください
これでは仕事ができません…";"";"0009A018"
"2";"000964D0";"………";".........";"0009A020"
"2";"000964E0";"何を見ている？　気色悪い奴だな
さっさと、どこかへいけ";"";"0009A028"
"2";"00096520";"綾さん、ボクはもう待てない！
今日こそうんと言ってもらうよ";"";"0009A030"
"2";"00096560";"やめてください！
ああ…　困ったわ";"";"0009A038"
"2";"00096590";"やれやれ、つまらない汗をかいてしまったな…";"";"0009A040"
"2";"000965C0";"これで分かったろう
二度とジャマするんじゃないぞ";"";"0009A048"
"2";"000965F0";"なんだ、またやられに来たのか？";"";"0009A050"
"2";"00096610";"今度こそはと、パチンコ勝負を挑む";"";"0009A058"
"2";"00096640";"いえ、なんでもありませんと言い、立ち去る";"";"0009A060"
"2";"00096670";"今度は、前のようにはいかない…　勝負だ";"";"0009A068"
"2";"000966A0";"面白い、返り討ちだ！";"";"0009A070"
"2";"000966C0";"いえ、なんでもありません";"";"0009A078"
"2";"000966E0";"フン、二流がこのボクに
気安く話し掛けないで欲しいな";"";"0009A080"
"2";"00096720";"う、ううっ…　バカな
この僕が負けるなんて…";"";"0009A088"
"2";"00096750";"だ、だがまだ君を諦めたわけじゃないぞ
綾さん！";"";"0009A090"
"2";"00096780";"ふう…　やれやれだわ…";"";"0009A098"
"2";"000967A0";"$puさんって、見かけと違って
結構腕は立つのね…";"";"0009A0A0"
"2";"000967D0";"大丈夫だったかい？と、綾を気遣う";"";"0009A0A8"
"2";"00096800";"助けたのに礼も言わないのか、と不機嫌に言う";"";"0009A0B0"
"2";"00096830";"今の男は誰？と聞く";"";"0009A0B8"
"2";"00096850";"それじゃ、これでと言い、立ち去る";"";"0009A0C0"
"2";"00096880";"大丈夫だったかい？";"";"0009A0C8"
"2";"000968A0";"あら、私は平気よ";"";"0009A0D0"
"2";"000968C0";"せっかく助けたのに、礼も言わないのか？";"";"0009A0D8"
"2";"000968F0";"ああ、ごめんなさい
そうね…";"";"0009A0E0"
"2";"00096910";"ところで、今の男は誰だ？";"";"0009A0E8"
"2";"00096930";"さあ？　でもあのお客様、以前から私に
言い寄ってきて、困ってるの";"";"0009A0F0"
"2";"00096970";"いい加減、諦めてくれないかしら…";"";"0009A0F8"
"2";"000969A0";"それじゃ、俺はこれで";"";"0009A100"
"2";"000969C0";"ねえ、お礼と言ってはなんだけど…";"";"0009A108"
"2";"000969F0";"もし良ければ
明日の夕方、お食事にでも行きません…？";"";"0009A110"
"2";"00096A30";"ああ、いいよ、と食事の約束をする";"";"0009A118"
"2";"00096A60";"お礼が欲しいわけじゃない、と申し出を断る";"";"0009A120"
"2";"00096A90";"少し考えさせて欲しい、と態度を保留する";"";"0009A128"
"2";"00096AB8";"ああ、いいよ";"";"0009A130"
"2";"00096AD0";"それじゃ、明日の夕方に
出玉町ビルのロビーで待ち合わせしましょう";"";"0009A138"
"2";"00096B10";"せっかくだから
オシャレしてきてね";"";"0009A140"
"2";"00096B40";"いや、そんなつもりじゃなかったんだ
礼なんかいらないよ";"";"0009A148"
"2";"00096B80";"あら、残念ね…
でも気が変わったら、声をかけてね";"";"0009A150"
"2";"00096BB0";"少し考えさせて欲しいな";"";"0009A158"
"2";"00096BD0";"そう、いいわよ
どうするか決めたら、声をかけてね";"";"0009A160"
"2";"00096C00";"いらっしゃいませ";"";"0009A168"
"2";"00096C20";"あ、$puさん
今何時か、教えていただけない？";"";"0009A170"
"2";"00096C50";"時間を伝える";"";"0009A178"
"2";"00096C60";"分からないと言う";"";"0009A180"
"2";"00096C80";"デタラメを教える";"";"0009A188"
"2";"00096CA0";"今の時間は大体…ぐらいだな";"";"0009A190"
"2";"00096CC0";"ありがとう";"";"0009A198"
"2";"00096CD0";"悪いけど、ちょっと分からないな";"";"0009A1A0"
"2";"00096CF0";"そう、分かったわ…";"";"0009A1A8"
"2";"00096D10";"今の時間は大体…ぐらいだな";"";"0009A1B0"
"2";"00096D30";"ありがとう";"";"0009A1B8"
"2";"00096D40";"いったいどうしたんだ？";"";"0009A1C0"
"2";"00096D60";"$ci腕時計$crが壊れて
時間が分からないのよ";"";"0009A1C8"
"2";"00096D90";"学生時代から使っていた
お気に入りだったのに…";"";"0009A1D0"
"2";"00096DC0";"$ci腕時計$crか…";"";"0009A1D8"
"2";"00096DE0";"うーん、時間が分からないと
結構不便なものなのね…";"";"0009A1E0"
"2";"00096E20";"$ci腕時計$cr、買い換えようかしら…";"";"0009A1E8"
"2";"00096E50";"綾さん、これよかったら";"";"0009A1F0"
"2";"00096E70";"えっ？　何かしら…
腕時計じゃない、いったいどうして？";"";"0009A1F8"
"2";"00096EB0";"綾さんに似合うと思ってさと、照れくさそうに言う";"";"0009A200"
"2";"00096EE0";"困ってただろ、使ってくれと、爽やかに言う";"";"0009A208"
"2";"00096F10";"俺だと思って、持っていてくれと、真剣な面持ちで言う";"";"0009A210"
"2";"00096F50";"綾さんに似合うと思ってさ…
よかったら使ってくれ";"";"0009A218"
"2";"00096F80";"綾さん、時計が壊れたって困ってたじゃない";"";"0009A220"
"2";"00096FB0";"俺だと思って…
大切にして欲しい";"";"0009A228"
"2";"00096FD0";"でも悪いわ
こんな高価な物、もらうわけには…";"";"0009A230"
"2";"00097000";"いや、遠慮はいらないよ";"";"0009A238"
"2";"00097020";"そう…
じゃあ、これはしばらく借りる事にするわね";"";"0009A240"
"2";"00097050";"助かったわ、ありがとう";"";"0009A248"
"2";"00097068";"あ、そうだわ";"";"0009A250"
"2";"00097080";"もしよかったら、今度
大海町でやっている、盆踊りに行かない？";"";"0009A258"
"2";"000970C0";"屋台も色々出ているそうだし、どうかしら？";"";"0009A260"
"2";"000970F0";"喜んで、と張り切って承諾する";"";"0009A268"
"2";"00097110";"まあ、かまわないけどと、無関心を装い、承諾する";"";"0009A270"
"2";"00097140";"夜店荒しの腕前、見せてやると凄んで承諾する";"";"0009A278"
"2";"00097170";"いや、遠慮しておくと、申し出を断る";"";"0009A280"
"2";"000971A0";"少し考えさせて欲しいと、態度を保留する";"";"0009A288"
"2";"000971C8";"ああ、喜んで";"";"0009A290"
"2";"000971E0";"まあ、少しならかまわないけど";"";"0009A298"
"2";"00097200";"またの名を、夜店荒しと言われた俺さ
泣かせたテキヤは両手じゃ足りないよ";"";"0009A2A0"
"2";"00097250";"じゃあ、明日の夜、大海町公園の入り口で
待っているわ";"";"0009A2A8"
"2";"00097290";"じゃあ、金曜の夜、大海町公園の入り口で
待っているわ";"";"0009A2B0"
"2";"000972C8";"必ず来てね";"";"0009A2B8"
"2";"000972E0";"いや、にぎやかなのは苦手なんだ
遠慮しておくよ";"";"0009A2C0"
"2";"00097310";"そう、残念ね
でも気が変わったら、声をかけてね";"";"0009A2C8"
"2";"00097340";"少し考えさせて欲しいな";"";"0009A2D0"
"2";"00097360";"そう、分かったわ
どうするか決めたら、声をかけてね";"";"0009A2D8"
"2";"00097398";"桂木 綾";"";"0009A2E0"
"2";"000973A0";"いらっしゃいませ…　あら$puさん";"";"0009A2E8"
"2";"000973C0";"桂木 綾";"";"0009A2F0"
"2";"000973D0";"ごめんなさい　今はちょっと忙しくて
お話しできそうにないわ";"";"0009A2F8"
"2";"00097410";"桂木 綾";"";"0009A300"
"2";"00097420";"日を改めて、来ていただけるかしら";"";"0009A308"
"2";"00097448";"リョウジ";"";"0009A310"
"2";"00097460";"綾さん！　僕の方を向いてください！
そんなヤツは放っておきましょう！";"";"0009A318"
"2";"000974A8";"リョウジ";"";"0009A320"
"2";"000974C0";"お前も綾さんに気安く話しかけるな！
ふたりの大切な時間を邪魔するんじゃない！　";"";"0009A328"
"2";"00097510";"桂木 綾";"";"0009A330"
"2";"00097520";"ふう…　まともに会話もできないわ
また、日を改めてくださる？";"";"0009A338"
"2";"00097560";"リョウジ";"";"0009A340"
"2";"00097570";"くっ…　今日はこれまでにしておいてやる";"";"0009A348"
"2";"00097598";"リョウジ";"";"0009A350"
"2";"000975B0";"仕方がないが、お前にはこの技をあげよう";"";"0009A358"
"2";"000975D8";"リョウジ";"";"0009A360"
"2";"000975F0";"フン、パチンコでボクの気を
引こうなんて、甘いな";"";"0009A368"
"2";"00097620";"来てくれたのね、うれしいわ";"";"0009A370"
"2";"00097640";"私と勝負してくれるのかしら？";"";"0009A378"
"2";"00097660";"パチンコ勝負を挑む";"";"0009A380"
"2";"00097680";"今はまだ勝負しない";"";"0009A388"
"2";"000976A0";"よし、勝負だ…！";"";"0009A390"
"2";"000976C0";"それじゃ、始めましょうか";"";"0009A398"
"2";"000976E0";"いや　今はそのつもりはない";"";"0009A3A0"
"2";"00097700";"そう分かったわ…";"";"0009A3A8"
"2";"00097720";"いつでも待ってるから
勝負したくなったら、声をかけてね";"";"0009A3B0"
"2";"00097760";"私の勝ちのようね";"";"0009A3B8"
"2";"00097780";"また勝負しましょう
いつでも待ってるわ";"";"0009A3C0"
"2";"000977B0";"負けだわ…　さすがね";"";"0009A3C8"
"2";"000977D0";"いや、君も強かったと、健闘をたたえる";"";"0009A3D0"
"2";"00097800";"当然の結果だよと、勝ち誇る";"";"0009A3D8"
"2";"00097820";"俺に勝てるとでも思ったのか！と、なじる";"";"0009A3E0"
"2";"00097850";"いや、君も強かった
勝てたのは、偶然さ";"";"0009A3E8"
"2";"00097880";"当然の結果だな
俺が負けるわけないじゃないか";"";"0009A3F0"
"2";"000978B0";"俺に勝てるとでも思ったのか！
甘く見られたものだよ";"";"0009A3F8"
"2";"000978F0";"勝負してくれてありがとう
今日はこれで帰るわね";"";"0009A400"
"2";"00097920";"桂木 綾";"";"0009A408"
"2";"00097930";"あなた、本当に強いのね";"";"0009A410"
"2";"00097948";"桂木 綾";"";"0009A418"
"2";"00097950";"日を改めて、ここへ来ていただけるかしら";"";"0009A420"
"2";"00097978";"桂木 綾";"";"0009A428"
"2";"00097980";"そのときは私が、あなたの相手をさせて
いただくわ";"";"0009A430"
"2";"000979B0";"桂木 綾";"";"0009A438"
"2";"000979C0";"これはあなたのものよ
受け取って";"";"0009A440"
"2";"000979E0";"桂木 綾";"";"0009A448"
"2";"000979E8";"あら　$puさん";"";"0009A450"
"2";"000979F8";"桂木 綾";"";"0009A458"
"2";"00097A00";"ごめんなさい　今はちょっと忙しくて
お相手できそうにないわ";"";"0009A460"
"2";"00097A40";"桂木 綾";"";"0009A468"
"2";"00097A50";"日を改めて、ここへ来ていただけるかしら";"";"0009A470"
"2";"00097A78";"桂木 綾";"";"0009A478"
"2";"00097A80";"私の勝ちのようね";"";"0009A480"
"2";"00097A98";"桂木 綾";"";"0009A488"
"2";"00097AA0";"また勝負しましょう　いつでも待ってるわ";"";"0009A490"
"2";"00097AC8";"桂木 綾";"";"0009A498"
"2";"00097AD0";"あなた、本当に強いのね";"";"0009A4A0"
"2";"00097AE8";"桂木 綾";"";"0009A4A8"
"2";"00097AF0";"あら　$plさん　どうしてここへ？";"";"0009A4B0"
"2";"00097B10";"桂木 綾";"";"0009A4B8"
"2";"00097B20";"夜になれば、一緒にいられるじゃない";"";"0009A4C0"
"2";"00097B48";"桂木 綾";"";"0009A4C8"
"2";"00097B50";"もう少しで帰るから、先に戻っていてね";"";"0009A4D0"
"2";"00097B78";"桂木 綾";"";"0009A4D8"
"2";"00097B80";"いらっしゃいませ
シルバームーンへようこそ";"";"0009A4E0"
"2";"00097BB0";"桂木 綾";"";"0009A4E8"
"2";"00097BC0";"あらお客様、このお店は初めてですね";"";"0009A4F0"
"2";"00097BE8";"桂木 綾";"";"0009A4F8"
"2";"00097BF0";"私は、$ci桂木 綾$cr
このお店のマネージャーを務めております";"";"0009A500"
"2";"00097C30";"桂木 綾";"";"0009A508"
"2";"00097C40";"お店ともども、どうぞよろしくお願いします";"";"0009A510"
"2";"00097C70";"桂木 綾";"";"0009A518"
"2";"00097C80";"いらっしゃいませ
あら、あなたは…";"";"0009A520"
"2";"00097CA8";"桂木 綾";"";"0009A528"
"2";"00097CB0";"奇遇ね
私、この店で働いているのよ";"";"0009A530"
"2";"00097CD8";"桂木 綾";"";"0009A538"
"2";"00097CE0";"どうぞ楽しんでいってください";"";"0009A540"
"2";"00097D00";"桂木 綾";"";"0009A548"
"2";"00097D10";"私、こうして働いてますけど
実は、この店専属のパチプロでもあるんです";"";"0009A550"
"2";"00097D58";"桂木 綾";"";"0009A558"
"2";"00097D60";"…あなたも腕に覚えがありそうね
一度お手合わせしてみたいものね";"";"0009A560"
"2";"00097DA0";"桂木 綾";"";"0009A568"
"2";"00097DB0";"ここに来たということは、
パチンコには相当の自信があるということね";"";"0009A570"
"2";"00097DF8";"桂木 綾";"";"0009A578"
"2";"00097E00";"私とパチンコ勝負してくれるのかしら？";"";"0009A580"
"2";"00097E30";"パチンコ勝負を挑む";"";"0009A588"
"2";"00097E48";"勝負しない";"";"0009A590"
"2";"00097E58";"$p";"";"0009A598"
"2";"00097E60";"よし、勝負よ…！";"";"0009A5A0"
"2";"00097E78";"桂木 綾";"";"0009A5A8"
"2";"00097E80";"それじゃ、始めましょうか";"";"0009A5B0"
"2";"00097EA0";"$p";"";"0009A5B8"
"2";"00097EB0";"いいえ　今はそのつもりはないわ";"";"0009A5C0"
"2";"00097ED0";"桂木 綾";"";"0009A5C8"
"2";"00097EE0";"そう分かったわ…";"";"0009A5D0"
"2";"00097EF8";"桂木 綾";"";"0009A5D8"
"2";"00097F00";"いつでも待ってるから
勝負したくなったら、声をかけてね";"";"0009A5E0"
"2";"00097F38";"桂木 綾";"";"0009A5E8"
"2";"00097F40";"また勝負しましょう
いつでも待ってるわ";"";"0009A5F0"
"2";"00097F68";"桂木 綾";"";"0009A5F8"
"2";"00097F70";"負けだわ…　さすがね";"";"0009A600"
"2";"00097F90";"「あなたも強かった」と、健闘をたたえる";"";"0009A608"
"2";"00097FC0";"「当然の結果よ」と、勝ち誇る";"";"0009A610"
"2";"00097FE0";"「私に勝てるとでも思ったの！」と、なじる";"";"0009A618"
"2";"00098010";"$p";"";"0009A620"
"2";"00098020";"いいえ、あなたも強かったわよ
勝てたのは、偶然よ";"";"0009A628"
"2";"00098050";"$p";"";"0009A630"
"2";"00098060";"当然の結果ね
私が負けるわけないじゃないか";"";"0009A638"
"2";"00098090";"$p";"";"0009A640"
"2";"000980A0";"私に勝てるとでも思ったの？！
甘く見られたものだわ";"";"0009A648"
"2";"000980D8";"桂木 綾";"";"0009A650"
"2";"000980E0";"いらっしゃいませ
シルバームーンへようこそ";"";"0009A658"
"2";"00098110";"桂木 綾";"";"0009A660"
"2";"00098120";"どう？　お食事付き合ってくださる？";"";"0009A668"
"2";"00098148";"付き合う";"";"0009A670"
"2";"00098158";"付き合わない";"";"0009A678"
"2";"00098168";"桂木 綾";"";"0009A680"
"2";"00098170";"それじゃ、明日の夕方に
出玉町ビルのロビーで待ち合わせましょう";"";"0009A688"
"2";"000981B0";"桂木 綾";"";"0009A690"
"2";"000981C0";"せっかくだから
オシャレしてきてね";"";"0009A698"
"2";"000981E8";"桂木 綾";"";"0009A6A0"
"2";"000981F0";"そう…　残念ね
もし気が変わったら声をかけてね";"";"0009A6A8"
"2";"00098220";"桂木 綾";"";"0009A6B0"
"2";"00098230";"今日の夕方に出玉町ビルのロビーで
待ってるわ";"";"0009A6B8"
"2";"00098260";"桂木 綾";"";"0009A6C0"
"2";"00098270";"あっ　$puさん
この前は御免なさい";"";"0009A6C8"
"2";"00098298";"桂木 綾";"";"0009A6D0"
"2";"000982A0";"急な用事が入って
どうしても待ち合わせに行けなかったの";"";"0009A6D8"
"2";"000982D8";"桂木 綾";"";"0009A6E0"
"2";"000982E0";"それで改めてお誘いしたいんだけど…";"";"0009A6E8"
"2";"00098308";"桂木 綾";"";"0009A6F0"
"2";"00098310";"もし良ければ
明日の夕方、お食事にでも行きません…？";"";"0009A6F8"
"2";"00098350";"$ci高級腕時計$crを渡しますか？";"";"0009A700"
"2";"00098370";"渡す";"";"0009A708"
"2";"00098378";"渡さない";"";"0009A710"
"2";"00098388";"桂木 綾";"";"0009A718"
"2";"00098390";"もしよかったら、今度
大海町でやっている、盆踊りに行かない？";"";"0009A720"
"2";"000983D0";"桂木 綾";"";"0009A728"
"2";"000983E0";"屋台も色々出ているそうだし、どうかしら？";"";"0009A730"
"2";"00098410";"盆踊りに行く";"";"0009A738"
"2";"00098420";"盆踊りに行かない";"";"0009A740"
"2";"00098438";"桂木 綾";"";"0009A748"
"2";"00098440";"じゃあ、明日の夜、大海町公園の入り口で
待っているわ";"";"0009A750"
"2";"00098478";"桂木 綾";"";"0009A758"
"2";"00098480";"じゃあ、金曜の夜、大海町公園の入り口で
待っているわ";"";"0009A760"
"2";"000984B8";"桂木 綾";"";"0009A768"
"2";"000984C0";"じゃあ、今日の夜、大海町公園の入り口で
待っているわ";"";"0009A770"
"2";"000984F8";"桂木 綾";"";"0009A778"
"2";"00098500";"必ず来てね";"";"0009A780"
"2";"00098510";"桂木 綾";"";"0009A788"
"2";"00098520";"そう、残念ね
でも気が変わったら、声をかけてね";"";"0009A790"
"2";"00098550";"桂木 綾";"";"0009A798"
"2";"00098560";"うーん、時間が分からないと
結構不便なものなのね…";"";"0009A7A0"
"2";"00098598";"桂木 綾";"";"0009A7A8"
"2";"000985A0";"$ci腕時計$cr、買い換えようかしら…";"";"0009A7B0"
"2";"000985C8";"桂木 綾";"";"0009A7B8"
"2";"000985D0";"りんご飴ですって
私、今まで食べたことないわ";"";"0009A7C0"
"2";"00098600";"桂木 綾";"";"0009A7C8"
"2";"00098608";"どんな味なの？";"";"0009A7D0"
"2";"00098620";"甘くてとっても美味しいんだ";"";"0009A7D8"
"2";"00098640";"りんごと飴のおりなす絶妙のハーモニーが…";"";"0009A7E0"
"2";"00098670";"単なるりんごと飴の味だよ";"";"0009A7E8"
"2";"00098690";"甘ったるくて途中で食べてて嫌になるよ";"";"0009A7F0"
"2";"000986B8";"桂木 綾";"";"0009A7F8"
"2";"000986C0";"そうなんだ
美味しそうね";"";"0009A800"
"2";"000986D8";"桂木 綾";"";"0009A808"
"2";"000986E0";"そりゃあ　そうだろうけど…";"";"0009A810"
"2";"00098700";"桂木 綾";"";"0009A818"
"2";"00098708";"そ、そうなの？";"";"0009A820"
"2";"00098718";"桂木 綾";"";"0009A828"
"2";"00098720";"でも、気になるわ
どんな味なのかしら？";"";"0009A830"
"2";"00098750";"りんご飴を買ってあげる";"";"0009A838"
"2";"00098768";"次の店に行く";"";"0009A840"
"2";"00098778";"桂木 綾";"";"0009A848"
"2";"00098780";"えっ！　私に？
ありがとう";"";"0009A850"
"2";"000987A0";"桂木 綾";"";"0009A858"
"2";"000987B0";"…美味しいわ
りんご飴ってこんな味だったのね";"";"0009A860"
"2";"000987E0";"桂木 綾";"";"0009A868"
"2";"000987F0";"他の店に行くの？
そう…";"";"0009A870"
"2";"00098808";"桂木 綾";"";"0009A878"
"2";"00098810";"あら　金魚すくいよ
ちょっとやっていきましょうよ";"";"0009A880"
"2";"00098840";"俺の腕前を見せてやるよ";"";"0009A888"
"2";"00098860";"綾の腕前を見てやるよ";"";"0009A890"
"2";"00098878";"桂木 綾";"";"0009A898"
"2";"00098880";"フフ
お手並みを拝見させていただくわ";"";"0009A8A0"
"2";"000988A8";"桂木 綾";"";"0009A8A8"
"2";"000988B0";"すごい！　５匹も！
$puさん、金魚すくい上手なのね";"";"0009A8B0"
"2";"000988E8";"桂木 綾";"";"0009A8B8"
"2";"000988F0";"その手捌きがパチンコにも
活かされているという訳ね…";"";"0009A8C0"
"2";"00098928";"桂木 綾";"";"0009A8C8"
"2";"00098930";"じゃあ、やってみようかしら
あんまり下手でも笑わないでね";"";"0009A8D0"
"2";"00098968";"桂木 綾";"";"0009A8D8"
"2";"00098970";"２５……　２６……　２７……
２８……　２９……　３０……";"25...... 26...... 27......
28...... 29...... 30......";"0009A8E0"
"2";"000989B0";"金魚すくい屋";"";"0009A8E8"
"2";"000989C0";"あ、あんた　もうやめてくれ！
店が潰れちまうよ！";"";"0009A8F0"
"2";"000989F0";"桂木 綾";"";"0009A8F8"
"2";"00098A00";"あらそう？
じゃあこのくらいで…";"";"0009A900"
"2";"00098A20";"桂木 綾";"";"0009A908"
"2";"00098A30";"ふふふ　大漁、大漁
金魚すくいって結構簡単なのね";"";"0009A910"
"2";"00098A60";"桂木 綾";"";"0009A918"
"2";"00098A70";"毎日見てるはずなのに
こういう場所で見ると何だか新鮮ね";"";"0009A920"
"2";"00098AB0";"俺の腕前を見せてやるよ";"";"0009A928"
"2";"00098AD0";"綾の腕前を見てやるよ";"";"0009A930"
"2";"00098AE8";"桂木 綾";"";"0009A938"
"2";"00098AF0";"フフ　ありがとう
でも、今日は遠慮しておくわ";"";"0009A940"
"2";"00098B20";"桂木 綾";"";"0009A948"
"2";"00098B30";"せっかくの盆踊りだもの
ここにしか無いものを楽しみましょう";"";"0009A950"
"2";"00098B70";"桂木 綾";"";"0009A958"
"2";"00098B80";"あなたの腕前を見せてもらう機会は
また別にあるでしょうし…";"";"0009A960"
"2";"00098BC0";"桂木 綾";"";"0009A968"
"2";"00098BC8";"私？　";"";"0009A970"
"2";"00098BD0";"桂木 綾";"";"0009A978"
"2";"00098BE0";"…よしておくわ
私、パチンコって全然やったことないもの";"";"0009A980"
"2";"00098C18";"桂木 綾";"";"0009A988"
"2";"00098C20";"あなたも私のパチンコなんか見たって
きっと、おもしろくないと思うわ";"";"0009A990"
"2";"00098C68";"桂木 綾";"";"0009A998"
"2";"00098C70";"盆踊りなんて随分久しぶりだわ
何年ぶりかしら？";"";"0009A9A0"
"2";"00098CA0";"桂木 綾";"";"0009A9A8"
"2";"00098CB0";"あら？
パチンコも置いてあるのね";"";"0009A9B0"
"2";"00098CD0";"桂木 綾";"";"0009A9B8"
"2";"00098CE0";"ふう、楽しかった
ちょっと休みましょうか";"";"0009A9C0"
"2";"00098D08";"桂木 綾";"";"0009A9C8"
"2";"00098D10";"私と勝負してくれるのかしら？";"";"0009A9D0"
"2";"00098D30";"パチンコ勝負を挑む";"";"0009A9D8"
"2";"00098D50";"今はまだ勝負しない";"";"0009A9E0"
"2";"00098D68";"桂木 綾";"";"0009A9E8"
"2";"00098D70";"それじゃ、始めましょうか";"";"0009A9F0"
"2";"00098D90";"桂木 綾";"";"0009A9F8"
"2";"00098DA0";"いつでも待ってるから
勝負したくなったら、声をかけてね";"";"0009AA00"
"2";"00098DD8";"桂木 綾";"";"0009AA08"
"2";"00098DE0";"あなたの実力なら
リョウジにだってきっと勝てるはずよ";"";"0009AA10"
"2";"00098E18";"桂木 綾";"";"0009AA18"
"2";"00098E20";"おはよう　$plさん";"";"0009AA20"
"2";"00098E38";"桂木 綾";"";"0009AA28"
"2";"00098E40";"おかえり　$plさん";"";"0009AA30"
"2";"00098E58";"桂木 綾";"";"0009AA38"
"2";"00098E60";"$plさん　楽しいわね";"";"0009AA40"
"2";"00098E78";"桂木 綾";"";"0009AA48"
"2";"00098E80";"いらっしゃいませ";"";"0009AA50"
"2";"00098E98";"桂木 綾";"";"0009AA58"
"2";"00098EA0";"あら、$puさん";"";"0009AA60"
"2";"00098EB0";"桂木 綾";"";"0009AA68"
"2";"00098EC0";"今、彼女と一緒に住んでいるそうじゃない";"";"0009AA70"
"2";"00098EE8";"桂木 綾";"";"0009AA78"
"2";"00098EF0";"いいのよ　無理に付き合ってくださらなくても";"";"0009AA80"
"2";"00098F20";"桂木 綾";"";"0009AA88"
"2";"00098F30";"今日の$ci夜$crに
大海町の$ciキッチンたま$crに来てくださるかしら";"";"0009AA90"
"2";"00098F70";"桂木 綾";"";"0009AA98"
"2";"00098F80";"今日の$ci夜$crに
出玉町の$ciとび天$crに来てくださるかしら";"";"0009AAA0"
"2";"00098FC0";"桂木 綾";"";"0009AAA8"
"2";"00098FD0";"お店で待ってるわね";"";"0009AAB0"
"2";"00098FE8";"桂木 綾";"";"0009AAB8"
"2";"00098FF0";"今日もいい天気よ";"";"0009AAC0"
"2";"00099008";"桂木 綾";"";"0009AAC8"
"2";"00099010";"今日も暑くなりそうね";"";"0009AAD0"
"2";"00099028";"桂木 綾";"";"0009AAD8"
"2";"00099030";"今日は大海公園で盆踊りがあるはずよ";"";"0009AAE0"
"2";"00099058";"桂木 綾";"";"0009AAE8"
"2";"00099060";"今日はパチンコ、どうだった？";"";"0009AAF0"
"2";"00099080";"ばっちり";"";"0009AAF8"
"2";"00099090";"まあまあ";"";"0009AB00"
"2";"000990A0";"まったくダメ";"";"0009AB08"
"2";"000990B0";"$p";"";"0009AB10"
"2";"000990C0";"ばっちりだったよ";"";"0009AB18"
"2";"000990D8";"桂木 綾";"";"0009AB20"
"2";"000990E0";"フフフッ　さすがね";"";"0009AB28"
"2";"000990F8";"$p";"";"0009AB30"
"2";"00099100";"まあまあだったな";"";"0009AB38"
"2";"00099118";"桂木 綾";"";"0009AB40"
"2";"00099120";"そう…
まあ、そんな日もあるわよ";"";"0009AB48"
"2";"00099140";"$p";"";"0009AB50"
"2";"00099150";"全くダメだったよ";"";"0009AB58"
"2";"00099168";"桂木 綾";"";"0009AB60"
"2";"00099170";"あなたらしくないわね…
明日はがんばってね";"";"0009AB68"
"2";"000991A0";"（じっと綾を見つめてみた…）";"";"0009AB70"
"2";"000991C0";"桂木 綾";"";"0009AB78"
"2";"000991D0";"…？　どうかした？";"";"0009AB80"
"2";"000991E8";"$p";"";"0009AB88"
"2";"000991F0";"綾さん…";"";"0009AB90"
"2";"00099200";"綾さん…　なんてかわいいんだ…！";"";"0009AB98"
"2";"00099230";"綾さん…　なんて美しいんだ…！";"";"0009ABA0"
"2";"00099250";"綾さん…　俺は幸せだ…！";"";"0009ABA8"
"2";"00099270";"綾さん…　金を貸してくれ…！";"";"0009ABB0"
"2";"00099290";"…いや、なんでもない";"";"0009ABB8"
"2";"000992A8";"$p";"";"0009ABC0"
"2";"000992B0";"綾さん…　なんてかわいいんだ…！";"";"0009ABC8"
"2";"000992D8";"桂木 綾";"";"0009ABD0"
"2";"000992E0";"な、なに？　急に…";"";"0009ABD8"
"2";"000992F8";"桂木 綾";"";"0009ABE0"
"2";"00099300";"…でも、かわいいって言われるの
うれしいわ";"";"0009ABE8"
"2";"00099330";"$p";"";"0009ABF0"
"2";"00099340";"綾さん…　なんて美しいんだ…！";"";"0009ABF8"
"2";"00099360";"桂木 綾";"";"0009AC00"
"2";"00099370";"フフフッ　ありがとう";"";"0009AC08"
"2";"00099388";"$p";"";"0009AC10"
"2";"00099390";"綾さん…　俺は幸せだ…！";"";"0009AC18"
"2";"000993B0";"桂木 綾";"";"0009AC20"
"2";"000993B8";"……$plさん…";"";"0009AC28"
"2";"000993C8";"桂木 綾";"";"0009AC30"
"2";"000993D0";"私も…　あなたと一緒にいられて幸せよ…";"";"0009AC38"
"2";"000993F8";"$p";"";"0009AC40"
"2";"00099400";"綾さん…　金を貸してくれ…！";"";"0009AC48"
"2";"00099420";"桂木 綾";"";"0009AC50"
"2";"00099430";"まあっ…　…しょうがないわね…";"";"0009AC58"
"2";"00099450";"桂木 綾";"";"0009AC60"
"2";"00099458";"がんばってね";"";"0009AC68"
"2";"00099468";"$p";"";"0009AC70"
"2";"00099470";"…いや、なんでもない";"";"0009AC78"
"2";"00099488";"桂木 綾";"";"0009AC80"
"2";"00099490";"なあに？　ヘンなひと";"";"0009AC88"
"2";"000994A8";"桂木 綾";"";"0009AC90"
"2";"000994B0";"もう渡したでしょう？
それでがんばりなさい";"";"0009AC98"
"2";"000994E0";"桂木 綾";"";"0009ACA0"
"2";"000994F0";"明日も晴れるといいわね…";"";"0009ACA8"
"2";"00099510";"桂木 綾";"";"0009ACB0"
"2";"00099520";"明日も暑くなりそうね…";"";"0009ACB8"
"2";"00099538";"桂木 綾";"";"0009ACC0"
"2";"00099540";"明日はシルバームーンのサービスデーよ";"";"0009ACC8"
"3";"0009B1C8";"片山 昭吾";"";"000A0E90"
"3";"0009B1E0";"さ、先ほどは失礼しました";"";"000A0E98"
"3";"0009B200";"片山 昭吾";"";"000A0EA0"
"3";"0009B210";"この前はぶしつけなお電話をして
すいませんでした";"";"000A0EA8"
"3";"0009B240";"片山 昭吾";"";"000A0EB0"
"3";"0009B250";"今後は、お電話は控えさせていただきます";"";"000A0EB8"
"3";"0009B278";"片山 昭吾";"";"000A0EC0"
"3";"0009B290";"先ほどは、急にお電話をさしあげて
すいませんでした";"";"000A0EC8"
"3";"0009B2C8";"片山 昭吾";"";"000A0ED0"
"3";"0009B2E0";"ご要望のものを、明日には用意できるかと
思います";"";"000A0ED8"
"3";"0009B310";"片山 昭吾";"";"000A0EE0"
"3";"0009B320";"お役に立てて光栄です！";"";"000A0EE8"
"3";"0009B338";"片山 昭吾";"";"000A0EF0"
"3";"0009B350";"今後も、本官を頼りにしてください！";"";"000A0EF8"
"3";"0009B378";"片山 昭吾";"";"000A0F00"
"3";"0009B390";"この前はぶしつけなお電話をして
すいませんでした";"";"000A0F08"
"3";"0009B3C0";"片山 昭吾";"";"000A0F10"
"3";"0009B3D0";"また、日を改めてかけ直させていただきます！";"";"000A0F18"
"3";"0009B400";"片山 昭吾";"";"000A0F20"
"3";"0009B410";"こ、この前は忙しかったでありますか？";"";"000A0F28"
"3";"0009B438";"片山 昭吾";"";"000A0F30"
"3";"0009B450";"また、日を改めて盆踊りへのお誘いの電話を
かけ直させていただきます！";"";"000A0F38"
"3";"0009B498";"片山 昭吾";"";"000A0F40"
"3";"0009B4B0";"$puさんと盆踊りへ行くことを考えると
夜も眠れません";"";"000A0F48"
"3";"0009B4E8";"片山 昭吾";"";"000A0F50"
"3";"0009B500";"次の盆踊りが楽しみであります";"";"000A0F58"
"3";"0009B520";"片山 昭吾";"";"000A0F60"
"3";"0009B530";"たっ、ただいま勤務中であります…！";"";"000A0F68"
"3";"0009B558";"片山 昭吾";"";"000A0F70"
"3";"0009B570";"本官の勤務が終わるまで、しばらく
お待ちください";"";"000A0F78"
"3";"0009B5A0";"片山 昭吾";"";"000A0F80"
"3";"0009B5B0";"もう少しで家に帰ります
今しばらくお待ちください！";"";"000A0F88"
"3";"0009B5F0";"いやああ！　$puさん！
ちょうど良かった！";"";"000A0F90"
"3";"0009B620";"どうかこれを！
お役に立てば幸いです！";"";"000A0F98"
"3";"0009B648";"受け取る";"";"000A0FA0"
"3";"0009B658";"受け取らない";"";"000A0FA8"
"3";"0009B670";"ありがとう
大事に使わせてもらうわ";"";"000A0FB0"
"3";"0009B6A0";"そうですか！　いやあ
お役に立てて光栄です！";"";"000A0FB8"
"3";"0009B6D0";"そんな
受け取るわけにはいかないわ";"";"000A0FC0"
"3";"0009B700";"えっ？　そ、そうですか？
う〜む…";"";"000A0FC8"
"3";"0009B730";"仕方ないですね
無理に押し付けても迷惑でしょうから…";"";"000A0FD0"
"3";"0009B770";"（片山さんは私に$ci観葉植物$crを
くれるみたいだけど…）";"";"000A0FD8"
"3";"0009B7B0";"（片山さんは私に【$ci1000$cr玉】を
くれるみたいだけど…）";"";"000A0FE0"
"3";"0009B7F0";"片山 昭吾";"";"000A0FE8"
"3";"0009B800";"$puさん　これがあなたの
お役に立てば幸いなのですが…";"";"000A0FF0"
"3";"0009B838";"片山 昭吾";"";"000A0FF8"
"3";"0009B850";"そうですか！　いやあ
お役に立てて光栄です！";"";"000A1000"
"3";"0009B880";"片山 昭吾";"";"000A1008"
"3";"0009B890";"仕方ないですね
無理に押し付けても迷惑でしょうから…";"";"000A1010"
"3";"0009B8D0";"いやあ$puさん！";"";"000A1018"
"3";"0009B8E0";"おお！　その浴衣、
とってもよく似合ってますよ！";"";"000A1020"
"3";"0009B910";"ありがとう";"";"000A1028"
"3";"0009B920";"…なんだか照れるわね";"";"000A1030"
"3";"0009B940";"片山さんも似合ってるわよ";"";"000A1038"
"3";"0009B960";"みんなにそう言ってるんでしょう？";"";"000A1040"
"3";"0009B988";"ありがとう";"";"000A1048"
"3";"0009B9A0";"ははは　どういたしまして！
で、ではその辺を回りましょうか！";"";"000A1050"
"3";"0009B9E0";"…なんだか照れるわね";"";"000A1058"
"3";"0009BA00";"は、はははっ　いやいや！
なんだか、こっちが照れてしまいます";"";"000A1060"
"3";"0009BA40";"片山さんも似合ってるわよ";"";"000A1068"
"3";"0009BA60";"そっそうでありますか？
いやあ　うれしいです！";"";"000A1070"
"3";"0009BA90";"それでは…
屋台でも見て回りましょうか！";"";"000A1078"
"3";"0009BAC0";"みんなにそう言ってるんでしょう？";"";"000A1080"
"3";"0009BAF0";"そっ！そんなことはありません！
$puさん以外には言いませんッ！";"";"000A1088"
"3";"0009BB30";"では、屋台でも見て回りましょうっ！";"";"000A1090"
"3";"0009BB58";"片山 昭吾";"";"000A1098"
"3";"0009BB70";"りんご飴は本官の大好物であります";"";"000A10A0"
"3";"0009BB98";"片山 昭吾";"";"000A10A8"
"3";"0009BBB0";"$puさんはりんご飴は好きですか？";"";"000A10B0"
"3";"0009BBD0";"大好き";"";"000A10B8"
"3";"0009BBD8";"好き";"";"000A10C0"
"3";"0009BBE0";"普通";"";"000A10C8"
"3";"0009BBE8";"嫌い";"";"000A10D0"
"3";"0009BBF0";"大嫌い";"";"000A10D8"
"3";"0009BBF8";"片山 昭吾";"";"000A10E0"
"3";"0009BC10";"そうでありますか！
では本官に奢らせてください";"";"000A10E8"
"3";"0009BC40";"りんご飴をもらった";"";"000A10F0"
"3";"0009BC58";"片山 昭吾";"";"000A10F8"
"3";"0009BC70";"そ、そうでありますか…";"";"000A1100"
"3";"0009BC88";"片山 昭吾";"";"000A1108"
"3";"0009BCA0";"では、次の店に行きましょうか";"";"000A1110"
"3";"0009BCC0";"片山 昭吾";"";"000A1118"
"3";"0009BCD0";"おっ！　金魚すくいですね
これは大変難しいであります";"";"000A1120"
"3";"0009BD10";"私のために金魚をとって欲しいな";"";"000A1128"
"3";"0009BD30";"あなた　これくらいのこともできないの？";"";"000A1130"
"3";"0009BD58";"金魚が可哀想…";"";"000A1138"
"3";"0009BD68";"片山 昭吾";"";"000A1140"
"3";"0009BD80";"はいっ！
お任せください！";"";"000A1148"
"3";"0009BDA0";"片山 昭吾";"";"000A1150"
"3";"0009BDB0";"な、何をおっしゃいますか！？
本官の実力、とくとご覧ください！";"";"000A1158"
"3";"0009BDF0";"片山 昭吾";"";"000A1160"
"3";"0009BE00";"確かにそうかも知れません
$puさんは心優しいのですね";"";"000A1168"
"3";"0009BE38";"片山 昭吾";"";"000A1170"
"3";"0009BE50";"はあ…はあ…はあ…";"";"000A1178"
"3";"0009BE68";"片山 昭吾";"";"000A1180"
"3";"0009BE80";"一匹だけですが
$puさんのためにすくったであります";"";"000A1188"
"3";"0009BEC0";"片山さん　ステキ！";"";"000A1190"
"3";"0009BEE0";"私のためにありがとう";"";"000A1198"
"3";"0009BF00";"たった一匹だけなの？";"";"000A11A0"
"3";"0009BF20";"金魚が可哀想だとは思わないの！";"";"000A11A8"
"3";"0009BF40";"片山 昭吾";"";"000A11B0"
"3";"0009BF50";"そ、そうでありますか？
本官、感激であります！";"";"000A11B8"
"3";"0009BF80";"片山 昭吾";"";"000A11C0"
"3";"0009BF90";"$puさんのためなら
これくらいのことは当然であります！";"";"000A11C8"
"3";"0009BFC8";"片山 昭吾";"";"000A11D0"
"3";"0009BFE0";"め、面目ありません…";"";"000A11D8"
"3";"0009BFF8";"片山 昭吾";"";"000A11E0"
"3";"0009C008";"そ、そんな…";"";"000A11E8"
"3";"0009C018";"片山 昭吾";"";"000A11F0"
"3";"0009C030";"次はカキ氷でも食べましょうか";"";"000A11F8"
"3";"0009C050";"片山 昭吾";"";"000A1200"
"3";"0009C060";"$puさんは何味のカキ氷が
好きでありますか？";"";"000A1208"
"3";"0009C090";"イチゴ味";"";"000A1210"
"3";"0009C0A0";"メロン味";"";"000A1218"
"3";"0009C0B0";"レモン味";"";"000A1220"
"3";"0009C0C0";"ブルーハワイ味";"";"000A1228"
"3";"0009C0D0";"片山 昭吾";"";"000A1230"
"3";"0009C0E0";"そうでありますか
ちょっと待ってください";"";"000A1238"
"3";"0009C108";"片山 昭吾";"";"000A1240"
"3";"0009C120";"どうぞ！　イチゴ味のカキ氷です！
食べてください";"";"000A1248"
"3";"0009C150";"片山 昭吾";"";"000A1250"
"3";"0009C160";"どうぞ！　メロン味のカキ氷です！
食べてください";"";"000A1258"
"3";"0009C190";"片山 昭吾";"";"000A1260"
"3";"0009C1A0";"どうぞ！　レモン味のカキ氷です！
食べてください";"";"000A1268"
"3";"0009C1D0";"片山 昭吾";"";"000A1270"
"3";"0009C1E0";"どうぞ！　ブルーハワイ味のカキ氷です！
食べてください";"";"000A1278"
"3";"0009C220";"美味しそうね　ありがとう！";"";"000A1280"
"3";"0009C240";"ごめんなさい　もうお腹いっぱいなの";"";"000A1288"
"3";"0009C268";"片山 昭吾";"";"000A1290"
"3";"0009C280";"その一言を聞けただけで
本官は幸せであります！";"";"000A1298"
"3";"0009C2B0";"片山 昭吾";"";"000A12A0"
"3";"0009C2C0";"そうでありますか…";"";"000A12A8"
"3";"0009C2E0";"カキ氷をもらった";"";"000A12B0"
"3";"0009C2F8";"片山 昭吾";"";"000A12B8"
"3";"0009C310";"$puさん　歩き回ってお疲れでしょう？
そこのベンチで休むであります";"";"000A12C0"
"3";"0009C360";"$puさん　どうでしたか";"";"000A12C8"
"3";"0009C380";"うん　楽しかった";"";"000A12D0"
"3";"0009C3A0";"あんまり…　楽しくなかったわ";"";"000A12D8"
"3";"0009C3C0";"うん　楽しかった";"";"000A12E0"
"3";"0009C3E0";"そうですか！　はは！
それはよかったであります！";"";"000A12E8"
"3";"0009C410";"あんまり…　楽しくなかったわ";"";"000A12F0"
"3";"0009C430";"ええっ！？　そうなのでありますか…
申し訳ありません…";"";"000A12F8"
"3";"0009C468";"$puさん";"";"000A1300"
"3";"0009C470";"うん？";"";"000A1308"
"3";"0009C480";"受け取ってもらいたいものがあります";"";"000A1310"
"3";"0009C4B0";"本官は、本気であります";"";"000A1318"
"3";"0009C4D0";"本官の気持ちはすべて、その中に書きました";"";"000A1320"
"3";"0009C500";"$puさんの
正直な気持ちを、賜りたいと思います";"";"000A1328"
"3";"0009C530";"それでは、今日はこれで
お先に失礼します";"";"000A1330"
"3";"0009C560";"夜道はくれぐれも気をつけて
お帰りください";"";"000A1338"
"3";"0009C590";"$pさんへ";"";"000A1340"
"3";"0009C5A0";"私、片山昭吾は
$pさんを愛しています";"";"000A1348"
"3";"0009C5D0";"私は、$puさんと離れ離れに
暮らしている今が不自然に思えてなりません";"";"000A1350"
"3";"0009C620";"$puさんと、
いつも一緒にいたいと思っています";"";"000A1358"
"3";"0009C650";"とはいえ、$puさんの気持ちを
無視して決めてよいものではありません";"";"000A1360"
"3";"0009C6A0";"$puさんの気持ちをうかがいたいと思います";"";"000A1368"
"3";"0009C6D0";"私と一緒に暮らしてくれるかどうか
返事を聞かせてください";"";"000A1370"
"3";"0009C710";"パチパラ町の堤防で待っています
　　　　　　　　　　片山昭吾";"";"000A1378"
"3";"0009C750";"$puさん…";"";"000A1380"
"3";"0009C760";"お待ちしていました…";"";"000A1388"
"3";"0009C780";"手紙の返事を…　聞かせてください";"";"000A1390"
"3";"0009C7B0";"私も片山さんと一緒に…";"";"000A1398"
"3";"0009C7D0";"片山さんの想いには応えられないわ…";"";"000A13A0"
"3";"0009C800";"本当に、それでいいのですか？";"";"000A13A8"
"3";"0009C820";"自分の気持ちに迷いはないわ";"";"000A13B0"
"3";"0009C840";"もう一度よく考えさせて";"";"000A13B8"
"3";"0009C858";"…よかった";"";"000A13C0"
"3";"0009C868";"分かりました";"";"000A13C8"
"3";"0009C880";"これからは警官と一市民として
接する事にします";"";"000A13D0"
"3";"0009C8B0";"それでは";"";"000A13D8"
"3";"0009C8C0";"片山 昭吾";"";"000A13E0"
"3";"0009C8D0";"これからは$plさんのお部屋で
共に暮らしていきましょう";"";"000A13E8"
"3";"0009C908";"片山 昭吾";"";"000A13F0"
"3";"0009C920";"本官はもう職務に戻らなければなりません
後程、お部屋にうかがわせていただきます";"";"000A13F8"
"3";"0009C970";"昭吾くん　はい、おみやげ";"";"000A1400"
"3";"0009C990";"おおおっ！　ありがとうございます！
本官にいただけるのですかっ！";"";"000A1408"
"3";"0009C9D0";"やあ！　パジャマですか！　今は大学の
ジャージですから　とても新鮮です！";"";"000A1410"
"3";"0009CA18";"どうでしょう？";"";"000A1418"
"3";"0009CA30";"似合っていますか？";"";"000A1420"
"3";"0009CA50";"やあ！　これは甚平ですね";"";"000A1428"
"3";"0009CA70";"自慢ではないのですが
この手の服は似合う自信があります！";"";"000A1430"
"3";"0009CAB0";"むむっ　これは…
海水パンツではないですか！";"";"000A1438"
"3";"0009CAE0";"そういえば…　職務に追われて
海水浴もろくに行っておりませんでした…";"";"000A1440"
"3";"0009CB30";"$puさん　機会があったら
ぜひ海水浴に行きましょう";"";"000A1448"
"3";"0009CB68";"片山と話をする";"";"000A1450"
"3";"0009CB80";"事件について聞く";"Ask about the case";"000A1458"
"3";"0009CB98";"何も聞かない";"Don't ask anything";"000A1460"
"3";"0009CBB0";"パチンコ屋殺人事件について聞く";"Ask about the Pachinko Parlor Murder Case";"000A1468"
"3";"0009CBD0";"柳田の他殺疑惑について聞く";"";"000A1470"
"3";"0009CBF0";"静香殺害事件について聞く";"";"000A1478"
"3";"0009CC10";"土地ブローカー殺害事件について聞く";"";"000A1480"
"3";"0009CC38";"$p";"";"000A1488"
"3";"0009CC40";"パチンコ屋の事件で、
何か分かったことはないか？";"";"000A1490"
"3";"0009CC70";"$p";"";"000A1498"
"3";"0009CC80";"パチンコ屋の事件で、
何か分かったことはない？";"";"000A14A0"
"3";"0009CCB0";"片山 昭吾";"";"000A14A8"
"3";"0009CCC0";"ええと…
殺された被害者の名前がわかりました";"";"000A14B0"
"3";"0009CCF0";"片山 昭吾";"";"000A14B8"
"3";"0009CD00";"被害者は新川直樹、年令は３０才前後";"";"000A14C0"
"3";"0009CD28";"片山 昭吾";"";"000A14C8"
"3";"0009CD40";"普段は出玉町でぶらぶらしている
ゴロツキだったそうであります";"";"000A14D0"
"3";"0009CD80";"片山 昭吾";"";"000A14D8"
"3";"0009CD90";"ただ詳しい出身地などは分かりません
年令があやふやなのもそういう理由です";"";"000A14E0"
"3";"0009CDD8";"片山 昭吾";"";"000A14E8"
"3";"0009CDF0";"ふむ…　これだけではあの男…新川が
殺される理由がわからないですね…";"";"000A14F0"
"3";"0009CE38";"$p";"";"000A14F8"
"3";"0009CE40";"柳田の他殺について、何か進展は？";"";"000A1500"
"3";"0009CE68";"$p";"";"000A1508"
"3";"0009CE70";"柳田さんの他殺について、
何か進展はあった？";"";"000A1510"
"3";"0009CEA0";"片山 昭吾";"";"000A1518"
"3";"0009CEB0";"三上警部が言うには、静香が柳田に言い
寄っていたらしい形跡があるそうです     ";"";"000A1520"
"3";"0009CF00";"片山 昭吾";"";"000A1528"
"3";"0009CF10";"ただ…　柳田さんの方は
あまり乗り気ではなかったようです     ";"";"000A1530"
"3";"0009CF50";"片山 昭吾";"";"000A1538"
"3";"0009CF60";"柳田さんには沙織という女性がいたようです
…彼としては迷惑だったでしょうね… ";"";"000A1540"
"3";"0009CFB0";"$p";"";"000A1548"
"3";"0009CFC0";"静香殺害事件で、何か分かったことは…？     ";"";"000A1550"
"3";"0009CFF0";"片山 昭吾";"";"000A1558"
"3";"0009D000";"本庁からの連絡によると、静香も銀玉…
パチンコ玉を握っていたということです";"";"000A1560"
"3";"0009D050";"片山 昭吾";"";"000A1568"
"3";"0009D060";"静香が握っていたパチンコ玉は３個です
柳田さんが４個でしたから…";"";"000A1570"
"3";"0009D0A0";"片山 昭吾";"";"000A1578"
"3";"0009D0B0";"５、４、３と、ひとつずつ
パチンコ玉が減っていることになります";"";"000A1580"
"3";"0009D0F0";"片山 昭吾";"";"000A1588"
"3";"0009D100";"これは…　あとふたり、
犠牲者を出すと言うことでしょうか…？";"";"000A1590"
"3";"0009D140";"$p";"";"000A1598"
"3";"0009D150";"岩田殺害事件で何か情報は？     ";"";"000A15A0"
"3";"0009D170";"$p";"";"000A15A8"
"3";"0009D180";"岩田殺害事件で何か情報はない？     ";"";"000A15B0"
"3";"0009D1A8";"片山 昭吾";"";"000A15B8"
"3";"0009D1C0";"岩田…　「食通の渡会」のことですが、
ここ最近$ciえの鮨$crに出入りしていたようです";"";"000A15C0"
"3";"0009D218";"片山 昭吾";"";"000A15C8"
"3";"0009D230";"$ciえの鮨$crの女将さんに話を聞いてみてはどうでしょう？";"";"000A15D0"
"3";"0009D268";"片山 昭吾";"";"000A15D8"
"3";"0009D280";"紀子さんの身元が判明しました";"";"000A15E0"
"3";"0009D2A0";"片山 昭吾";"";"000A15E8"
"3";"0009D2B0";"彼女はＫ大学の学生です
大学は現在夏休み中とのことです";"";"000A15F0"
"3";"0009D2E8";"片山 昭吾";"";"000A15F8"
"3";"0009D300";"彼女の母親は
「白石貿易」という会社の社長であります";"";"000A1600"
"3";"0009D338";"片山 昭吾";"";"000A1608"
"3";"0009D350";"彼女はその令嬢というわけですな";"";"000A1610"
"3";"0009D370";"片山 昭吾";"";"000A1618"
"3";"0009D380";"父親はいません
彼女が幼い頃に母親が離婚しています";"";"000A1620"
"3";"0009D3B8";"片山 昭吾";"";"000A1628"
"3";"0009D3D0";"その母親ですが…現在は親族一同で
海外旅行中だそうで、連絡がつきません";"";"000A1630"
"3";"0009D418";"片山 昭吾";"";"000A1638"
"3";"0009D430";"紀子さんはしばらく、この町で記憶の
経過を見ようという事になっております";"";"000A1640"
"3";"0009D478";"片山 昭吾";"Shogo Katayama";"000A1648"
"3";"0009D490";"現在鋭意捜査中であります";"We're currently investigating the matter with all our effort.";"000A1650"
"3";"0009D4B0";"片山 昭吾";"Shogo Katayama";"000A1658"
"3";"0009D4C0";"疑った罪滅ぼしというわけではないですが…
事件の情報は$puさんにもお教えします";"It’s not exactly to make up for suspecting you, but…
we'll share the case information with you as well, $pu.";"000A1660"
"3";"0009D510";"片山 昭吾";"";"000A1668"
"3";"0009D520";"静香殺害の犯人は
岩田と見て間違いないようです";"";"000A1670"
"3";"0009D550";"片山 昭吾";"";"000A1678"
"3";"0009D560";"静香は岩田と
悪だくみをしていたと言う事ですが…";"";"000A1680"
"3";"0009D590";"片山 昭吾";"";"000A1688"
"3";"0009D5A0";"殺されてしまうとは…
仲間割れでもしたのでしょうか…？";"";"000A1690"
"3";"0009D5D8";"片山 昭吾";"";"000A1698"
"3";"0009D5F0";"くれぐれもこの町から出ないように
分かったね";"";"000A16A0"
"3";"0009D620";"片山 昭吾";"";"000A16A8"
"3";"0009D630";"おはようございますっ！";"";"000A16B0"
"3";"0009D648";"片山 昭吾";"";"000A16B8"
"3";"0009D658";"こんにちは！";"";"000A16C0"
"3";"0009D668";"片山 昭吾";"";"000A16C8"
"3";"0009D678";"こんばんは！";"";"000A16D0"
"3";"0009D688";"片山 昭吾";"Shogo Katayama";"000A16D8"
"3";"0009D6A0";"$puさんには
ご迷惑をおかけしてしまいました";"I’m sorry for the trouble I’ve caused you, $pu.";"000A16E0"
"3";"0009D6D0";"片山 昭吾";"Shogo Katayama";"000A16E8"
"3";"0009D6E0";"申し訳ありませんでした";"I'm deeply sorry.";"000A16F0"
"3";"0009D6F8";"片山 昭吾";"Shogo Katayama";"000A16F8"
"3";"0009D710";"最近、気の滅入る事件が続いています
これ以上、何もなければいいのですが…";"";"000A1700"
"3";"0009D758";"片山 昭吾";"";"000A1708"
"3";"0009D770";"昼にもう一度、ここへお越しください";"";"000A1710"
"3";"0009D798";"片山 昭吾";"";"000A1718"
"3";"0009D7B0";"その頃には、鑑識の結果などが出ていると
思いますので";"";"000A1720"
"3";"0009D7E8";"片山 昭吾";"";"000A1728"
"3";"0009D800";"本官も$puさんを信じたいのですが…
今回ばかりは…";"";"000A1730"
"3";"0009D838";"片山 昭吾";"";"000A1738"
"3";"0009D850";"最近の一連の事件のせいで
住民の皆さんは不安な日々を過ごしています";"";"000A1740"
"3";"0009D898";"片山 昭吾";"";"000A1748"
"3";"0009D8B0";"市民の安全を守るべき本官としては
責任を感じずにはいられません…";"";"000A1750"
"3";"0009D8F0";"片山 昭吾";"";"000A1758"
"3";"0009D900";"間違えて同じ数の銀玉を握らせてしまった…";"";"000A1760"
"3";"0009D930";"片山 昭吾";"";"000A1768"
"3";"0009D940";"…銀玉仮面がそんな単純なミスを
犯すんでしょうか？";"";"000A1770"
"3";"0009D978";"片山 昭吾";"";"000A1778"
"3";"0009D990";"銀玉仮面…
一体、何者なんでしょうか？";"";"000A1780"
"3";"0009D9B8";"片山 昭吾";"";"000A1788"
"3";"0009D9D0";"あ、あの！　$puさんは
どんな食べ物が好きなのでありますか？";"";"000A1790"
"3";"0009DA10";"$p";"";"000A1798"
"3";"0009DA20";"食べ物？　そうね…";"";"000A17A0"
"3";"0009DA38";"ラーメン";"";"000A17A8"
"3";"0009DA50";"焼肉・ホルモン焼き";"";"000A17B0"
"3";"0009DA68";"串カツ";"Kushikatsu";"000A17B8"
"3";"0009DA70";"お好み焼き";"";"000A17C0"
"3";"0009DA80";"寿司";"";"000A17C8"
"3";"0009DA88";"洋食";"";"000A17D0"
"3";"0009DA90";"すき焼き";"";"000A17D8"
"3";"0009DAA0";"中華料理";"";"000A17E0"
"3";"0009DAB0";"甘いもの";"";"000A17E8"
"3";"0009DAC0";"$p";"";"000A17F0"
"3";"0009DAD0";"やっぱり、ラーメンかな";"";"000A17F8"
"3";"0009DAE8";"片山 昭吾";"";"000A1800"
"3";"0009DB00";"ラ、ラーメンでありますか！
何ラーメンが好きなのでありますか？";"";"000A1808"
"3";"0009DB40";"しお";"";"000A1810"
"3";"0009DB48";"みそ";"";"000A1818"
"3";"0009DB50";"しょうゆ";"";"000A1820"
"3";"0009DB60";"とんこつ";"";"000A1828"
"3";"0009DB70";"$p";"";"000A1830"
"3";"0009DB80";"しおラーメンが好きだな";"";"000A1838"
"3";"0009DB98";"片山 昭吾";"";"000A1840"
"3";"0009DBB0";"あああっ　いいですねえ！　本官も
しおラーメンが一番好きであります！";"";"000A1848"
"3";"0009DBF8";"$p";"";"000A1850"
"3";"0009DC00";"みそラーメンが好きだな";"";"000A1858"
"3";"0009DC18";"片山 昭吾";"";"000A1860"
"3";"0009DC30";"あああっ　いいですねえ！　本官も
みそラーメンが一番好きであります！";"";"000A1868"
"3";"0009DC78";"$p";"";"000A1870"
"3";"0009DC80";"しょうゆラーメンが好きだな";"";"000A1878"
"3";"0009DCA0";"片山 昭吾";"";"000A1880"
"3";"0009DCB0";"あああっ　いいですねえ！　本官も
しょうゆラーメンが一番好きであります！";"";"000A1888"
"3";"0009DCF8";"$p";"";"000A1890"
"3";"0009DD00";"とんこつラーメンが好きだな";"";"000A1898"
"3";"0009DD20";"片山 昭吾";"";"000A18A0"
"3";"0009DD30";"とんこつ！　とんこつラーメンを
知っているとは、通ですねえ！";"";"000A18A8"
"3";"0009DD70";"片山 昭吾";"";"000A18B0"
"3";"0009DD80";"本官もとんこつラーメンは大好きであります！";"";"000A18B8"
"3";"0009DDB0";"$p";"";"000A18C0"
"3";"0009DDC0";"やっぱり、焼肉とかホルモン焼きかな";"";"000A18C8"
"3";"0009DDE8";"片山 昭吾";"";"000A18D0"
"3";"0009DE00";"おおお！　そうですよねえ！
やっぱり焼肉はいいですよねえ！";"";"000A18D8"
"3";"0009DE40";"片山 昭吾";"";"000A18E0"
"3";"0009DE50";"では、焼肉の中では、どの肉が好きですか？";"";"000A18E8"
"3";"0009DE80";"牛カルビ";"";"000A18F0"
"3";"0009DE90";"牛ロース";"";"000A18F8"
"3";"0009DEA0";"牛タン";"";"000A1900"
"3";"0009DEA8";"豚バラ";"";"000A1908"
"3";"0009DEB0";"豚ロース";"";"000A1910"
"3";"0009DEC0";"シーフード";"";"000A1918"
"3";"0009DED0";"ホルモン";"";"000A1920"
"3";"0009DEE0";"野菜";"";"000A1928"
"3";"0009DEE8";"$p";"";"000A1930"
"3";"0009DEF0";"焼肉はやっぱり牛カルビが一番ね";"";"000A1938"
"3";"0009DF10";"片山 昭吾";"";"000A1940"
"3";"0009DF20";"牛カルビ！　そうですなあ！
牛カルビは焼肉の警視総監であります！";"";"000A1948"
"3";"0009DF60";"片山 昭吾";"";"000A1950"
"3";"0009DF70";"本官は牛カルビを頂くとき、
心の中で敬礼をするであります！";"";"000A1958"
"3";"0009DFB0";"$p";"";"000A1960"
"3";"0009DFC0";"焼肉はやっぱり牛ロースが一番ね";"";"000A1968"
"3";"0009DFE0";"片山 昭吾";"";"000A1970"
"3";"0009DFF0";"まったくそのとおり！";"";"000A1978"
"3";"0009E008";"$p";"";"000A1980"
"3";"0009E010";"焼肉はやっぱり牛タンが一番ね";"";"000A1988"
"3";"0009E030";"片山 昭吾";"";"000A1990"
"3";"0009E040";"牛タンですか…？　実は本官、牛タンは
まだ挑戦したことがないのであります！";"";"000A1998"
"3";"0009E090";"片山 昭吾";"";"000A19A0"
"3";"0009E0A0";"しかし$puさんがそう言われるのなら…
次の機会に挑戦したいと思います！";"";"000A19A8"
"3";"0009E0E8";"$p";"";"000A19B0"
"3";"0009E0F0";"焼肉はやっぱり豚バラが一番ね";"";"000A19B8"
"3";"0009E110";"片山 昭吾";"";"000A19C0"
"3";"0009E120";"うおお！　豚バラの同志がここに！";"";"000A19C8"
"3";"0009E148";"片山 昭吾";"";"000A19D0"
"3";"0009E160";"本官は一片の豚バラがあれば
どんぶり３杯はいけるであります！";"";"000A19D8"
"3";"0009E1A0";"$p";"";"000A19E0"
"3";"0009E1B0";"焼肉はやっぱり豚ロースが一番ね";"";"000A19E8"
"3";"0009E1D0";"片山 昭吾";"";"000A19F0"
"3";"0009E1E0";"おおおお！　ローォスですか！　いやあ
$puさんはロースと言うと思っていました！";"";"000A19F8"
"3";"0009E230";"片山 昭吾";"";"000A1A00"
"3";"0009E240";"そこはかとない気品が$puさんに
ぴったりだと思います！";"";"000A1A08"
"3";"0009E278";"$p";"";"000A1A10"
"3";"0009E280";"焼肉はやっぱりシーフードが一番ね";"";"000A1A18"
"3";"0009E2A8";"片山 昭吾";"";"000A1A20"
"3";"0009E2C0";"し、シーフード…？　あああ！
エビカニ、タコイカですな！";"";"000A1A28"
"3";"0009E2F8";"片山 昭吾";"";"000A1A30"
"3";"0009E310";"いやあ　$puさん　シーフードとは！
おしゃれな言い方をされますなあ！";"";"000A1A38"
"3";"0009E358";"$p";"";"000A1A40"
"3";"0009E360";"焼肉はやっぱりホルモンが一番ね";"";"000A1A48"
"3";"0009E380";"片山 昭吾";"";"000A1A50"
"3";"0009E390";"そうですよねえ！　安くてうまい
ホルモンにかなうものはありません！";"";"000A1A58"
"3";"0009E3D8";"$p";"";"000A1A60"
"3";"0009E3E0";"焼肉はやっぱり野菜が一番ね";"";"000A1A68"
"3";"0009E400";"片山 昭吾";"";"000A1A70"
"3";"0009E410";"やっ？　野菜ですか…？
ははあ、へ、ヘルシィですねえ！";"";"000A1A78"
"3";"0009E448";"$p";"";"000A1A80"
"3";"0009E450";"串カツとか　結構好きよ";"";"000A1A88"
"3";"0009E468";"片山 昭吾";"";"000A1A90"
"3";"0009E480";"串カツ！　で、では　串カツ屋で
最初に何を頼むでありますか？";"";"000A1A98"
"3";"0009E4C0";"串カツ";"Kushikatsu";"000A1AA0"
"3";"0009E4C8";"すなぎも";"";"000A1AA8"
"3";"0009E4D8";"うずら";"";"000A1AB0"
"3";"0009E4E0";"ウインナー";"";"000A1AB8"
"3";"0009E4F0";"しいたけ";"";"000A1AC0"
"3";"0009E500";"キャベツ";"";"000A1AC8"
"3";"0009E510";"$p";"";"000A1AD0"
"3";"0009E520";"やっぱり、串カツよ";"";"000A1AD8"
"3";"0009E538";"片山 昭吾";"";"000A1AE0"
"3";"0009E550";"そうですよねえ！　本官も店に入ってまず
２０本の串カツを頼むであります！";"";"000A1AE8"
"3";"0009E598";"$p";"";"000A1AF0"
"3";"0009E5A0";"やっぱり、すなぎもかな";"";"000A1AF8"
"3";"0009E5B8";"片山 昭吾";"";"000A1B00"
"3";"0009E5D0";"１本目から鳥レバーでありますか！？
ほ、本官には少し理解できませんが…";"";"000A1B08"
"3";"0009E618";"片山 昭吾";"";"000A1B10"
"3";"0009E630";"そういう謎めいたところも
$puさんの魅力なのでありましょうな…";"";"000A1B18"
"3";"0009E670";"$p";"";"000A1B20"
"3";"0009E680";"１本目はうずらに決まってるわ";"";"000A1B28"
"3";"0009E6A0";"片山 昭吾";"";"000A1B30"
"3";"0009E6B0";"ああ、うずらもいいですねえ
ほっとする味でありますな！";"";"000A1B38"
"3";"0009E6E8";"$p";"";"000A1B40"
"3";"0009E6F0";"やっぱりウインナーかな";"";"000A1B48"
"3";"0009E708";"片山 昭吾";"";"000A1B50"
"3";"0009E720";"ウインナーとは、これはまたかわいらしい";"";"000A1B58"
"3";"0009E748";"片山 昭吾";"";"000A1B60"
"3";"0009E760";"でも、本官も時々タコさんウインナーが無性
に食べたくなる時があるであります！";"";"000A1B68"
"3";"0009E7B0";"$p";"";"000A1B70"
"3";"0009E7C0";"そうね、しいたけかな";"";"000A1B78"
"3";"0009E7D8";"片山 昭吾";"";"000A1B80"
"3";"0009E7E8";"しっ………！";"";"000A1B88"
"3";"0009E7F8";"片山 昭吾";"";"000A1B90"
"3";"0009E810";"………………………しいたけですか…";"";"000A1B98"
"3";"0009E838";"$p";"";"000A1BA0"
"3";"0009E840";"そんなの　キャベツに決まってるじゃない！";"";"000A1BA8"
"3";"0009E870";"片山 昭吾";"";"000A1BB0"
"3";"0009E880";"たっ確かに
一番目の前にあるものではありますが…";"";"000A1BB8"
"3";"0009E8B0";"$p";"";"000A1BC0"
"3";"0009E8C0";"う〜ん　お好み焼きかな";"";"000A1BC8"
"3";"0009E8D8";"片山 昭吾";"";"000A1BD0"
"3";"0009E8F0";"なるほど〜！　$puさんは
お好み焼きが好きなのでありますか！";"";"000A1BD8"
"3";"0009E930";"片山 昭吾";"";"000A1BE0"
"3";"0009E940";"本官もコナモンは大好きであります
…と、そういえば…";"";"000A1BE8"
"3";"0009E978";"片山 昭吾";"";"000A1BF0"
"3";"0009E990";"$puさんは、「お好み焼き定食」は
お好きでありますか？";"";"000A1BF8"
"3";"0009E9C8";"好き";"";"000A1C00"
"3";"0009E9D0";"嫌い";"";"000A1C08"
"3";"0009E9E0";"お好み焼き定食？";"";"000A1C10"
"3";"0009E9F8";"$p";"";"000A1C18"
"3";"0009EA00";"うん　好きよ";"";"000A1C20"
"3";"0009EA10";"片山 昭吾";"";"000A1C28"
"3";"0009EA20";"そうですか！　いやあ！　本官の周りには
食べたことのない人が多くて…";"";"000A1C30"
"3";"0009EA68";"$p";"";"000A1C38"
"3";"0009EA70";"私は嫌いだな";"";"000A1C40"
"3";"0009EA80";"片山 昭吾";"";"000A1C48"
"3";"0009EA90";"えっ　そうなのですか…？
す、少し残念であります…";"";"000A1C50"
"3";"0009EAC8";"$p";"";"000A1C58"
"3";"0009EAD0";"お好み焼き定食って何？";"";"000A1C60"
"3";"0009EAE8";"片山 昭吾";"";"000A1C68"
"3";"0009EB00";"ご存知ないのですか？
お好み焼きにご飯とみそ汁のセットですよ？";"";"000A1C70"
"3";"0009EB40";"へえ　おいしそう";"";"000A1C78"
"3";"0009EB60";"う〜ん　私はあんまり…";"";"000A1C80"
"3";"0009EB78";"$p";"";"000A1C88"
"3";"0009EB80";"へえ　おいしそう！";"";"000A1C90"
"3";"0009EB98";"片山 昭吾";"";"000A1C98"
"3";"0009EBB0";"そうですか！
機会があったら今度食べにいきましょう！";"";"000A1CA0"
"3";"0009EBE8";"$p";"";"000A1CA8"
"3";"0009EBF0";"う〜ん　私はあんまり…";"";"000A1CB0"
"3";"0009EC08";"片山 昭吾";"";"000A1CB8"
"3";"0009EC20";"私は　お寿司が好きだな";"";"000A1CC0"
"3";"0009EC38";"片山 昭吾";"";"000A1CC8"
"3";"0009EC50";"お寿司ですか！　いいですねえ！
では、ネタは何が好きなのでありますか？";"";"000A1CD0"
"3";"0009EC98";"トロ";"";"000A1CD8"
"3";"0009ECA0";"ヒラメの縁側";"";"000A1CE0"
"3";"0009ECB0";"コハダ";"";"000A1CE8"
"3";"0009ECB8";"イカ";"";"000A1CF0"
"3";"0009ECC0";"ウニ";"";"000A1CF8"
"3";"0009ECC8";"穴子";"";"000A1D00"
"3";"0009ECD0";"鉄火巻";"";"000A1D08"
"3";"0009ECD8";"玉子";"";"000A1D10"
"3";"0009ECE0";"ガリ";"";"000A1D18"
"3";"0009ECE8";"$p";"";"000A1D20"
"3";"0009ECF0";"お寿司といえばトロでしょう！";"";"000A1D28"
"3";"0009ED10";"片山 昭吾";"";"000A1D30"
"3";"0009ED20";"トロ！　いいですねえ！";"";"000A1D38"
"3";"0009ED38";"片山 昭吾";"";"000A1D40"
"3";"0009ED50";"本官もいつかは値段を気にせず、
山のように食べてみたいであります！";"";"000A1D48"
"3";"0009ED98";"$p";"";"000A1D50"
"3";"0009EDA0";"ヒラメの縁側とか、結構好きよ";"";"000A1D58"
"3";"0009EDC0";"片山 昭吾";"";"000A1D60"
"3";"0009EDD0";"ヒラメの縁側…？
それはヒラメのヒレみたいなものですか…？";"";"000A1D68"
"3";"0009EE10";"片山 昭吾";"";"000A1D70"
"3";"0009EE20";"い、いやあ！　もちろん
本官は食べたことがありますよ！";"";"000A1D78"
"3";"0009EE58";"$p";"";"000A1D80"
"3";"0009EE60";"やっぱり　お寿司はコハダね";"";"000A1D88"
"3";"0009EE80";"片山 昭吾";"";"000A1D90"
"3";"0009EE90";"コハダですか！
まるで玄人みたいなことを言うんですねえ！";"";"000A1D98"
"3";"0009EEC8";"片山 昭吾";"";"000A1DA0"
"3";"0009EEE0";"本官もコハダは好物ですよ！";"";"000A1DA8"
"3";"0009EF00";"$p";"";"000A1DB0"
"3";"0009EF10";"お寿司だったら…　イカかな";"";"000A1DB8"
"3";"0009EF30";"片山 昭吾";"";"000A1DC0"
"3";"0009EF40";"イカでありますか…？　本官はイカと言えば
噛み切れないようなものばかりしか…";"";"000A1DC8"
"3";"0009EF90";"片山 昭吾";"";"000A1DD0"
"3";"0009EFA0";"まさか$puさん　そういう噛み切れない
イカが好きなのでありますか…？";"";"000A1DD8"
"3";"0009EFF0";"噛み切れるイカが好き";"";"000A1DE0"
"3";"0009F010";"噛み切れないイカが好き";"";"000A1DE8"
"3";"0009F028";"$p";"";"000A1DF0"
"3";"0009F030";"それはやっぱり、噛み切れる方が好きよ";"";"000A1DF8"
"3";"0009F058";"片山 昭吾";"";"000A1E00"
"3";"0009F070";"そうですよねえ…　安心したであります…";"";"000A1E08"
"3";"0009F098";"$p";"";"000A1E10"
"3";"0009F0A0";"そう？
噛み切れないイカが好きなんだけど…";"";"000A1E18"
"3";"0009F0D0";"片山 昭吾";"";"000A1E20"
"3";"0009F0E0";"えっ！？　い、いやあ！　実は本官も
噛み切れないイカは大好きであります！";"";"000A1E28"
"3";"0009F128";"$p";"";"000A1E30"
"3";"0009F130";"ウニとか、お寿司を食べたって気がするわね";"";"000A1E38"
"3";"0009F160";"片山 昭吾";"";"000A1E40"
"3";"0009F170";"ウニですか…　高級食材でありますね…";"";"000A1E48"
"3";"0009F198";"片山 昭吾";"";"000A1E50"
"3";"0009F1B0";"本官には正直、
あまりなじみのない食べ物であります…";"";"000A1E58"
"3";"0009F1E8";"$p";"";"000A1E60"
"3";"0009F1F0";"やっぱり、穴子かな";"";"000A1E68"
"3";"0009F208";"片山 昭吾";"";"000A1E70"
"3";"0009F220";"本官も穴子は大好きであります！";"";"000A1E78"
"3";"0009F240";"片山 昭吾";"";"000A1E80"
"3";"0009F250";"初任給をもらった時、
最初に食べた食べ物が穴子でありました！";"";"000A1E88"
"3";"0009F290";"$p";"";"000A1E90"
"3";"0009F2A0";"そうね…　鉄火巻が好きかな…";"";"000A1E98"
"3";"0009F2C0";"片山 昭吾";"";"000A1EA0"
"3";"0009F2D0";"鉄火ですか…　寿司の中ではカッパと並んで
縁の下の力持ち的存在でありますな…";"";"000A1EA8"
"3";"0009F320";"片山 昭吾";"";"000A1EB0"
"3";"0009F330";"$puさんもそういう鉄火巻のけなげな
部分に惹かれているのでしょうね…";"";"000A1EB8"
"3";"0009F378";"片山 昭吾";"";"000A1EC0"
"3";"0009F390";"…というのは
本官の勝手な思い込みであります";"";"000A1EC8"
"3";"0009F3C0";"$p";"";"000A1ED0"
"3";"0009F3D0";"お寿司の玉子って、結構好きなの";"";"000A1ED8"
"3";"0009F3F0";"片山 昭吾";"";"000A1EE0"
"3";"0009F400";"確かに　それに玉子は、その寿司屋の腕前の
差が出やすいネタでありますからな…";"";"000A1EE8"
"3";"0009F450";"片山 昭吾";"";"000A1EF0"
"3";"0009F460";"きっと$puさんが食べた寿司屋は、
いい寿司屋だったんでしょう";"";"000A1EF8"
"3";"0009F4A0";"$p";"";"000A1F00"
"3";"0009F4B0";"そうね…　ガリかな…";"";"000A1F08"
"3";"0009F4C8";"片山 昭吾";"";"000A1F10"
"3";"0009F4E0";"えっ？　ガリと言うと…
あのガリでありますか…？　";"";"000A1F18"
"3";"0009F518";"片山 昭吾";"";"000A1F20"
"3";"0009F530";"それは…　他の寿司ネタを食べずに
ガリのみを食べると言うことでありますか？";"";"000A1F28"
"3";"0009F580";"そうね　ガリばっかり";"";"000A1F30"
"3";"0009F598";"違うわよ";"";"000A1F38"
"3";"0009F5A8";"$p";"";"000A1F40"
"3";"0009F5B0";"そうね　ガリばっかり食べたいな";"";"000A1F48"
"3";"0009F5D0";"片山 昭吾";"";"000A1F50"
"3";"0009F5E0";"そ、そうですか…　いや、こんなことを
言うのは差し出がましいかもしれませんが…";"";"000A1F58"
"3";"0009F630";"片山 昭吾";"";"000A1F60"
"3";"0009F640";"他の寿司も食べた方が良いと思うであります";"";"000A1F68"
"3";"0009F670";"$p";"";"000A1F70"
"3";"0009F680";"違うわよ
いくら好きでもガリばっかりは食べないわ";"";"000A1F78"
"3";"0009F6B0";"片山 昭吾";"";"000A1F80"
"3";"0009F6C0";"そっ　そうですよね　安心したであります…";"";"000A1F88"
"3";"0009F6F0";"$p";"";"000A1F90"
"3";"0009F700";"私、洋食屋さんのメニューが大好きなの";"";"000A1F98"
"3";"0009F728";"片山 昭吾";"";"000A1FA0"
"3";"0009F740";"ははあ！　洋食ですか！
ごちそうですからねえ！";"";"000A1FA8"
"3";"0009F770";"片山 昭吾";"";"000A1FB0"
"3";"0009F780";"では、洋食では
何が一番好きなのでありますか？";"";"000A1FB8"
"3";"0009F7B0";"カレーライス";"";"000A1FC0"
"3";"0009F7C0";"ハヤシライス";"";"000A1FC8"
"3";"0009F7D0";"オムライス";"";"000A1FD0"
"3";"0009F7E0";"ハンバーグ";"";"000A1FD8"
"3";"0009F7F0";"エビフライ";"";"000A1FE0"
"3";"0009F800";"メンチカツ";"";"000A1FE8"
"3";"0009F810";"コロッケ";"";"000A1FF0"
"3";"0009F820";"ビーフシチュー";"";"000A1FF8"
"3";"0009F830";"$p";"";"000A2000"
"3";"0009F840";"やっぱりカレーが好きかな";"";"000A2008"
"3";"0009F860";"片山 昭吾";"";"000A2010"
"3";"0009F870";"カレー！
本官も、カレーライスは大好物であります！";"";"000A2018"
"3";"0009F8A8";"片山 昭吾";"";"000A2020"
"3";"0009F8C0";"ただ、あの「ライスカレー」というヤツは
気取っているようで好きではありません！";"";"000A2028"
"3";"0009F910";"$p";"";"000A2030"
"3";"0009F920";"ハヤシライスとか大好きよ";"";"000A2038"
"3";"0009F940";"片山 昭吾";"";"000A2040"
"3";"0009F950";"ハヤシ…？
本官は食べたことがありませんが…";"";"000A2048"
"3";"0009F980";"片山 昭吾";"";"000A2050"
"3";"0009F990";"そもそも「ハヤシ」とは、何語なのでありましょう…？";"";"000A2058"
"3";"0009F9C8";"$p";"";"000A2060"
"3";"0009F9D0";"私、オムライスが大好きなの";"";"000A2068"
"3";"0009F9F0";"片山 昭吾";"";"000A2070"
"3";"0009FA00";"オムライスですか！　いやあ！　いいですなあ";"";"000A2078"
"3";"0009FA30";"片山 昭吾";"";"000A2080"
"3";"0009FA40";"オムライスを食べている$puさんを思い
浮かべると、心が和む思いであります！";"";"000A2088"
"3";"0009FA90";"$p";"";"000A2090"
"3";"0009FAA0";"そうね…　ハンバーグかな";"";"000A2098"
"3";"0009FAC0";"片山 昭吾";"";"000A20A0"
"3";"0009FAD0";"ああ！　ハンバーグ！　いいですねえ！";"";"000A20A8"
"3";"0009FAF8";"片山 昭吾";"";"000A20B0"
"3";"0009FB10";"あの肉汁を想像すると…　明日の
夕食はハンバーグに決まりであります！";"";"000A20B8"
"3";"0009FB58";"$p";"";"000A20C0"
"3";"0009FB60";"エビフライとか、好きかな";"";"000A20C8"
"3";"0009FB80";"片山 昭吾";"";"000A20D0"
"3";"0009FB90";"エビフライですか…　本官には、
エビフライを食べた記憶がほとんどありません…！ ";"";"000A20D8"
"3";"0009FBE0";"片山 昭吾";"";"000A20E0"
"3";"0009FBF0";"エビフライがどんな形をしているのかさえも
分からないであります…！";"";"000A20E8"
"3";"0009FC38";"$p";"";"000A20F0"
"3";"0009FC40";"そうだな…　メンチカツとか好きよ";"";"000A20F8"
"3";"0009FC68";"片山 昭吾";"";"000A2100"
"3";"0009FC80";"メンチカツ？　どんな食べ物ですか？";"";"000A2108"
"3";"0009FCB0";"カツの中身がミンチなもの";"";"000A2110"
"3";"0009FCD0";"ハンバーグをカツにしたもの";"";"000A2118"
"3";"0009FCF0";"$p";"";"000A2120"
"3";"0009FD00";"カツの中身がミンチになっている食べ物よ";"";"000A2128"
"3";"0009FD28";"$p";"";"000A2130"
"3";"0009FD30";"ハンバーグに衣を着けて揚げた
カツみたいな食べ物よ";"";"000A2138"
"3";"0009FD68";"片山 昭吾";"";"000A2140"
"3";"0009FD80";"ははあ…　そんな食べ物があるのですか…
$puさんは食べ物に詳しいですなあ…！";"";"000A2148"
"3";"0009FDD0";"$p";"";"000A2150"
"3";"0009FDE0";"う〜ん　やっぱりコロッケかな";"";"000A2158"
"3";"0009FE00";"片山 昭吾";"";"000A2160"
"3";"0009FE10";"ああ　コロッケが好きだなんて！
本官は少し安心しました！";"";"000A2168"
"3";"0009FE48";"片山 昭吾";"";"000A2170"
"3";"0009FE60";"そうですねえ　揚げたてのコロッケには、
何物にも替えがたいものがあるであります！";"";"000A2178"
"3";"0009FEB0";"$p";"";"000A2180"
"3";"0009FEC0";"ビーフシチューが好きだな…";"";"000A2188"
"3";"0009FEE0";"片山 昭吾";"";"000A2190"
"3";"0009FEF0";"ビーフシチューとは…　これまたハイグレードな…";"";"000A2198"
"3";"0009FF20";"片山 昭吾";"";"000A21A0"
"3";"0009FF30";"本官などは名前を聞いただけで
目がくらみそうであります…！";"";"000A21A8"
"3";"0009FF70";"$p";"";"000A21B0"
"3";"0009FF80";"好きな食べ物…　やっぱりすき焼きかな";"";"000A21B8"
"3";"0009FFA8";"片山 昭吾";"";"000A21C0"
"3";"0009FFC0";"すき焼きですか…
もっもちろん食べたことはあるであります！";"";"000A21C8"
"3";"000A0000";"片山 昭吾";"";"000A21D0"
"3";"000A0010";"ただ…　一流のすき焼き屋の特上のものは
本官にとっては天文学的な数字であります…";"";"000A21D8"
"3";"000A0060";"$p";"";"000A21E0"
"3";"000A0070";"中華料理とか　好きだよ";"";"000A21E8"
"3";"000A0088";"片山 昭吾";"";"000A21F0"
"3";"000A00A0";"中華というと…　ラーメンとか
ギョーザとかチャーハンとかですな";"";"000A21F8"
"3";"000A00E0";"片山 昭吾";"";"000A2200"
"3";"000A00F0";"本官は、
中華丼のウズラの卵が大好きなのであります";"";"000A2208"
"3";"000A0128";"$p";"";"000A2210"
"3";"000A0130";"やっぱり、甘いものには目がないのよね";"";"000A2218"
"3";"000A0158";"片山 昭吾";"";"000A2220"
"3";"000A0170";"本官も、甘いもの好きと言うことでは
負けないであります";"";"000A2228"
"3";"000A01A8";"片山 昭吾";"";"000A2230"
"3";"000A01C0";"ところで$puさんは…　「こしあん」と
「つぶあん」、どちらがお好きですか？";"";"000A2238"
"3";"000A0210";"こしあん";"";"000A2240"
"3";"000A0220";"つぶあん";"";"000A2248"
"3";"000A0230";"両方好き";"";"000A2250"
"3";"000A0240";"あんこは嫌い";"";"000A2258"
"3";"000A0250";"$p";"";"000A2260"
"3";"000A0260";"やっぱり「こしあん」でしょう";"";"000A2268"
"3";"000A0280";"片山 昭吾";"";"000A2270"
"3";"000A0290";"そうですよねえ！　本官はつぶあんの
「つぶ」の存在意義が分からないであります";"";"000A2278"
"3";"000A02E0";"$p";"";"000A2280"
"3";"000A02F0";"やっぱり「つぶあん」でしょう";"";"000A2288"
"3";"000A0310";"片山 昭吾";"";"000A2290"
"3";"000A0320";"ええっ　つぶあんですか？
いや…　少し残念です…";"";"000A2298"
"3";"000A0350";"$p";"";"000A22A0"
"3";"000A0360";"あんこだったら両方好きよ";"";"000A22A8"
"3";"000A0380";"片山 昭吾";"";"000A22B0"
"3";"000A0390";"ははあ、そうですか
まあ、普通の人はそうでしょうねえ";"";"000A22B8"
"3";"000A03C8";"$p";"";"000A22C0"
"3";"000A03D0";"私、あんこは嫌いなの";"";"000A22C8"
"3";"000A03E8";"片山 昭吾";"";"000A22D0"
"3";"000A0400";"えっ！？　そうなのですか？
いや…　本官は結構好きなのでありますが…";"";"000A22D8"
"3";"000A0448";"片山 昭吾";"";"000A22E0"
"3";"000A0460";"おはようございますっ！　$plさん";"";"000A22E8"
"3";"000A0480";"片山 昭吾";"";"000A22F0"
"3";"000A0490";"おかえりなさい！　$plさん";"";"000A22F8"
"3";"000A04B0";"片山 昭吾";"";"000A2300"
"3";"000A04C0";"$plさん　楽しいですっ！";"";"000A2308"
"3";"000A04D8";"片山 昭吾";"";"000A2310"
"3";"000A04F0";"今、彼と一緒に住んでいらっしゃるそうで…";"";"000A2318"
"3";"000A0520";"片山 昭吾";"";"000A2320"
"3";"000A0530";"できれば、もう少し早く知りたかったで
あります";"";"000A2328"
"3";"000A0560";"片山 昭吾";"";"000A2330"
"3";"000A0570";"明日の$ci夜$crに
大海町の$ciえの鮨$crに来てください";"";"000A2338"
"3";"000A05A8";"片山 昭吾";"";"000A2340"
"3";"000A05C0";"今日の$ci夜$crに
大海町の$ciえの鮨$crに来てください";"";"000A2348"
"3";"000A05F8";"片山 昭吾";"";"000A2350"
"3";"000A0610";"明日の$ci夕方$crに
出玉町の$ciロイヤルホテル出玉$crに来てください";"";"000A2358"
"3";"000A0658";"片山 昭吾";"";"000A2360"
"3";"000A0670";"今日の$ci夕方$crに
出玉町の$ciロイヤルホテル出玉$crに来てください";"";"000A2368"
"3";"000A06B8";"片山 昭吾";"";"000A2370"
"3";"000A06D0";"お待ちしています！";"";"000A2378"
"3";"000A06E8";"片山 昭吾";"";"000A2380"
"3";"000A0700";"できれば、約束を守っていただきたかったです";"";"000A2388"
"3";"000A0730";"片山 昭吾";"";"000A2390"
"3";"000A0740";"今日の夜、ホルモン焼き屋玉ちゃんへ来てください";"";"000A2398"
"3";"000A0770";"片山 昭吾";"";"000A23A0"
"3";"000A0780";"今日もいい天気であります！";"";"000A23A8"
"3";"000A07A0";"片山 昭吾";"";"000A23B0"
"3";"000A07B0";"今日も暑くなりそうですね！
熱射病・熱中症には御注意ください！";"";"000A23B8"
"3";"000A07F0";"片山 昭吾";"";"000A23C0"
"3";"000A0800";"今日は大海公園で盆踊りがあるであります！";"";"000A23C8"
"3";"000A0830";"片山 昭吾";"";"000A23D0"
"3";"000A0840";"今日のパチンコはどうでありましたか？";"";"000A23D8"
"3";"000A0868";"ばっちり";"";"000A23E0"
"3";"000A0878";"まあまあ";"";"000A23E8"
"3";"000A0888";"まったくダメ";"";"000A23F0"
"3";"000A0898";"$p";"";"000A23F8"
"3";"000A08A0";"ばっちりだったわ";"";"000A2400"
"3";"000A08B8";"片山 昭吾";"";"000A2408"
"3";"000A08D0";"そうでありますか！
よかったでありますね！";"";"000A2410"
"3";"000A0900";"$p";"";"000A2418"
"3";"000A0910";"まあまあだったかな";"";"000A2420"
"3";"000A0928";"片山 昭吾";"";"000A2428"
"3";"000A0940";"そうでありますか！　明日は
より多くの当りがくる事を祈っております！";"";"000A2430"
"3";"000A0988";"$p";"";"000A2438"
"3";"000A0990";"全くダメだったわ";"";"000A2440"
"3";"000A09A8";"片山 昭吾";"";"000A2448"
"3";"000A09C0";"そうでありますか…　大丈夫！
明日はきっと今日の分も出るであります！";"";"000A2450"
"3";"000A0A10";"（じっと昭吾くんを見つめてみた…）";"";"000A2458"
"3";"000A0A38";"片山 昭吾";"";"000A2460"
"3";"000A0A50";"な、何でありましょうか…？";"";"000A2468"
"3";"000A0A70";"$p";"";"000A2470"
"3";"000A0A78";"昭吾くん…";"";"000A2478"
"3";"000A0A90";"昭吾くん…　かわいい…！";"";"000A2480"
"3";"000A0AB0";"昭吾くん…　私、幸せよ…！";"";"000A2488"
"3";"000A0AD0";"昭吾くん…　お金が欲しいんだけど…";"";"000A2490"
"3";"000A0B00";"…ううん、なんでもない";"";"000A2498"
"3";"000A0B18";"$p";"";"000A24A0"
"3";"000A0B20";"昭吾くん…　かわいい…！";"";"000A24A8"
"3";"000A0B40";"片山 昭吾";"";"000A24B0"
"3";"000A0B50";"な、なんですか　急に…！
照れるではありませんか！";"";"000A24B8"
"3";"000A0B88";"片山 昭吾";"";"000A24C0"
"3";"000A0BA0";"ややややややややめてください！
そんなに本官を見つめるのは…！";"";"000A24C8"
"3";"000A0BE0";"$p";"";"000A24D0"
"3";"000A0BF0";"昭吾くん…　私、幸せよ…！";"";"000A24D8"
"3";"000A0C10";"片山 昭吾";"";"000A24E0"
"3";"000A0C20";"$plさん…";"";"000A24E8"
"3";"000A0C30";"片山 昭吾";"";"000A24F0"
"3";"000A0C40";"本官も…　幸せであります";"";"000A24F8"
"3";"000A0C60";"$p";"";"000A2500"
"3";"000A0C70";"昭吾くん…　お金が欲しいんだけど…";"";"000A2508"
"3";"000A0C98";"片山 昭吾";"";"000A2510"
"3";"000A0CB0";"えっ！？　…しょうがないですね";"";"000A2518"
"3";"000A0CD0";"片山 昭吾";"";"000A2520"
"3";"000A0CE0";"ムダ遣いなどしないでくださいよ！";"";"000A2528"
"3";"000A0D08";"片山 昭吾";"";"000A2530"
"3";"000A0D20";"だっ　駄目です！
もう渡したではありませんか！";"";"000A2538"
"3";"000A0D50";"$p";"";"000A2540"
"3";"000A0D60";"…ううん、なんでもない";"";"000A2548"
"3";"000A0D78";"片山 昭吾";"";"000A2550"
"3";"000A0D90";"そっ　そうですか…！
いやあ　どきどきしました…！";"";"000A2558"
"3";"000A0DC8";"片山 昭吾";"";"000A2560"
"3";"000A0DE0";"明日も晴れるといいですね！";"";"000A2568"
"3";"000A0E00";"片山 昭吾";"";"000A2570"
"3";"000A0E10";"明日も暑くなりそうであります！";"";"000A2578"
"3";"000A0E30";"片山 昭吾";"";"000A2580"
"3";"000A0E40";"本官の得た情報によると、明日は銀玉会館の
サービスデーとのことであります！";"";"000A2588"
"4";"000A2828";"黒崎 竜介";"";"000A3548"
"4";"000A2838";"…なんだ？";"";"000A3550"
"4";"000A2848";"黒崎 竜介";"";"000A3558"
"4";"000A2860";"俺はこの警官に泣きつかれたから来ただけさ
美味いメシが食える、って聞いてな";"";"000A3560"
"4";"000A28B0";"黒崎 竜介";"";"000A3568"
"4";"000A28C0";"悪いが、俺は食うことに専念させてもらうぜ";"";"000A3570"
"4";"000A28F0";"黒崎 竜介";"";"000A3578"
"4";"000A2900";"あんたか！";"";"000A3580"
"4";"000A2910";"黒崎 竜介";"";"000A3588"
"4";"000A2920";"この前は世話になったな　
あんときはありがとよ";"";"000A3590"
"4";"000A2950";"黒崎 竜介";"";"000A3598"
"4";"000A2960";"悪いが、朝から何にも食ってねぇんだ";"";"000A35A0"
"4";"000A2988";"黒崎 竜介";"";"000A35A8"
"4";"000A29A0";"俺は食うことに専念させてもらうぜ";"";"000A35B0"
"4";"000A29C8";"黒崎 竜介";"";"000A35B8"
"4";"000A29D8";"あんたか！";"";"000A35C0"
"4";"000A29E8";"黒崎 竜介";"";"000A35C8"
"4";"000A2A00";"この前は世話になったな　
タオルは大事に使わせてもらうぜ";"";"000A35D0"
"4";"000A2A38";"黒崎 竜介";"";"000A35D8"
"4";"000A2A50";"悪いが、朝から何にも食ってねぇんだ";"";"000A35E0"
"4";"000A2A78";"黒崎 竜介";"";"000A35E8"
"4";"000A2A90";"俺は食うことに専念させてもらうぜ";"";"000A35F0"
"4";"000A2AB8";"黒崎 竜介";"";"000A35F8"
"4";"000A2AC8";"あんたか！";"";"000A3600"
"4";"000A2AD8";"黒崎 竜介";"";"000A3608"
"4";"000A2AF0";"この前は世話になったな　
必勝ダルマの片目は塗らせてもらったぜ";"";"000A3610"
"4";"000A2B30";"黒崎 竜介";"";"000A3618"
"4";"000A2B40";"悪いが、試合前で減量中なんだ";"";"000A3620"
"4";"000A2B60";"黒崎 竜介";"";"000A3628"
"4";"000A2B70";"いいぜ　
俺のことは気にせずいっぱい食ってくれ";"";"000A3630"
"4";"000A2BA0";"黒崎 竜介";"";"000A3638"
"4";"000A2BB0";"…";"";"000A3640"
"4";"000A2BB8";"黒崎 竜介";"";"000A3648"
"4";"000A2BC8";"………";".........";"000A3650"
"4";"000A2BD0";"…どうやら落ちこんでいるようだ";"";"000A3658"
"4";"000A2BF0";"黒崎 竜介";"";"000A3660"
"4";"000A2C00";"どうしておまえがここにいるんだ？";"";"000A3668"
"4";"000A2C28";"黒崎 竜介";"";"000A3670"
"4";"000A2C40";"まあ、別にいいけどさ";"";"000A3678"
"4";"000A2C58";"黒崎 竜介";"";"000A3680"
"4";"000A2C68";"…";"";"000A3688"
"4";"000A2C70";"黒崎 竜介";"";"000A3690"
"4";"000A2C80";"しっかし、やり辛えなあ";"";"000A3698"
"4";"000A2CA0";"竜くん　はい、おみやげ";"";"000A36A0"
"4";"000A2CC0";"おうっ？　サンキュ　…なんだ？";"";"000A36A8"
"4";"000A2CE0";"パジャマか…　ヘヘッ　ハイカラだな";"";"000A36B0"
"4";"000A2D10";"ありがとよ　大切に使わせてもらうぜ";"";"000A36B8"
"4";"000A2D40";"…これは…？　ああ！　フンドシか！";"";"000A36C0"
"4";"000A2D70";"イイな！　これは
身が引き締まる感じだぜ！";"";"000A36C8"
"4";"000A2DA0";"おっ　水着か
そういえば、しばらく海にも行ってねえな";"";"000A36D0"
"4";"000A2DE0";"なあ！　今度海に行こうぜ
おまえも水着買っておけよ";"";"000A36D8"
"4";"000A2E18";"黒崎 竜介";"";"000A36E0"
"4";"000A2E30";"$pl　おはよう！";"";"000A36E8"
"4";"000A2E40";"黒崎 竜介";"";"000A36F0"
"4";"000A2E50";"$pl　おかえり！";"";"000A36F8"
"4";"000A2E60";"黒崎 竜介";"";"000A3700"
"4";"000A2E70";"楽しいなっ！　$pl";"";"000A3708"
"4";"000A2E88";"黒崎 竜介";"";"000A3710"
"4";"000A2E98";"いらっしゃい";"";"000A3718"
"4";"000A2EA8";"黒崎 竜介";"";"000A3720"
"4";"000A2EB8";"ああ、あんたか";"";"000A3728"
"4";"000A2EC8";"黒崎 竜介";"";"000A3730"
"4";"000A2EE0";"今、彼氏と一緒に住んでるんだって…";"";"000A3738"
"4";"000A2F08";"黒崎 竜介";"";"000A3740"
"4";"000A2F20";"八方美人は嫌われるぞ";"";"000A3748"
"4";"000A2F38";"黒崎 竜介";"";"000A3750"
"4";"000A2F50";"今日もいい天気だな！";"";"000A3758"
"4";"000A2F68";"黒崎 竜介";"";"000A3760"
"4";"000A2F80";"今日も暑くなりそうだぜ…";"";"000A3768"
"4";"000A2FA0";"黒崎 竜介";"";"000A3770"
"4";"000A2FB0";"今日は大海公園で盆踊りをやるはずだぜ";"";"000A3778"
"4";"000A2FD8";"黒崎 竜介";"";"000A3780"
"4";"000A2FF0";"なあ、今日のパチンコはどうだった？";"";"000A3788"
"4";"000A3018";"ばっちり";"";"000A3790"
"4";"000A3028";"まあまあ";"";"000A3798"
"4";"000A3038";"まったくダメ";"";"000A37A0"
"4";"000A3048";"$p";"";"000A37A8"
"4";"000A3050";"ばっちりだったわ";"";"000A37B0"
"4";"000A3068";"黒崎 竜介";"";"000A37B8"
"4";"000A3080";"そうか！
よかったな！";"";"000A37C0"
"4";"000A3098";"$p";"";"000A37C8"
"4";"000A30A0";"まあまあだったかな";"";"000A37D0"
"4";"000A30B8";"黒崎 竜介";"";"000A37D8"
"4";"000A30D0";"そうか　まあ仕方ねえな";"";"000A37E0"
"4";"000A30E8";"$p";"";"000A37E8"
"4";"000A30F0";"全くダメだったわ";"";"000A37F0"
"4";"000A3108";"黒崎 竜介";"";"000A37F8"
"4";"000A3120";"そうかい　あんまり気にするなよ";"";"000A3800"
"4";"000A3140";"（じっと竜くんを見つめてみた…）";"";"000A3808"
"4";"000A3168";"黒崎 竜介";"";"000A3810"
"4";"000A3178";"ん？　何だ？";"";"000A3818"
"4";"000A3188";"$p";"";"000A3820"
"4";"000A3190";"竜くん…";"";"000A3828"
"4";"000A31A0";"竜くん…　かわいい…！";"";"000A3830"
"4";"000A31C0";"竜くん…　かっこいい…";"";"000A3838"
"4";"000A31E0";"竜くん…　私、幸せよ…！";"";"000A3840"
"4";"000A3200";"竜くん…　お金が欲しいんだけど…";"";"000A3848"
"4";"000A3230";"…ううん、なんでもない";"";"000A3850"
"4";"000A3248";"$p";"";"000A3858"
"4";"000A3250";"竜くん…　かわいい…！";"";"000A3860"
"4";"000A3268";"黒崎 竜介";"";"000A3868"
"4";"000A3280";"なんだいそりゃ　やめてくれ
照れるじゃねえか";"";"000A3870"
"4";"000A32B0";"$p";"";"000A3878"
"4";"000A32C0";"竜くん…　かっこいい…";"";"000A3880"
"4";"000A32D8";"黒崎 竜介";"";"000A3888"
"4";"000A32F0";"ハハッ　気づくのが遅いぜ？";"";"000A3890"
"4";"000A3310";"$p";"";"000A3898"
"4";"000A3320";"竜くん…　私、幸せよ…！";"";"000A38A0"
"4";"000A3340";"黒崎 竜介";"";"000A38A8"
"4";"000A3350";"$pl…";"";"000A38B0"
"4";"000A3358";"黒崎 竜介";"";"000A38B8"
"4";"000A3370";"…俺もだよ　ベイベー…";"";"000A38C0"
"4";"000A3388";"$p";"";"000A38C8"
"4";"000A3390";"竜くん…　お金が欲しいんだけど…";"";"000A38D0"
"4";"000A33B8";"黒崎 竜介";"";"000A38D8"
"4";"000A33D0";"は！？　まったく　仕方ねえやつだな…";"";"000A38E0"
"4";"000A33F8";"黒崎 竜介";"";"000A38E8"
"4";"000A3410";"ほらよ　無駄遣いするなよ";"";"000A38F0"
"4";"000A3430";"黒崎 竜介";"";"000A38F8"
"4";"000A3440";"駄目だ　もう渡したろう？";"";"000A3900"
"4";"000A3460";"$p";"";"000A3908"
"4";"000A3470";"…ううん、なんでもない";"";"000A3910"
"4";"000A3488";"黒崎 竜介";"";"000A3918"
"4";"000A3498";"おう　そうかい";"";"000A3920"
"4";"000A34A8";"黒崎 竜介";"";"000A3928"
"4";"000A34C0";"明日も晴れるといいな";"";"000A3930"
"4";"000A34D8";"黒崎 竜介";"";"000A3938"
"4";"000A34F0";"明日も暑くなりそうだな…";"";"000A3940"
"4";"000A3510";"黒崎 竜介";"";"000A3948"
"4";"000A3520";"明日はベリーラッキーのサービスデーだぜ";"";"000A3950"
"5";"000A3958";"？　はーい";"";"000A8790"
"5";"000A3970";"…来てしまいました……";"";"000A8798"
"5";"000A3990";"少しだけ話を…　させてください";"";"000A87A0"
"5";"000A39B0";"盆踊りの次の日、引越しをして
すぐに新しい仕事を始めました";"";"000A87A8"
"5";"000A39F0";"仕事はとても刺激的で、面白かったし
やりがいを感じさせるものでした";"";"000A87B0"
"5";"000A3A40";"婚約者の人は…　いい人です
きれいで優しくて…";"";"000A87B8"
"5";"000A3A70";"でも…";"";"000A87C0"
"5";"000A3A80";"ボクのそばにいて欲しいのは
違う人なんです";"";"000A87C8"
"5";"000A3AB0";"$puさんなんです";"";"000A87D0"
"5";"000A3AC0";"いきなり押しかけてきて、こんな事を
いうのが非常識なのは分かっています";"";"000A87D8"
"5";"000A3B10";"でも、言わせてください";"";"000A87E0"
"5";"000A3B30";"$puさんと…　一緒に暮らしたいんです
お願いします";"";"000A87E8"
"5";"000A3B68";"うん　いいわよ";"";"000A87F0"
"5";"000A3B80";"まあ、しょうがない　いいわよ";"";"000A87F8"
"5";"000A3BA0";"帰りなさい　婚約者が悲しんでるわよ";"";"000A8800"
"5";"000A3BD0";"いやよ　一緒に住むなんて";"";"000A8808"
"5";"000A3BF0";"うん　いいわよ";"";"000A8810"
"5";"000A3C00";"ほ、本当ですか…！";"";"000A8818"
"5";"000A3C20";"ほんとよ　一緒に暮らしましょう";"";"000A8820"
"5";"000A3C40";"ちょっと待って、考え直させて";"";"000A8828"
"5";"000A3C60";"ほんとよ　一緒に暮らしましょう";"";"000A8830"
"5";"000A3C80";"よかった…　ありがとうございます…";"";"000A8838"
"5";"000A3CB0";"ちょっと待って、考え直させて";"";"000A8840"
"5";"000A3CD0";"え？　は、はい";"";"000A8848"
"5";"000A3CE0";"まあ、しょうがない　いいわよ";"";"000A8850"
"5";"000A3D00";"えっ　ほ、本当ですか…！";"";"000A8858"
"5";"000A3D20";"帰りなさい　婚約者が悲しんでるわよ";"";"000A8860"
"5";"000A3D50";"彼女より、$puさんが大切なんです";"";"000A8868"
"5";"000A3D70";"どうしても、
一緒には暮らせないんですか…？";"";"000A8870"
"5";"000A3DA0";"どうしてもだめ！　一緒に暮らせないわ";"";"000A8878"
"5";"000A3DD0";"ちょっと待って、考え直させて";"";"000A8880"
"5";"000A3DF0";"いやよ　一緒に住むなんて";"";"000A8888"
"5";"000A3E10";"えっ　そんな…";"";"000A8890"
"5";"000A3E20";"$puさんと、ずっと一緒にいたいんです…！";"";"000A8898"
"5";"000A3E50";"もう…　離しませんから…";"";"000A88A0"
"5";"000A3E70";"どうしてもだめ！　一緒に暮らせないわ";"";"000A88A8"
"5";"000A3E98";"…分かりました";"";"000A88B0"
"5";"000A3EB0";"今度こそ　本当のお別れです
いままで　ありがとうございました";"";"000A88B8"
"5";"000A3EF0";"さようなら";"";"000A88C0"
"5";"000A3F00";"はい徹くん　これプレゼント";"";"000A88C8"
"5";"000A3F20";"わあ！　ありがとうございます";"";"000A88D0"
"5";"000A3F40";"パジャマですね
さすが　ボクの好みを分かってますね";"";"000A88D8"
"5";"000A3F80";"バスローブですか
シンプルな、いいデザインですね";"";"000A88E0"
"5";"000A3FB0";"家にいたころはよく着ていましたが…
似合いますか？";"";"000A88E8"
"5";"000A3FF0";"んっ？　ああ、水着ですね
ちょっとびっくりしました";"";"000A88F0"
"5";"000A4030";"そうだ　今度海に行きませんか？";"";"000A88F8"
"5";"000A4050";"海にある「海の家」というのを、一生に
一度は見てみたいと思っているんです";"";"000A8900"
"5";"000A40A0";"いやあ…　すごいですね…
これが盆踊りなんですね";"";"000A8908"
"5";"000A40D0";"それに…　浴衣がとても似合っています
いつもとは…　違う雰囲気ですね";"";"000A8910"
"5";"000A4118";"ありがとう";"";"000A8918"
"5";"000A4130";"いつもは変だっていうこと？";"";"000A8920"
"5";"000A4150";"ふふっ　ありがとう";"";"000A8928"
"5";"000A4170";"それって、いつもは変だっていうこと？";"";"000A8930"
"5";"000A41A0";"いえぇ　違います
悪い意味ではありません";"";"000A8938"
"5";"000A41D0";"それでは…　屋台を見て回りましょうか";"";"000A8940"
"5";"000A4200";"いやあ　盆踊りを満喫しました…";"";"000A8948"
"5";"000A4220";"じゃあ…";"";"000A8950"
"5";"000A4230";"次はパチンコでも打ちに行く？";"";"000A8958"
"5";"000A4250";"次は屋台のラーメンでも食べる？";"";"000A8960"
"5";"000A4270";"次は銭湯でも行く？";"";"000A8968"
"5";"000A4290";"じゃあ次は、パチンコ屋にでも行く？";"";"000A8970"
"5";"000A42C0";"ああパチンコ屋ですか！
いいですねえ！";"";"000A8978"
"5";"000A42F0";"じゃあ次は、
屋台のラーメンでも食べに行く？";"";"000A8980"
"5";"000A4320";"屋台のラーメンですか…
いいですねえ…！";"";"000A8988"
"5";"000A4350";"次は銭湯でも行く？";"";"000A8990"
"5";"000A4370";"ああ銭湯ですか！
一度入ってみたかったんですよ！";"";"000A8998"
"5";"000A43A0";"すみません
パチンコ屋には、行けそうもありません…";"";"000A89A0"
"5";"000A43E0";"すみません　屋台のラーメンは、
食べられそうもありません…";"";"000A89A8"
"5";"000A4420";"すみません
銭湯には、行けそうもありません…";"";"000A89B0"
"5";"000A4450";"どうして？";"";"000A89B8"
"5";"000A4460";"おなかがいっぱいなの？";"";"000A89C0"
"5";"000A4478";"もう眠いの？";"";"000A89C8"
"5";"000A4488";"だまって聞く";"";"000A89D0"
"5";"000A4498";"どうして？";"";"000A89D8"
"5";"000A44B0";"おなかがいっぱいなの？";"";"000A89E0"
"5";"000A44D0";"いえ　違います…";"";"000A89E8"
"5";"000A44E8";"もう眠いの？";"";"000A89F0"
"5";"000A4500";"まだ　眠くはありません…";"";"000A89F8"
"5";"000A4520";"実はボク、結婚する事になったんです";"";"000A8A00"
"5";"000A4550";"相手は親が決めた人で…
提携会社の令嬢です";"";"000A8A08"
"5";"000A4580";"この機会に竜玉楼を辞めて…
父の会社に入社して…";"";"000A8A10"
"5";"000A45B0";"３代目になるための
勉強をしなければなりません";"";"000A8A18"
"5";"000A45E0";"そう…　おめでとう";"";"000A8A20"
"5";"000A4600";"もう、会えなくなるの…？";"";"000A8A28"
"5";"000A4620";"ふうん　それで？";"";"000A8A30"
"5";"000A4640";"そう…　おめでとう";"";"000A8A38"
"5";"000A4660";"…もう　会えなくなるんです……！";"";"000A8A40"
"5";"000A4690";"もう、会えなくなるの…？";"";"000A8A48"
"5";"000A46B0";"…そうです";"";"000A8A50"
"5";"000A46C0";"ふうん　それで？";"";"000A8A58"
"5";"000A46E0";"明日には、本社がある街へ引越します";"";"000A8A60"
"5";"000A4710";"最後にあなたと、
盆踊りに来られて良かった…";"";"000A8A68"
"5";"000A4740";"…そうだ";"";"000A8A70"
"5";"000A4750";"まだあなたの名前、知らないんです
教えてもらえませんか…？";"";"000A8A78"
"5";"000A4790";"名前を教える";"";"000A8A80"
"5";"000A47A0";"名前を教えない";"";"000A8A88"
"5";"000A47B0";"…$p";"";"000A8A90"
"5";"000A47C0";"$p…　$puさん…";"";"000A8A98"
"5";"000A47D0";"いままで　ありがとうございました";"";"000A8AA0"
"5";"000A4800";"名前は、ずっと覚えていますから";"";"000A8AA8"
"5";"000A4820";"…………";"............";"000A8AB0"
"5";"000A4830";"…そうですか　分かりました";"";"000A8AB8"
"5";"000A4850";"いらっしゃいませ";"";"000A8AC0"
"5";"000A4870";"何か御用ですか？";"";"000A8AC8"
"5";"000A4890";"この店について聞きたい";"";"000A8AD0"
"5";"000A48B0";"その本について聞きたい";"";"000A8AD8"
"5";"000A48D0";"席まで案内して欲しい";"";"000A8AE0"
"5";"000A48E8";"特に用はない";"";"000A8AE8"
"5";"000A4900";"このお店について聞きたいんだけど";"";"000A8AF0"
"5";"000A4930";"ここ『竜玉楼』は、
高級中華料理のお店です";"";"000A8AF8"
"5";"000A4960";"「フカヒレの姿煮」が
このお店の看板メニューですよ";"";"000A8B00"
"5";"000A49A0";"何の本を読んでるの？";"";"000A8B08"
"5";"000A49C0";"ああこれですか　リルケの詩集です";"";"000A8B10"
"5";"000A49F0";"本が好きなのですか？";"";"000A8B18"
"5";"000A4A10";"うん　すごく好き";"";"000A8B20"
"5";"000A4A30";"暇つぶしに読むくらいかな";"";"000A8B28"
"5";"000A4A50";"めったに読まない";"";"000A8B30"
"5";"000A4A70";"文字の多いのは嫌い";"";"000A8B38"
"5";"000A4A90";"うん　すごく好き";"";"000A8B40"
"5";"000A4AB0";"そうですか　なんだか嬉しいですね";"";"000A8B48"
"5";"000A4AE0";"ボクは$ci朝倉徹$cr　この店の案内係をしています
よろしく";"";"000A8B50"
"5";"000A4B20";"本は…　暇つぶしに読むくらいかな";"";"000A8B58"
"5";"000A4B50";"そうですか　でも、それくらいが
ちょうど良いかもしれませんね";"";"000A8B60"
"5";"000A4B90";"本なんて、めったに読まないわ";"";"000A8B68"
"5";"000A4BB0";"そうですか";"";"000A8B70"
"5";"000A4BC0";"文字の多いのは嫌いなの";"";"000A8B78"
"5";"000A4BE0";"ははは
たいていの本は文字でいっぱいですからね";"";"000A8B80"
"5";"000A4C10";"…あなたは面白い人ですね
ボクは$ci朝倉徹$cr　よろしく";"";"000A8B88"
"5";"000A4C50";"案内して欲しいんだけど";"";"000A8B90"
"5";"000A4C70";"かしこまりました
こちらへどうぞ";"";"000A8B98"
"5";"000A4C90";"ありがとうございました";"";"000A8BA0"
"5";"000A4CB0";"やあ　あなたですか";"";"000A8BA8"
"5";"000A4CD0";"いらっしゃいませ　お食事ですか？";"";"000A8BB0"
"5";"000A4D00";"あなたと話がしたい";"";"000A8BB8"
"5";"000A4D20";"ううん　あなたとお話しに来たの";"";"000A8BC0"
"5";"000A4D40";"ははは　光栄ですね
ボクもちょうど暇だったんです";"";"000A8BC8"
"5";"000A4D70";"何のお話をしましょうか？";"";"000A8BD0"
"5";"000A4D90";"今日は何の本を読んでいるの？";"";"000A8BD8"
"5";"000A4DB0";"あなた働かなくていいの？";"";"000A8BE0"
"5";"000A4DD0";"あなた何者なの？";"";"000A8BE8"
"5";"000A4DE8";"話をやめる";"";"000A8BF0"
"5";"000A4E00";"今日は何の本を読んでいるの？";"";"000A8BF8"
"5";"000A4E20";"カフカです　もう何度も読みましたが
面白いですよ";"";"000A8C00"
"5";"000A4E50";"あなた働かなくていいの？";"";"000A8C08"
"5";"000A4E70";"ははは　すみません
働いているように見えませんか？";"";"000A8C10"
"5";"000A4EB0";"そう言われると働いているように見える";"";"000A8C18"
"5";"000A4EE0";"どう見ても働いているようには見えない";"";"000A8C20"
"5";"000A4F10";"働いている案内係には見えない";"";"000A8C28"
"5";"000A4F30";"働いているとしたら私の知らない世界ね";"";"000A8C30"
"5";"000A4F60";"そう言われると、働いているような…";"";"000A8C38"
"5";"000A4F90";"ははは　無理をしなくてもいいですよ";"";"000A8C40"
"5";"000A4FC0";"どう見ても、働いているようには見えないわ";"";"000A8C48"
"5";"000A4FF0";"ははは　やっぱりそうですか";"";"000A8C50"
"5";"000A5010";"少なくとも、
働いている案内係には見えないわ";"";"000A8C58"
"5";"000A5040";"そうですか　これは失礼しました";"";"000A8C60"
"5";"000A5060";"それが働いているとしたら、
私の知らない世界の仕事ね";"";"000A8C68"
"5";"000A50A0";"ははは　申し訳ありません";"";"000A8C70"
"5";"000A50C0";"ボクの悪いところなんです　どうも
「働く」という意識に欠けているようです";"";"000A8C78"
"5";"000A5110";"自分としては働いているつもりなんですが…
他の人にはそう見えないようですね";"";"000A8C80"
"5";"000A5160";"あなた何者なの？";"";"000A8C88"
"5";"000A5180";"ボクは案内係の朝倉ですよ";"";"000A8C90"
"5";"000A51A0";"なるほど";"";"000A8C98"
"5";"000A51B0";"いやそうじゃなくて…";"";"000A8CA0"
"5";"000A51D0";"なるほど　分かったわ";"";"000A8CA8"
"5";"000A51F0";"どういたしまして";"";"000A8CB0"
"5";"000A5210";"いやそうじゃなくて…";"";"000A8CB8"
"5";"000A5230";"？　ボクは
朝倉徹以外の何者でもありませんが…？";"";"000A8CC0"
"5";"000A5260";"分かった　もういいわ";"";"000A8CC8"
"5";"000A5280";"いやそうじゃなくて…";"";"000A8CD0"
"5";"000A52A0";"分かった　もういいわ";"";"000A8CD8"
"5";"000A52C0";"そうだ、ひとつ相談に乗ってくれませんか？";"";"000A8CE0"
"5";"000A52F0";"うん　いいわよ";"";"000A8CE8"
"5";"000A5300";"いやよ　面倒くさい";"";"000A8CF0"
"5";"000A5318";"うん　いいわよ";"";"000A8CF8"
"5";"000A5330";"ありがとうございます";"";"000A8D00"
"5";"000A5350";"いやよ　面倒くさい";"";"000A8D08"
"5";"000A5370";"そうですか…　う〜ん　どうしようか…";"";"000A8D10"
"5";"000A53A0";"家の本棚にブックエンドを置こうと思うん
ですが、家にあるのは無骨なものばかりで…";"";"000A8D18"
"5";"000A53F0";"$ciブックエンドではないけれど、ブックエンド
として十分使える物$crってありませんかね？";"";"000A8D20"
"5";"000A5450";"それで$ci品$crがあれば申し分ないのですが…";"";"000A8D28"
"5";"000A5480";"$ciブックエンドではないけど
ブックエンドとして使える品のある物$cr…？";"";"000A8D30"
"5";"000A54D0";"ねえ、これブックエンドの
代わりにどうかな？";"";"000A8D38"
"5";"000A5500";"ああなるほど　これは確かにいいですね…！";"";"000A8D40"
"5";"000A5530";"ありがとうございます
何かお礼をしたいのですが…";"";"000A8D48"
"5";"000A5560";"そうだ　一緒に
ディナーに行きませんか？";"";"000A8D50"
"5";"000A5590";"前から行ってみたかったお店があるんです
どうでしょう？";"";"000A8D58"
"5";"000A55C8";"うん　いいわよ";"";"000A8D60"
"5";"000A55E0";"しょうがないわね　お礼はそれでいいわ";"";"000A8D68"
"5";"000A5608";"うん　いいわよ";"";"000A8D70"
"5";"000A5620";"しょうがないわね　それでいいわ";"";"000A8D78"
"5";"000A5640";"それでは明日の夕方に
このビルのエントランスで待っています";"";"000A8D80"
"5";"000A5680";"やあ　来ましたね";"";"000A8D88"
"5";"000A56A0";"楽しみですよ
子供みたいにわくわくしています";"";"000A8D90"
"5";"000A56D0";"私もわくわくしてるわ";"";"000A8D98"
"5";"000A56F0";"私はどきどきしてるわ";"";"000A8DA0"
"5";"000A5710";"私はいつもどおりよ";"";"000A8DA8"
"5";"000A5730";"私もわくわくしてるわ";"";"000A8DB0"
"5";"000A5750";"そうですよね
初めて行くお店ですから";"";"000A8DB8"
"5";"000A5780";"私はどきどきしてるわ";"";"000A8DC0"
"5";"000A57A0";"実はボクもです　初めて行くお店ですから
緊張しますね";"";"000A8DC8"
"5";"000A57E0";"私はいつもどおりよ";"";"000A8DD0"
"5";"000A5800";"ははは　度胸がありますね";"";"000A8DD8"
"5";"000A5820";"ああ　車が来たようです";"";"000A8DE0"
"5";"000A5840";"それじゃあ　行きましょう";"";"000A8DE8"
"5";"000A5860";"ああ　あなたですか";"";"000A8DF0"
"5";"000A5880";"あなたに折り入ってお願いがあるんです
話だけでも聞いてくれませんか？";"";"000A8DF8"
"5";"000A58C8";"うん　いいわよ";"";"000A8E00"
"5";"000A58E0";"いやよ　面倒くさい";"";"000A8E08"
"5";"000A58F8";"うん　いいわよ";"";"000A8E10"
"5";"000A5910";"ありがとうございます";"";"000A8E18"
"5";"000A5930";"いやよ　面倒くさい";"";"000A8E20"
"5";"000A5950";"すみません　手短に済ませますから
とりあえず聞いてください";"";"000A8E28"
"5";"000A5990";"大海町で、
週末に盆踊りが行われているんです";"";"000A8E30"
"5";"000A59C0";"お願いというのは、ボクを
その盆踊りに連れて行って欲しいんです";"";"000A8E38"
"5";"000A5A00";"うん　いいわよ";"";"000A8E40"
"5";"000A5A10";"いいけど…　どうして急いでるの？";"";"000A8E48"
"5";"000A5A40";"いやよ　面倒くさい";"";"000A8E50"
"5";"000A5A58";"うん　いいわよ";"";"000A8E58"
"5";"000A5A70";"ありがとうございます　あなたに
断られたらどうしようかと思ってました…";"";"000A8E60"
"5";"000A5AC0";"いいけど…　どうして急いでるの？";"";"000A8E68"
"5";"000A5AF0";"えっと…　その、
盆踊りを早く見たくて…　焦ってるんです";"";"000A8E70"
"5";"000A5B30";"それでは、今日の夜に、
大海町の公園で待っていますから";"";"000A8E78"
"5";"000A5B70";"それでは、金曜日の夜に、
大海町の公園で待っていますから";"";"000A8E80"
"5";"000A5BB0";"いやよ　面倒くさい";"";"000A8E88"
"5";"000A5BD0";"ええっ　そうですか…";"";"000A8E90"
"5";"000A5BF0";"それでは、気が変わったら言ってください
よろしくお願いします…";"";"000A8E98"
"5";"000A5C30";"朝倉 徹";"";"000A8EA0"
"5";"000A5C40";"いらっしゃいませ";"";"000A8EA8"
"5";"000A5C58";"朝倉 徹";"";"000A8EB0"
"5";"000A5C60";"何か御用があったらお呼びくださいね";"";"000A8EB8"
"5";"000A5C88";"朝倉 徹";"";"000A8EC0"
"5";"000A5C90";"家の本棚にブックエンドを置こうと思うん
ですが、家にあるのは無骨なものばかりで";"";"000A8EC8"
"5";"000A5CE0";"朝倉 徹";"";"000A8ED0"
"5";"000A5CF0";"$ciブックエンドではないけれど、ブックエンド
として十分使える物$crってありませんかね？";"";"000A8ED8"
"5";"000A5D48";"朝倉 徹";"";"000A8EE0"
"5";"000A5D50";"それで$ci品$crがあれば申し分ないのですが…";"";"000A8EE8"
"5";"000A5D80";"（代わりに使えそうなものか…
　何かあったかしら？）";"";"000A8EF0"
"5";"000A5DC0";"$ci蚊取り線香ブタ$crを渡しますか？";"";"000A8EF8"
"5";"000A5DE8";"渡す     ";"";"000A8F00"
"5";"000A5DF8";"渡さない  ";"";"000A8F08"
"5";"000A5E08";"朝倉 徹";"";"000A8F10"
"5";"000A5E10";"食事、楽しみにしててくださいね";"";"000A8F18"
"5";"000A5E30";"朝倉 徹";"";"000A8F20"
"5";"000A5E40";"店は…
まだ秘密です";"";"000A8F28"
"5";"000A5E58";"朝倉 徹";"";"000A8F30"
"5";"000A5E60";"でも、きっと$puさんにも
喜んでもらえると思います";"";"000A8F38"
"5";"000A5E98";"朝倉 徹";"";"000A8F40"
"5";"000A5EA0";"あっ！　$puさん！
この前はすみませんでした！";"";"000A8F48"
"5";"000A5ED0";"朝倉 徹";"";"000A8F50"
"5";"000A5EE0";"トルストイを読んでいたら
いつの間にか約束の時間を過ぎていて…";"";"000A8F58"
"5";"000A5F20";"朝倉 徹";"";"000A8F60"
"5";"000A5F30";"…やっぱり怒ってますよね？
ずっと待ってらしたんでしょう？";"";"000A8F68"
"5";"000A5F70";"朝倉 徹";"";"000A8F70"
"5";"000A5F80";"でも、もし許してくれるなら
もう一度改めてお誘いさせてください！";"";"000A8F78"
"5";"000A5FC0";"全然怒ってないわ　でも次はちゃんと来てね";"";"000A8F80"
"5";"000A5FF0";"気にしないで　私も行けなかったから…";"";"000A8F88"
"5";"000A6020";"気にしないで　私も約束を忘れていたから…";"";"000A8F90"
"5";"000A6050";"もう行かないわ　どれだけ待ったと思ってるの！？";"";"000A8F98"
"5";"000A6080";"気が進まないから　やめておくわ";"";"000A8FA0"
"5";"000A60A0";"朝倉 徹";"";"000A8FA8"
"5";"000A60B0";"本当ですか！？
ありがとうございます";"";"000A8FB0"
"5";"000A60D8";"朝倉 徹";"";"000A8FB8"
"5";"000A60E0";"なあんだ　そうだったんですか";"";"000A8FC0"
"5";"000A6100";"朝倉 徹";"";"000A8FC8"
"5";"000A6110";"す、すみませんでした…";"";"000A8FD0"
"5";"000A6128";"朝倉 徹";"";"000A8FD8"
"5";"000A6130";"では、明日の夕方に
このビルのエントランスで待ってますね";"";"000A8FE0"
"5";"000A6168";"朝倉 徹";"";"000A8FE8"
"5";"000A6170";"では、明日にまた改めて待ち合わせを
するというのはどうでしょう？";"";"000A8FF0"
"5";"000A61B0";"そうね　そうしましょうか";"";"000A8FF8"
"5";"000A61D0";"もちろん奢ってくれるのよね？";"";"000A9000"
"5";"000A61F0";"ごめんなさい　明日はちょっと…";"";"000A9008"
"5";"000A6210";"悪いけど他の男の人とデートの約束があるの";"";"000A9010"
"5";"000A6240";"朝倉 徹";"";"000A9018"
"5";"000A6250";"はは　もちろんです
期待していてください";"";"000A9020"
"5";"000A6278";"朝倉 徹";"";"000A9028"
"5";"000A6280";"そうですか…";"";"000A9030"
"5";"000A6290";"朝倉 徹";"";"000A9038"
"5";"000A62A0";"えっ！　そうですか…";"";"000A9040"
"5";"000A62B8";"朝倉 徹";"";"000A9048"
"5";"000A62C0";"あっ！　$puさん！
す、すみませんでした！";"";"000A9050"
"5";"000A62F0";"朝倉 徹";"";"000A9058"
"5";"000A6300";"僕の方からお誘いしておきながら
ついついデュマに熱中するあまり…";"";"000A9060"
"5";"000A6340";"朝倉 徹";"";"000A9068"
"5";"000A6350";"$puさんが怒ってらっしゃるのも当然です
ですけど、もう一度お誘いさせてください！";"";"000A9070"
"5";"000A63A0";"朝倉 徹";"";"000A9078"
"5";"000A63B0";"僕はあなたと盆踊りに行かなくては
いけないんです…　お願いします！";"";"000A9080"
"5";"000A6400";"いいわよ　次は遅れないでね";"";"000A9088"
"5";"000A6420";"気にしないで　私も行けなかったから…";"";"000A9090"
"5";"000A6450";"気にしないで　私も約束を忘れていたから…";"";"000A9098"
"5";"000A6480";"あなたとの待ち合わせはもう懲り懲りだわ";"";"000A90A0"
"5";"000A64B0";"気が進まないから　やめておくわ";"";"000A90A8"
"5";"000A64D0";"朝倉 徹";"";"000A90B0"
"5";"000A64E0";"本当ですか！？
ありがとうございます";"";"000A90B8"
"5";"000A6508";"朝倉 徹";"";"000A90C0"
"5";"000A6510";"なあんだ　そうだったんですか";"";"000A90C8"
"5";"000A6530";"朝倉 徹";"";"000A90D0"
"5";"000A6540";"それでは、今日の夜に、
大海町の公園で待っていますから";"";"000A90D8"
"5";"000A6578";"朝倉 徹";"";"000A90E0"
"5";"000A6580";"それでは、金曜日の夜に、
大海町の公園で待っていますから";"";"000A90E8"
"5";"000A65B8";"朝倉 徹";"";"000A90F0"
"5";"000A65C0";"そうですか…";"";"000A90F8"
"5";"000A65D0";"朝倉 徹";"";"000A9100"
"5";"000A65E0";"大海町の公園で待っています
必ず来てくださいね";"";"000A9108"
"5";"000A6610";"朝倉 徹";"";"000A9110"
"5";"000A6620";"このたくさん並んでいる顔は何ですか？
色々な種類があるみたいですけど…";"";"000A9118"
"5";"000A6670";"「お面」と言って　顔につけて楽しむものよ";"";"000A9120"
"5";"000A66A0";"「オメン」と言って　お祭り定番の食べ物よ";"";"000A9128"
"5";"000A66D0";"「怨面」と言って　死者の怨念がこもってるの";"";"000A9130"
"5";"000A6700";"朝倉 徹";"";"000A9138"
"5";"000A6710";"そうなんですか？
うわあ　僕も欲しいなあ";"";"000A9140"
"5";"000A6738";"朝倉 徹";"";"000A9148"
"5";"000A6740";"へえ　そうなんですか？
僕も食べてみたいなあ";"";"000A9150"
"5";"000A6770";"$ciお面$crを渡しますか？";"";"000A9158"
"5";"000A6790";"渡す";"";"000A9160"
"5";"000A6798";"渡さない";"";"000A9168"
"5";"000A67A8";"次の店に行く";"";"000A9170"
"5";"000A67C0";"どの$ciお面$crを渡しますか？";"";"000A9178"
"5";"000A67E0";"ヒーロー";"";"000A9180"
"5";"000A67F0";"魔女っ子";"";"000A9188"
"5";"000A6800";"朝倉 徹";"";"000A9190"
"5";"000A6810";"えっ？　僕にくれるんですか！？
うわあ　ありがとうございます！";"";"000A9198"
"5";"000A6850";"朝倉 徹";"";"000A91A0"
"5";"000A6860";"部屋のインテリアにピッタリです
一番目立つ場所に飾りますよ";"";"000A91A8"
"5";"000A68A0";"朝倉 徹";"";"000A91B0"
"5";"000A68B0";"それでは、次のお店に行きましょうか";"";"000A91B8"
"5";"000A68D8";"朝倉 徹";"";"000A91C0"
"5";"000A68E0";"それでは、いただきま〜す";"";"000A91C8"
"5";"000A6900";"朝倉 徹";"";"000A91D0"
"5";"000A6910";"ペッ！　ペッ！
こ、こんなの食べられませんよ！";"";"000A91D8"
"5";"000A6940";"朝倉 徹";"";"000A91E0"
"5";"000A6950";"ヒドイですよ！
僕をからかったんですね";"";"000A91E8"
"5";"000A6978";"朝倉 徹";"";"000A91F0"
"5";"000A6980";"もう！
次の店に行きましょう";"";"000A91F8"
"5";"000A69A0";"朝倉 徹";"";"000A9200"
"5";"000A69B0";"ハ、ハハハ…　ぼ、僕を
からかおうったってそうは行きませんよ";"";"000A9208"
"5";"000A69F0";"朝倉 徹";"";"000A9210"
"5";"000A6A00";"お！　む、向こうのお店の方が
おもしろそうです　は、早く行きましょう";"";"000A9218"
"5";"000A6A48";"朝倉 徹";"";"000A9220"
"5";"000A6A50";"もう行くんですか？
そうですか…";"";"000A9228"
"5";"000A6A70";"もう少しお面を見ていく";"";"000A9230"
"5";"000A6A88";"朝倉 徹";"";"000A9238"
"5";"000A6A90";"うわあ！　魚がたくさん泳いでますよ！
これは何と言う魚なんですか？";"";"000A9240"
"5";"000A6AE0";"この魚は「金魚」と言うのよ";"";"000A9248"
"5";"000A6B00";"この魚は「タイ」と言うのよ";"";"000A9250"
"5";"000A6B20";"この魚は「クジラ」と言うのよ";"";"000A9258"
"5";"000A6B40";"この魚は「ピラニア」と言うのよ";"";"000A9260"
"5";"000A6B60";"朝倉 徹";"";"000A9268"
"5";"000A6B70";"これが金魚ですか
聞いたことがあります";"";"000A9270"
"5";"000A6B98";"朝倉 徹";"";"000A9278"
"5";"000A6BA0";"では、これが金魚すくいですね
僕、一度やってみたかったんですよ！";"";"000A9280"
"5";"000A6BE0";"朝倉 徹";"";"000A9288"
"5";"000A6BF0";"ちょっと、やってみてもいいですか？";"";"000A9290"
"5";"000A6C18";"朝倉 徹";"";"000A9298"
"5";"000A6C20";"これがタイですか！
思っていたよりも小さいんですね";"";"000A92A0"
"5";"000A6C58";"朝倉 徹";"";"000A92A8"
"5";"000A6C60";"これがクジラですか…？
図鑑で見たものとはずいぶん違いますね…";"";"000A92B0"
"5";"000A6CA0";"朝倉 徹";"";"000A92B8"
"5";"000A6CB0";"これがピラニアですか！
意外とかわいらしいんですね";"";"000A92C0"
"5";"000A6CE8";"朝倉 徹";"";"000A92C8"
"5";"000A6CF0";"あれ？　でもここに「金魚すくい」って
書いてありますよ…";"";"000A92D0"
"5";"000A6D28";"朝倉 徹";"";"000A92D8"
"5";"000A6D30";"からかったんですね
僕が何も知らないからってやめてください！";"";"000A92E0"
"5";"000A6D70";"朝倉 徹";"";"000A92E8"
"5";"000A6D80";"金魚すくいは一度やってみたかったんです
ちょっとやってみてもいいですか？";"";"000A92F0"
"5";"000A6DD0";"うん　いいわよ　";"";"000A92F8"
"5";"000A6DF0";"いいけど　本当にちょっとだけよ";"";"000A9300"
"5";"000A6E10";"ダメよ　早くカキ氷を食べたいの！";"";"000A9308"
"5";"000A6E40";"どうせ失敗するんだから時間のムダよ";"";"000A9310"
"5";"000A6E68";"朝倉 徹";"";"000A9318"
"5";"000A6E70";"はい！　ありがとうございます！";"";"000A9320"
"5";"000A6E90";"朝倉 徹";"";"000A9328"
"5";"000A6EA0";"カキ氷ですか？
そんな食べ物、初めて聞きました";"";"000A9330"
"5";"000A6ED0";"朝倉 徹";"";"000A9338"
"5";"000A6EE0";"僕もカキ氷を食べてみたいです
早く行きましょう！";"";"000A9340"
"5";"000A6F10";"朝倉 徹";"";"000A9348"
"5";"000A6F18";"そうですか…";"";"000A9350"
"5";"000A6F28";"朝倉 徹";"";"000A9358"
"5";"000A6F30";"金魚すくいって難しいんですね
１匹もすくえませんでした";"";"000A9360"
"5";"000A6F68";"朝倉 徹";"";"000A9368"
"5";"000A6F70";"でも、すごく楽しかったです！";"";"000A9370"
"5";"000A6F90";"朝倉 徹";"";"000A9378"
"5";"000A6FA0";"お腹が空いてきました
次は何か食べたいですね";"";"000A9380"
"5";"000A6FD0";"朝倉 徹";"";"000A9388"
"5";"000A6FE0";"初めて見る食べ物です！
粉砕した氷に何かがかかってるようですが…";"";"000A9390"
"5";"000A7020";"朝倉 徹";"";"000A9398"
"5";"000A7030";"これは…　どんな味がするんでしょう？";"";"000A93A0"
"5";"000A7060";"カキ氷を買ってあげる";"";"000A93A8"
"5";"000A7080";"疲れたので早く休みたい";"";"000A93B0"
"5";"000A7098";"朝倉 徹";"";"000A93B8"
"5";"000A70A0";"えっ！　僕にですか！？
ありがとうございます！";"";"000A93C0"
"5";"000A70D0";"朝倉 徹";"";"000A93C8"
"5";"000A70E0";"わぁ！　冷たいですねえ
不思議な食べ物です";"";"000A93D0"
"5";"000A7110";"朝倉 徹";"";"000A93D8"
"5";"000A7120";"でも、甘くて美味しいです！
ありがとうございました！";"";"000A93E0"
"5";"000A7158";"朝倉 徹";"";"000A93E8"
"5";"000A7160";"あっ　それは気付きませんでした
じゃあ、そこでちょっと休みましょう";"";"000A93F0"
"5";"000A71A8";"朝倉 徹";"";"000A93F8"
"5";"000A71B0";"はしゃぎ過ぎて少し疲れてしまいました
ちょっと休みましょうか";"";"000A9400"
"5";"000A71F0";"朝倉 徹";"";"000A9408"
"5";"000A7200";"本はおもしろいですよ　どこでも読めますし
いろいろなことが書いてありますから";"";"000A9410"
"5";"000A7250";"朝倉 徹";"";"000A9418"
"5";"000A7260";"$puさんは、どんな本が好きなんですか？";"";"000A9420"
"5";"000A7288";"小説";"";"000A9428"
"5";"000A7290";"マンガ";"";"000A9430"
"5";"000A72A0";"ファッション雑誌";"";"000A9438"
"5";"000A72B8";"パチンコ雑誌";"";"000A9440"
"5";"000A72C8";"歴史書";"";"000A9448"
"5";"000A72D0";"百科事典";"";"000A9450"
"5";"000A72E0";"絵本";"";"000A9458"
"5";"000A72E8";"参考書";"";"000A9460"
"5";"000A72F0";"料理本";"";"000A9468"
"5";"000A7300";"本はあまり読まない";"";"000A9470"
"5";"000A7318";"$p";"";"000A9478"
"5";"000A7320";"やっぱり…　小説かな";"";"000A9480"
"5";"000A7338";"朝倉 徹";"";"000A9488"
"5";"000A7340";"いいですよね　きっと人間というのは
物語に飢えているんでしょうね";"";"000A9490"
"5";"000A7380";"朝倉 徹";"";"000A9498"
"5";"000A7390";"ボクも色々な小説を読みましたが、もう
読みたくないと思ったことはないですからね";"";"000A94A0"
"5";"000A73E0";"$p";"";"000A94A8"
"5";"000A73F0";"う〜ん　マンガくらいかな";"";"000A94B0"
"5";"000A7410";"朝倉 徹";"";"000A94B8"
"5";"000A7420";"そうですか　マンガはあっという間に読めて
しまうのでボクはあまり読まないんですが…";"";"000A94C0"
"5";"000A7478";"朝倉 徹";"";"000A94C8"
"5";"000A7480";"でも物語が分かりやすいですし、絵の表現が
あるということは今後の可能性を感じますね";"";"000A94D0"
"5";"000A74D8";"$p";"";"000A94D8"
"5";"000A74E0";"ファッション雑誌とか見るのは好きよ";"";"000A94E0"
"5";"000A7508";"朝倉 徹";"";"000A94E8"
"5";"000A7510";"なるほど
ボクは着る物に無頓着なんですが…";"";"000A94F0"
"5";"000A7540";"朝倉 徹";"";"000A94F8"
"5";"000A7550";"ファッションを勉強するのも
おもしろいかもしれませんね";"";"000A9500"
"5";"000A7588";"$p";"";"000A9508"
"5";"000A7590";"パチンコ雑誌はよく読むわよ";"";"000A9510"
"5";"000A75B0";"朝倉 徹";"";"000A9518"
"5";"000A75C0";"さすが　パチンコが好きなんですね";"";"000A9520"
"5";"000A75E8";"朝倉 徹";"";"000A9528"
"5";"000A75F0";"ボクも機会があれば、
パチンコを打ってみたいですね";"";"000A9530"
"5";"000A7628";"$p";"";"000A9538"
"5";"000A7630";"歴史の本とかを読むのが好きなの";"";"000A9540"
"5";"000A7650";"朝倉 徹";"";"000A9548"
"5";"000A7660";"へえ！　そうなのですか
ボクも歴史は大好きですよ";"";"000A9550"
"5";"000A7690";"朝倉 徹";"";"000A9558"
"5";"000A76A0";"歴史は史実の隙間を
想像力で補えるのがおもしろいですよね";"";"000A9560"
"5";"000A76D8";"$p";"";"000A9568"
"5";"000A76E0";"私は…　百科事典を見ているのが好きかな";"";"000A9570"
"5";"000A7708";"朝倉 徹";"";"000A9578"
"5";"000A7710";"ボクも小学生くらいの頃によく見ていました";"";"000A9580"
"5";"000A7740";"朝倉 徹";"";"000A9588"
"5";"000A7750";"最近は読んでいないですが…
また違った印象を受けるかもしれませんね…";"";"000A9590"
"5";"000A7798";"$p";"";"000A9598"
"5";"000A77A0";"絵本は好きよ";"";"000A95A0"
"5";"000A77B0";"朝倉 徹";"";"000A95A8"
"5";"000A77C0";"絵本は、姪っ子がたくさん持っていて
ボクも時々読ませてもらっています";"";"000A95B0"
"5";"000A7808";"朝倉 徹";"";"000A95B8"
"5";"000A7810";"中には考えさせられるものがありますし…
とても興味深いですね";"";"000A95C0"
"5";"000A7850";"$p";"";"000A95C8"
"5";"000A7860";"よく読むのは参考書かな";"";"000A95D0"
"5";"000A7878";"朝倉 徹";"";"000A95D8"
"5";"000A7880";"そうなのですか　ボクはあまり
学校の勉強が好きではなかったので…";"";"000A95E0"
"5";"000A78C0";"朝倉 徹";"";"000A95E8"
"5";"000A78D0";"参考書ですか…　読んでみたら
おもしろいのかもしれませんね…";"";"000A95F0"
"5";"000A7910";"$p";"";"000A95F8"
"5";"000A7920";"料理の本を読むのが好きかな";"";"000A9600"
"5";"000A7940";"朝倉 徹";"";"000A9608"
"5";"000A7950";"料理の本は、
どこか楽しげな雰囲気がありますね";"";"000A9610"
"5";"000A7980";"朝倉 徹";"";"000A9618"
"5";"000A7990";"料理のレシピも大切なんでしょうけども…";"";"000A9620"
"5";"000A79B8";"朝倉 徹";"";"000A9628"
"5";"000A79C0";"料理がしたくなるように作られているのが、
良い料理の本なんでしょうね";"";"000A9630"
"5";"000A7A08";"$p";"";"000A9638"
"5";"000A7A10";"本はあんまり読まないの";"";"000A9640"
"5";"000A7A28";"朝倉 徹";"";"000A9648"
"5";"000A7A30";"そうなんですか　失礼しました";"";"000A9650"
"5";"000A7A50";"朝倉 徹";"";"000A9658"
"5";"000A7A60";"その服…　お気に入りの服ですか？";"";"000A9660"
"5";"000A7A90";"うん　お気に入りなの";"";"000A9668"
"5";"000A7AB0";"ううん　これしかないの";"";"000A9670"
"5";"000A7AD0";"そう？　私は気に入ってないんだけど";"";"000A9678"
"5";"000A7AF8";"$p";"";"000A9680"
"5";"000A7B00";"ありがとう　私のお気に入りなの";"";"000A9688"
"5";"000A7B20";"朝倉 徹";"";"000A9690"
"5";"000A7B30";"そうですか　とてもよく似合っていますよ";"";"000A9698"
"5";"000A7B58";"$p";"";"000A96A0"
"5";"000A7B60";"ううん　これしかないの";"";"000A96A8"
"5";"000A7B78";"朝倉 徹";"";"000A96B0"
"5";"000A7B80";"そうですか…
でもとてもよく似合っていますよ";"";"000A96B8"
"5";"000A7BB0";"$p";"";"000A96C0"
"5";"000A7BC0";"そう？　私は気に入ってないんだけど";"";"000A96C8"
"5";"000A7BE8";"朝倉 徹";"";"000A96D0"
"5";"000A7BF0";"そうですか　これは失礼しました";"";"000A96D8"
"5";"000A7C10";"朝倉 徹";"";"000A96E0"
"5";"000A7C20";"その浴衣　とてもよく似合ってますよ";"";"000A96E8"
"5";"000A7C48";"朝倉 徹";"";"000A96F0"
"5";"000A7C50";"その水着、とてもよく似合ってますよ";"";"000A96F8"
"5";"000A7C78";"朝倉 徹";"";"000A9700"
"5";"000A7C80";"でも少し過激ですね
目のやり場に困ってしまいます";"";"000A9708"
"5";"000A7CB0";"朝倉 徹";"";"000A9710"
"5";"000A7CC0";"その洋服、とてもよく似合ってますよ";"";"000A9718"
"5";"000A7CE8";"朝倉 徹";"";"000A9720"
"5";"000A7CF0";"そのドレス、
とてもよく似合ってますよ";"";"000A9728"
"5";"000A7D18";"朝倉 徹";"";"000A9730"
"5";"000A7D20";"そのワンピース
とてもよく似合ってますよ";"";"000A9738"
"5";"000A7D50";"ありがとう　うれしいわ";"";"000A9740"
"5";"000A7D68";"口がうまいのね";"";"000A9748"
"5";"000A7D78";"$p";"";"000A9750"
"5";"000A7D80";"ありがとう　うれしいわ";"";"000A9758"
"5";"000A7D98";"$p";"";"000A9760"
"5";"000A7DA0";"口がうまいのね";"";"000A9768"
"5";"000A7DB0";"朝倉 徹";"";"000A9770"
"5";"000A7DB8";"いえ　本当です";"";"000A9778"
"5";"000A7DC8";"朝倉 徹";"";"000A9780"
"5";"000A7DD0";"その皮のツナギ
よく似合ってますよ";"";"000A9788"
"5";"000A7DF8";"朝倉 徹";"";"000A9790"
"5";"000A7E00";"そのスーツ　とてもよく似合ってますよ";"";"000A9798"
"5";"000A7E28";"朝倉 徹";"";"000A97A0"
"5";"000A7E30";"今流行りの、すそが広いパンツですね";"";"000A97A8"
"5";"000A7E58";"朝倉 徹";"";"000A97B0"
"5";"000A7E60";"おはようございます　$plさん";"";"000A97B8"
"5";"000A7E80";"朝倉 徹";"";"000A97C0"
"5";"000A7E90";"おかえりなさい　$plさん";"";"000A97C8"
"5";"000A7EA8";"朝倉 徹";"";"000A97D0"
"5";"000A7EB0";"$plさん　楽しいですね";"";"000A97D8"
"5";"000A7EC8";"朝倉 徹";"";"000A97E0"
"5";"000A7ED0";"いらっしゃいませ";"";"000A97E8"
"5";"000A7EE8";"朝倉 徹";"";"000A97F0"
"5";"000A7EF0";"ああ、あなたですか…";"";"000A97F8"
"5";"000A7F08";"朝倉 徹";"";"000A9800"
"5";"000A7F10";"今、彼氏と一緒に住んでいらっしゃるそうで…";"";"000A9808"
"5";"000A7F40";"朝倉 徹";"";"000A9810"
"5";"000A7F50";"もう少し早く、あなたとは出会いたかったです";"";"000A9818"
"5";"000A7F80";"朝倉 徹";"";"000A9820"
"5";"000A7F90";"いらっしゃいませ…";"";"000A9828"
"5";"000A7FA8";"朝倉 徹";"";"000A9830"
"5";"000A7FB0";"すいません
今からこの小説のいいところなんですよ";"";"000A9838"
"5";"000A7FE0";"朝倉 徹";"";"000A9840"
"5";"000A7FF0";"お話は明日にしてもらえますか";"";"000A9848"
"5";"000A8010";"朝倉 徹";"";"000A9850"
"5";"000A8020";"明日の$ci夕方$cr
パチパラ町の$ciべんてん$crに来てください";"";"000A9858"
"5";"000A8060";"朝倉 徹";"";"000A9860"
"5";"000A8070";"今日の$ci夕方$cr
パチパラ町の$ciべんてん$crに来てください";"";"000A9868"
"5";"000A80B0";"朝倉 徹";"";"000A9870"
"5";"000A80C0";"明日の$ci夕方$cr
パチパラ町の$ci八原食堂$crに来てください";"";"000A9878"
"5";"000A8100";"朝倉 徹";"";"000A9880"
"5";"000A8110";"今日の$ci夕方$cr
パチパラ町の$ci八原食堂$crに来てください";"";"000A9888"
"5";"000A8150";"朝倉 徹";"";"000A9890"
"5";"000A8160";"お待ちしておりますよ";"";"000A9898"
"5";"000A8178";"朝倉 徹";"";"000A98A0"
"5";"000A8180";"約束は守っていただきたかったですね";"";"000A98A8"
"5";"000A81A8";"朝倉 徹";"";"000A98B0"
"5";"000A81B0";"今日もいい天気ですよ";"";"000A98B8"
"5";"000A81C8";"朝倉 徹";"";"000A98C0"
"5";"000A81D0";"今日も暑くなりそうですね…";"";"000A98C8"
"5";"000A81F0";"朝倉 徹";"";"000A98D0"
"5";"000A8200";"今日は大海公園で
盆踊りが行われるはずですよ";"";"000A98D8"
"5";"000A8230";"朝倉 徹";"";"000A98E0"
"5";"000A8240";"$plさん
今日のパチンコの成果はどうでした？";"";"000A98E8"
"5";"000A8270";"ばっちり";"";"000A98F0"
"5";"000A8280";"まあまあ";"";"000A98F8"
"5";"000A8290";"まったくダメ";"";"000A9900"
"5";"000A82A0";"$p";"";"000A9908"
"5";"000A82B0";"ばっちりだったわ";"";"000A9910"
"5";"000A82C8";"朝倉 徹";"";"000A9918"
"5";"000A82D0";"そうですか　それは良かったですね！";"";"000A9920"
"5";"000A82F8";"$p";"";"000A9928"
"5";"000A8300";"まあまあだったかな";"";"000A9930"
"5";"000A8318";"朝倉 徹";"";"000A9938"
"5";"000A8320";"そうですか　でも損をしていないのなら
良かったじゃないですか";"";"000A9940"
"5";"000A8360";"$p";"";"000A9948"
"5";"000A8370";"全くダメだったわ";"";"000A9950"
"5";"000A8388";"朝倉 徹";"";"000A9958"
"5";"000A8390";"そうですか　あまり気にしない方がいいですよ";"";"000A9960"
"5";"000A83C0";"（じっと徹くんを見つめてみた…）";"";"000A9968"
"5";"000A83E8";"朝倉 徹";"";"000A9970"
"5";"000A83F0";"ん？　ボクの顔に何かついていますか？";"";"000A9978"
"5";"000A8418";"$p";"";"000A9980"
"5";"000A8420";"徹くん…";"";"000A9988"
"5";"000A8430";"徹くん…　かわいい…！";"";"000A9990"
"5";"000A8450";"徹くん…　かっこいい…";"";"000A9998"
"5";"000A8470";"徹くん…　私、幸せよ…！";"";"000A99A0"
"5";"000A8490";"徹くん…　お金が欲しいんだけど…";"";"000A99A8"
"5";"000A84C0";"…ううん、なんでもない";"";"000A99B0"
"5";"000A84D8";"$p";"";"000A99B8"
"5";"000A84E0";"徹くん…　かわいい…！";"";"000A99C0"
"5";"000A84F8";"朝倉 徹";"";"000A99C8"
"5";"000A8500";"ハハハ！　かわいいですか
$plさんにはかないませんね";"";"000A99D0"
"5";"000A8538";"$p";"";"000A99D8"
"5";"000A8540";"徹くん…　かっこいい…";"";"000A99E0"
"5";"000A8558";"朝倉 徹";"";"000A99E8"
"5";"000A8560";"そうですか
気に入っていただければ何よりです";"";"000A99F0"
"5";"000A8590";"$p";"";"000A99F8"
"5";"000A85A0";"徹くん…　私、幸せよ…！";"";"000A9A00"
"5";"000A85C0";"朝倉 徹";"";"000A9A08"
"5";"000A85C8";"$plさん…";"";"000A9A10"
"5";"000A85D8";"朝倉 徹";"";"000A9A18"
"5";"000A85E0";"…ボクもです
こんなに幸せでいいんでしょうか…";"";"000A9A20"
"5";"000A8610";"$p";"";"000A9A28"
"5";"000A8620";"徹くん…　お金が欲しいんだけど…";"";"000A9A30"
"5";"000A8648";"朝倉 徹";"";"000A9A38"
"5";"000A8650";"お金ですか？
あまり現金は持ち合わせていないのですが…";"";"000A9A40"
"5";"000A8688";"朝倉 徹";"";"000A9A48"
"5";"000A8690";"パチンコ　がんばってくださいね";"";"000A9A50"
"5";"000A86B0";"朝倉 徹";"";"000A9A58"
"5";"000A86C0";"すみません　もう持ち合わせがないんです…";"";"000A9A60"
"5";"000A86F0";"$p";"$p";"000A9A68"
"5";"000A8700";"…ううん、なんでもない";"";"000A9A70"
"5";"000A8718";"朝倉 徹";"";"000A9A78"
"5";"000A8720";"そうですか";"";"000A9A80"
"5";"000A8730";"朝倉 徹";"";"000A9A88"
"5";"000A8740";"明日も晴れるといいですね";"";"000A9A90"
"5";"000A8760";"朝倉 徹";"";"000A9A98"
"5";"000A8770";"明日も暑くなりそうですね…";"";"000A9AA0"
"6";"000A9F80";"電話が鳴っている…";"The phone's ringing...";"000AA020"
"6";"000A9F98";"電話に出る";"I pick up the phone.";"000AA028"
"6";"000A9FA8";"居留守を使う";"I pretend I'm not home.";"000AA030"
"6";"000A9FC0";"電話は鳴り止んだ…";"The phone stopped ringing...";"000AA038"
"6";"000A9FE0";"電話は鳴り続けている…";"The phone keeps ringing...";"000AA040"
"6";"000AA000";"部屋に備え付けの電話だ…";"It’s a telephone provided in the room...";"000AA048"
"7";"000AA050";"………";".........";"000AD3B8"
"7";"000AA060";"受話器を取り、もしもし？と言う";"";"000AD3C0"
"7";"000AA080";"受話器を取り、眠気をこらえて応対する";"";"000AD3C8"
"7";"000AA0B0";"受話器を取り、眠気をこらえて応対する";"";"000AD3D0"
"7";"000AA0E0";"受話器を取り、無言で応対する";"";"000AD3D8"
"7";"000AA100";"はい　もしもし？";"";"000AD3E0"
"7";"000AA120";"こんな時間に何だ！";"";"000AD3E8"
"7";"000AA138";"………";".........";"000AD3F0"
"7";"000AA140";"………う…ん…？";"";"000AD3F8"
"7";"000AA160";"はい　もしもし？";"";"000AD400"
"7";"000AA180";"誰？　こんな時間に！";"";"000AD408"
"7";"000AA198";"あ、あの…";"";"000AD410"
"7";"000AA1B0";"すみません　やっぱりいいです
朝早くすみませんでした…";"";"000AD418"
"7";"000AA1F0";"隣の部屋から大きな物音がしたが…";"";"000AD420"
"7";"000AA220";"もう少し様子を伺う";"";"000AD428"
"7";"000AA240";"静かにしろ！と怒鳴り返す";"";"000AD430"
"7";"000AA260";"うるさいわよ！と怒鳴り返す";"";"000AD438"
"7";"000AA280";"心配なので様子を見に行く";"";"000AD440"
"7";"000AA2A0";"どうでもいいのでもう寝る";"";"000AD448"
"7";"000AA2C0";"………";".........";"000AD450"
"7";"000AA2C8";"静かにしろ！";"";"000AD458"
"7";"000AA2E0";"隣は…　２０１号室だな…";"";"000AD460"
"7";"000AA300";"どうでもいいや　もう寝よう…";"";"000AD468"
"7";"000AA320";"………ん・・・？";"";"000AD470"
"7";"000AA338";"うるさいわよ！";"";"000AD478"
"7";"000AA350";"隣は…　２０１号室…";"";"000AD480"
"7";"000AA370";"どうでもいいや　もう寝よう…";"";"000AD488"
"7";"000AA390";"………";".........";"000AD490"
"7";"000AA3A0";"まだもう少し様子を伺う";"";"000AD498"
"7";"000AA3C0";"とりあえず様子を見に行く";"";"000AD4A0"
"7";"000AA3E0";"どうでもいいので寝る";"";"000AD4A8"
"7";"000AA3F8";"$p";"";"000AD4B0"
"7";"000AA400";"はい　もしもし";"";"000AD4B8"
"7";"000AA410";"片山 昭吾";"";"000AD4C0"
"7";"000AA420";"もしもし？
$puさんでありますか？";"";"000AD4C8"
"7";"000AA448";"片山 昭吾";"";"000AD4D0"
"7";"000AA460";"聞いてください！
ビッグニュースであります！";"";"000AD4D8"
"7";"000AA490";"片山 昭吾";"";"000AD4E0"
"7";"000AA4A0";"驚かないでくださいよ
白石 紀子さんが退院したんです！";"";"000AD4E8"
"7";"000AA4D8";"片山 昭吾";"";"000AD4F0"
"7";"000AA4F0";"それだけではありません　紀子さんが
銀玉会館で働くことになったのです！";"";"000AD4F8"
"7";"000AA538";"片山 昭吾";"";"000AD500"
"7";"000AA550";"どうです！
驚きましたか？";"";"000AD508"
"7";"000AA570";"わざとらしく驚く";"";"000AD510"
"7";"000AA590";"「知っていた」と冷めた声で言う";"";"000AD518"
"7";"000AA5B0";"苦笑いをしながら取り繕う";"";"000AD520"
"7";"000AA5D0";"本当に驚く";"";"000AD528"
"7";"000AA5E0";"$p";"";"000AD530"
"7";"000AA5F0";"へえ！　そうなのか！
知らなかったなあ！";"";"000AD538"
"7";"000AA618";"片山 昭吾";"";"000AD540"
"7";"000AA630";"そこまで驚いてもらえるとは、
本官も思っていなかったであります！";"";"000AD548"
"7";"000AA670";"$p";"";"000AD550"
"7";"000AA680";"それなら知ってるよ";"";"000AD558"
"7";"000AA698";"片山 昭吾";"";"000AD560"
"7";"000AA6B0";"ええっ！？　そ、そうなのでありますか？
それなら早く言ってくださいよ";"";"000AD568"
"7";"000AA6F8";"$p";"";"000AD570"
"7";"000AA700";"ハハ…　それは良かった";"";"000AD578"
"7";"000AA718";"片山 昭吾";"";"000AD580"
"7";"000AA730";"そうでしょう！
ハハハハハハハハ！";"";"000AD588"
"7";"000AA758";"片山 昭吾";"";"000AD590"
"7";"000AA770";"ところで…
どうでしょう？　$puさん";"";"000AD598"
"7";"000AA798";"片山 昭吾";"";"000AD5A0"
"7";"000AA7B0";"今日の夜から
紀子さんの退院祝いをしませんか？";"";"000AD5A8"
"7";"000AA7E0";"片山 昭吾";"";"000AD5B0"
"7";"000AA7F0";"今から紀子さんの退院祝いをするんですが
$puさんも来ませんか？";"";"000AD5B8"
"7";"000AA830";"片山 昭吾";"";"000AD5C0"
"7";"000AA840";"場所はパチパラ町のホルモン焼き屋
玉ちゃんです　どうですか？";"";"000AD5C8"
"7";"000AA880";"退院祝いに行く";"";"000AD5D0"
"7";"000AA890";"行かない";"";"000AD5D8"
"7";"000AA8A0";"$p";"";"000AD5E0"
"7";"000AA8B0";"ああ　参加するよ";"";"000AD5E8"
"7";"000AA8C8";"片山 昭吾";"";"000AD5F0"
"7";"000AA8E0";"おお！　本当でありますか！";"";"000AD5F8"
"7";"000AA900";"片山 昭吾";"";"000AD600"
"7";"000AA910";"それでは　今日の夜
ホルモン焼き屋玉ちゃんで！";"";"000AD608"
"7";"000AA940";"片山 昭吾";"";"000AD610"
"7";"000AA950";"それでは　ホルモン焼き屋玉ちゃんで
先に待っております！";"";"000AD618"
"7";"000AA988";"$p";"";"000AD620"
"7";"000AA990";"いや、俺はやめておくよ";"";"000AD628"
"7";"000AA9A8";"片山 昭吾";"";"000AD630"
"7";"000AA9C0";"えっ？　そうなのでありますか…？";"";"000AD638"
"7";"000AA9E8";"片山 昭吾";"";"000AD640"
"7";"000AAA00";"分かりました　それでは　またの機会に…";"";"000AD648"
"7";"000AAA28";"$p";"";"000AD650"
"7";"000AAA30";"まあ！　そうなの！？
知らなかったわあ！";"";"000AD658"
"7";"000AAA58";"$p";"";"000AD660"
"7";"000AAA60";"それなら知ってるわよ";"";"000AD668"
"7";"000AAA78";"$p";"";"000AD670"
"7";"000AAA80";"ハハ…　それは良かったわね";"";"000AD678"
"7";"000AAAA0";"$p";"";"000AD680"
"7";"000AAAB0";"ええ　参加するわ";"";"000AD688"
"7";"000AAAC8";"$p";"";"000AD690"
"7";"000AAAD0";"悪いけど　私はやめておくわ";"";"000AD698"
"7";"000AAAF0";"もしもし！　$puさんですか？";"";"000AD6A0"
"7";"000AAB10";"$ci出玉町の工事現場$crで、
$ci岩田$crが死体となって発見されました！";"";"000AD6A8"
"7";"000AAB60";"$puさんも、
$ci出玉町の工事現場$crまで来てください";"";"000AD6B0"
"7";"000AAB98";"もしもし？";"";"000AD6B8"
"7";"000AABB0";"はい　もしもし？";"";"000AD6C0"
"7";"000AABD0";"あの$puさんですか？
白石です";"";"000AD6C8"
"7";"000AABF0";"あ、あの、今度の金曜日に盆踊りに
行きませんか？　私待ってますから";"";"000AD6D0"
"7";"000AAC40";"あ、あの、明日の夜、盆踊りに
行きませんか？　私、待ってますから…";"";"000AD6D8"
"7";"000AAC90";"…なんだろう　急に…";"";"000AD6E0"
"7";"000AACA8";"盆踊りか…";"";"000AD6E8"
"7";"000AACC0";"はい？　もしもし？";"";"000AD6F0"
"7";"000AACE0";"あああああ、あの！
$puさんですかっっ！？";"";"000AD6F8"
"7";"000AAD10";"パ、パチパラ町交番の
片山昭吾巡査でありますっ！";"";"000AD700"
"7";"000AAD40";"何か用？";"";"000AD708"
"7";"000AAD50";"今忙しいの　と言って電話を切る";"";"000AD710"
"7";"000AAD70";"何か用？";"";"000AD718"
"7";"000AAD80";"今忙しいの　切るわね";"";"000AD720"
"7";"000AADA0";"えっ？　あ！　ちょ、ちょっと…";"";"000AD728"
"7";"000AADC0";"は、はい　えーとですね　その
な、何か不自由な事はないかなと思いまして";"";"000AD730"
"7";"000AAE10";"不自由な事？　そうね…";"";"000AD738"
"7";"000AAE30";"とくに不自由な事はない";"";"000AD740"
"7";"000AAE48";"アパートが狭い";"";"000AD748"
"7";"000AAE58";"家具が欲しい";"";"000AD750"
"7";"000AAE68";"貧乏だ";"";"000AD758"
"7";"000AAE70";"素敵な男性が現れない";"";"000AD760"
"7";"000AAE90";"とくに不自由な事はないけど";"";"000AD768"
"7";"000AAEB0";"あ〜あそうですか　それはそれで何よりです";"";"000AD770"
"7";"000AAEE0";"そ、それじゃあ　今日はこれで
失礼しました…！";"";"000AD778"
"7";"000AAF10";"またかかってきてもいいかな…";"";"000AD780"
"7";"000AAF30";"もうかかってこないで欲しい…";"";"000AD788"
"7";"000AAF50";"そうね…　アパートが狭いことかな…";"";"000AD790"
"7";"000AAF80";"ア、アパートですか？　それはなんとも
本官の方ではいかんともしがたく…";"";"000AD798"
"7";"000AAFD0";"そうね…　家具がなくて
部屋が寂しいことかな…";"";"000AD7A0"
"7";"000AB000";"家具ですか！　むむむ…";"";"000AD7A8"
"7";"000AB020";"せんえつながら
本官がお助けいたしましょう！";"";"000AD7B0"
"7";"000AB050";"そうね、正直なところ
食べる物にも困るありさまで…";"";"000AD7B8"
"7";"000AB090";"そっそれは大変ですね…
分かりました！";"";"000AD7C0"
"7";"000AB0C0";"本官が何とかします！　それまでは
空腹で倒れたりしないでくださいね！";"";"000AD7C8"
"7";"000AB110";"そうね…
素敵な男性が現れないことかな…";"";"000AD7D0"
"7";"000AB140";"えええっ！？　だ、男性でありますか？";"";"000AD7D8"
"7";"000AB168";"…………………";".....................";"000AD7E0"
"7";"000AB180";"…も、もしよろしければ、本官が…";"";"000AD7E8"
"7";"000AB1B0";"ハァァッ！！　いかんいかん！
失礼しました！　行き過ぎた発言でした！";"";"000AD7F0"
"7";"000AB200";"それでは今日はこれで！
失礼しますっ";"";"000AD7F8"
"7";"000AB230";"ももももしもしっ？
片山です！";"";"000AD800"
"7";"000AB250";"あの、よろしければその…　本官と盆踊りに
同行してはいただけないでしょうか！？";"";"000AD808"
"7";"000AB2A0";"いやあの、突然の申し出で困惑
されているのは分かっております！";"";"000AD810"
"7";"000AB2E0";"ただ…　その、なんですか　$puさんに
楽しんでもらいたいと思いまして…";"";"000AD818"
"7";"000AB328";"うん　いいわよ";"";"000AD820"
"7";"000AB340";"今はそういう気分じゃないの";"";"000AD828"
"7";"000AB360";"うん　いいわよ";"";"000AD830"
"7";"000AB370";"ほほほほほほほんとうですか！";"";"000AD838"
"7";"000AB390";"いやあ　これは！　で、では、
今日の夜に大海町の公園で待っております！";"";"000AD840"
"7";"000AB3E0";"それではっ！　失礼しますっ！";"";"000AD848"
"7";"000AB400";"今はそういう気分じゃないの";"";"000AD850"
"7";"000AB420";"あ〜そうでしたか、申し訳ありません";"";"000AD858"
"7";"000AB450";"それでは、また折をみて電話しますので…
失礼します…";"";"000AD860"
"7";"000AB488";"片山 昭吾";"";"000AD868"
"7";"000AB4A0";"ももももしもしっ？
片山です！";"";"000AD870"
"7";"000AB4C0";"片山 昭吾";"";"000AD878"
"7";"000AB4D0";"先日はどうしたのでありますか？
本官はずっと待っていたあります";"";"000AD880"
"7";"000AB510";"ごめんなさい　体調が悪かったの";"";"000AD888"
"7";"000AB530";"ごめんなさい　急に用事が入って";"";"000AD890"
"7";"000AB550";"ごめんなさい　すっかり忘れてたわ";"";"000AD898"
"7";"000AB580";"そんな約束してないわよ";"";"000AD8A0"
"7";"000AB598";"片山 昭吾";"";"000AD8A8"
"7";"000AB5B0";"そ、そうでありましたか
それでは仕方がないであります";"";"000AD8B0"
"7";"000AB5E8";"片山 昭吾";"";"000AD8B8"
"7";"000AB600";"そうでありましたか…
本官は傷つくであります";"";"000AD8C0"
"7";"000AB630";"片山 昭吾";"";"000AD8C8"
"7";"000AB640";"そ、そんな！
確かに約束したであります！";"";"000AD8D0"
"7";"000AB668";"片山 昭吾";"";"000AD8D8"
"7";"000AB680";"こ、今夜こそはどうでありますか？
今夜も盆踊りはやっているであります";"";"000AD8E0"
"7";"000AB6C8";"片山 昭吾";"";"000AD8E8"
"7";"000AB6E0";"ほほほほほほほんとうですか！";"";"000AD8F0"
"7";"000AB700";"片山 昭吾";"";"000AD8F8"
"7";"000AB710";"で、では、今日の夜に
大海町の公園で待っております！";"";"000AD900"
"7";"000AB748";"片山 昭吾";"";"000AD908"
"7";"000AB760";"それではっ！　失礼しますっ！";"";"000AD910"
"7";"000AB780";"片山 昭吾";"";"000AD918"
"7";"000AB790";"そうでありますか…
申し訳ありません";"";"000AD920"
"7";"000AB7B8";"片山 昭吾";"";"000AD928"
"7";"000AB7D0";"それでは、また折をみて電話しますので…
失礼します…";"";"000AD930"
"7";"000AB808";"美沢 ゆき";"";"000AD938"
"7";"000AB820";"もしもーし　わたし　美沢ゆきです";"";"000AD940"
"7";"000AB848";"美沢 ゆき";"";"000AD948"
"7";"000AB858";"ビックリした？";"";"000AD950"
"7";"000AB868";"美沢 ゆき";"";"000AD958"
"7";"000AB880";"柳田さんの事件はどうなったのかな、
と思って電話したんだけど…";"";"000AD960"
"7";"000AB8C0";"「助かったわ」とお礼を言う";"";"000AD968"
"7";"000AB8E0";"「全く！」と否定する";"";"000AD970"
"7";"000AB900";"「あなた、誰？」ととぼける";"";"000AD978"
"7";"000AB920";"$p";"";"000AD980"
"7";"000AB930";"ええ　助かったわ　ありがとう";"";"000AD988"
"7";"000AB950";"美沢 ゆき";"";"000AD990"
"7";"000AB960";"ほんとに〜　良かったあ";"";"000AD998"
"7";"000AB978";"$p";"";"000AD9A0"
"7";"000AB980";"全く、役に立たなかったわ";"";"000AD9A8"
"7";"000AB9A0";"美沢 ゆき";"";"000AD9B0"
"7";"000AB9B0";"ほんとに…　ごめんね
あんまりお役に立てなくて";"";"000AD9B8"
"7";"000AB9E0";"$p";"";"000AD9C0"
"7";"000AB9E8";"あなた、誰？";"";"000AD9C8"
"7";"000AB9F8";"美沢 ゆき";"";"000AD9D0"
"7";"000ABA10";"ええ！？
この前、私に話しかけてきたじゃない！";"";"000AD9D8"
"7";"000ABA40";"美沢 ゆき";"";"000AD9E0"
"7";"000ABA50";"…";"";"000AD9E8"
"7";"000ABA58";"美沢 ゆき";"";"000AD9F0"
"7";"000ABA70";"あっ　そうだった！";"";"000AD9F8"
"7";"000ABA88";"美沢 ゆき";"";"000ADA00"
"7";"000ABAA0";"また、あなたにお願いがあるんだけど…";"";"000ADA08"
"7";"000ABAC8";"美沢 ゆき";"";"000ADA10"
"7";"000ABAE0";"あなたにお願いがあったの";"";"000ADA18"
"7";"000ABB00";"美沢 ゆき";"";"000ADA20"
"7";"000ABB10";"ゆきね
知り合いの男の人から食事に誘われてるの";"";"000ADA28"
"7";"000ABB40";"美沢 ゆき";"";"000ADA30"
"7";"000ABB50";"でね　その人に、もう一人女の子を連れてきて
って、言われちゃって…";"";"000ADA38"
"7";"000ABB98";"美沢 ゆき";"";"000ADA40"
"7";"000ABBB0";"良かったら、一緒に行ってくれないかな？";"";"000ADA48"
"7";"000ABBE0";"合コンに参加する";"";"000ADA50"
"7";"000ABC00";"合コンに参加しない";"";"000ADA58"
"7";"000ABC18";"$p";"";"000ADA60"
"7";"000ABC20";"ええ　参加するわ";"";"000ADA68"
"7";"000ABC38";"美沢 ゆき";"";"000ADA70"
"7";"000ABC50";"良かった〜
一緒に行ってくれる人がいなくて困ってたの";"";"000ADA78"
"7";"000ABC88";"美沢 ゆき";"";"000ADA80"
"7";"000ABCA0";"じゃあ、明日の$ci夕方$cr
パチパラ町の$ci小杉$crに来てね";"";"000ADA88"
"7";"000ABCD8";"美沢 ゆき";"";"000ADA90"
"7";"000ABCF0";"じゃあ、明日の$ci夜$cr
出玉町の$ciたま井$crに来てね";"";"000ADA98"
"7";"000ABD28";"美沢 ゆき";"";"000ADAA0"
"7";"000ABD40";"待ってるからね〜";"";"000ADAA8"
"7";"000ABD58";"$p";"";"000ADAB0"
"7";"000ABD60";"ごめんなさい　明日はちょっと都合が悪いのよ";"";"000ADAB8"
"7";"000ABD90";"美沢 ゆき";"";"000ADAC0"
"7";"000ABDA0";"そっか〜　ざんねーん";"";"000ADAC8"
"7";"000ABDB8";"美沢 ゆき";"";"000ADAD0"
"7";"000ABDD0";"じゃあ　また今度ね　バイバイ";"";"000ADAD8"
"7";"000ABDF0";"片山 昭吾";"";"000ADAE0"
"7";"000ABE00";"も、もしもし
パチパラ町交番の、片山であります！";"";"000ADAE8"
"7";"000ABE30";"片山 昭吾";"";"000ADAF0"
"7";"000ABE40";"…$puさん　自分の一生のお願いを聞いて
もらえないでしょうか";"";"000ADAF8"
"7";"000ABE80";"片山 昭吾";"";"000ADB00"
"7";"000ABE90";"…$puさん　もう一度、自分のお願いを
聞いてもらえないでしょうか";"";"000ADB08"
"7";"000ABED0";"「いいぜ　どうしたんだ？」";"";"000ADB10"
"7";"000ABEF0";"「ヤなこった」";"";"000ADB18"
"7";"000ABF00";"「で、いくら出してくれるのかな？」";"";"000ADB20"
"7";"000ABF30";"「おかけになった電話は現在使われておりません」";"";"000ADB28"
"7";"000ABF60";"$p";"";"000ADB30"
"7";"000ABF70";"いいぜ　どうしたんだ？";"";"000ADB38"
"7";"000ABF88";"片山 昭吾";"";"000ADB40"
"7";"000ABFA0";"おおお　聞いてくださいますか！
ありがとうございます";"";"000ADB48"
"7";"000ABFD8";"$p";"";"000ADB50"
"7";"000ABFE0";"ヤなこった";"";"000ADB58"
"7";"000ABFF0";"片山 昭吾";"";"000ADB60"
"7";"000AC000";"そ、そう言わずに聞いてください";"";"000ADB68"
"7";"000AC020";"$p";"";"000ADB70"
"7";"000AC030";"で、いくら出してくれるのかな？";"";"000ADB78"
"7";"000AC050";"片山 昭吾";"";"000ADB80"
"7";"000AC060";"ほ、ほ、ほ、本官は安月給ですので、
玉はご勘弁願います！";"";"000ADB88"
"7";"000AC098";"$p";"";"000ADB90"
"7";"000AC0A0";"おかけになった電話は現在使われておりません
もう一度お確かめの上、おかけ直しください";"";"000ADB98"
"7";"000AC0F8";"片山 昭吾";"";"000ADBA0"
"7";"000AC110";"うわ！　間違えた！";"";"000ADBA8"
"7";"000AC128";"チン";"";"000ADBB0"
"7";"000AC130";"電話は切れた";"";"000ADBB8"
"7";"000AC140";"片山 昭吾";"";"000ADBC0"
"7";"000AC150";"じ、実はこの度、女性の方とお食事会を
することになった次第で…";"";"000ADBC8"
"7";"000AC190";"片山 昭吾";"";"000ADBD0"
"7";"000AC1A0";"本官一人ですと、華も、話芸もなく…
お食事会がとても不安なのです";"";"000ADBD8"
"7";"000AC1E0";"片山 昭吾";"";"000ADBE0"
"7";"000AC1F0";"そこで、是非ともあなたに一緒に来ていただき
たいのですが、いかがでしょうか？";"";"000ADBE8"
"7";"000AC240";"合コンに参加する";"";"000ADBF0"
"7";"000AC260";"合コンに参加しない";"";"000ADBF8"
"7";"000AC278";"$p";"";"000ADC00"
"7";"000AC280";"いいぜ　参加するよ";"";"000ADC08"
"7";"000AC298";"片山 昭吾";"";"000ADC10"
"7";"000AC2B0";"ほ、本当ですか！";"";"000ADC18"
"7";"000AC2C8";"片山 昭吾";"";"000ADC20"
"7";"000AC2E0";"で、では、明日の$ci夜$crに
大海町の$ciえの鮨$crに来てください";"";"000ADC28"
"7";"000AC320";"片山 昭吾";"";"000ADC30"
"7";"000AC330";"で、では、明日の$ci夕方$crに
出玉町の$ciロイヤルホテル出玉$crに来てください";"";"000ADC38"
"7";"000AC380";"片山 昭吾";"";"000ADC40"
"7";"000AC390";"お待ちしております";"";"000ADC48"
"7";"000AC3A8";"$p";"";"000ADC50"
"7";"000AC3B0";"いや　明日は用があるんだ";"";"000ADC58"
"7";"000AC3D0";"片山 昭吾";"";"000ADC60"
"7";"000AC3E0";"そ、そうでありますか
";"";"000ADC68"
"7";"000AC3F8";"片山 昭吾";"";"000ADC70"
"7";"000AC410";"わかりました　今日はこれで失礼します";"";"000ADC78"
"7";"000AC438";"片山 昭吾";"";"000ADC80"
"7";"000AC448";"それでは！";"";"000ADC88"
"7";"000AC458";"桂木 綾";"";"000ADC90"
"7";"000AC460";"もしもし　こんにちは
私、シルバームーンの桂木綾よ";"";"000ADC98"
"7";"000AC498";"桂木 綾";"";"000ADCA0"
"7";"000AC4A0";"いきなり電話してごめんなさい";"";"000ADCA8"
"7";"000AC4C0";"どうかしたの？";"";"000ADCB0"
"7";"000AC4D0";"なんで電話番号がわかったの？";"";"000ADCB8"
"7";"000AC4F0";"本当に迷惑だわ";"";"000ADCC0"
"7";"000AC500";"$p";"";"000ADCC8"
"7";"000AC508";"どうかしたの？";"";"000ADCD0"
"7";"000AC518";"桂木 綾";"";"000ADCD8"
"7";"000AC520";"ええ　ちょっと　
そんなに大したことでもないんだけど…";"";"000ADCE0"
"7";"000AC558";"$p";"";"000ADCE8"
"7";"000AC560";"なんで電話番号がわかったの？";"";"000ADCF0"
"7";"000AC580";"桂木 綾";"";"000ADCF8"
"7";"000AC590";"ウチの店の名前を出せば、色々なことが
調べられるのよ";"";"000ADD00"
"7";"000AC5C8";"桂木 綾";"";"000ADD08"
"7";"000AC5D0";"まあ、今日電話したのは、そんなに大したこと
でもないんだけど…";"";"000ADD10"
"7";"000AC610";"$p";"";"000ADD18"
"7";"000AC618";"本当に迷惑だわ";"";"000ADD20"
"7";"000AC628";"桂木 綾";"";"000ADD28"
"7";"000AC630";"あらそう　ごめんなさい";"";"000ADD30"
"7";"000AC648";"桂木 綾";"";"000ADD38"
"7";"000AC650";"じゃあ　あなたには頼まないわ";"";"000ADD40"
"7";"000AC670";"桂木 綾";"";"000ADD48"
"7";"000AC678";"さよなら";"";"000ADD50"
"7";"000AC688";"桂木 綾";"";"000ADD58"
"7";"000AC690";"明日、男の人と飲みに行くんだけど、
あなたも来ないかな、と思って…";"";"000ADD60"
"7";"000AC6D8";"桂木 綾";"";"000ADD68"
"7";"000AC6E0";"それで電話したの";"";"000ADD70"
"7";"000AC6F8";"桂木 綾";"";"000ADD78"
"7";"000AC700";"どう？　都合悪いかしら？";"";"000ADD80"
"7";"000AC720";"合コンに参加する";"";"000ADD88"
"7";"000AC740";"合コンに参加しない";"";"000ADD90"
"7";"000AC760";"なぜ私を誘うの？";"";"000ADD98"
"7";"000AC778";"$p";"";"000ADDA0"
"7";"000AC780";"ええ　参加するわ";"";"000ADDA8"
"7";"000AC798";"桂木 綾";"";"000ADDB0"
"7";"000AC7A0";"そう　よかった";"";"000ADDB8"
"7";"000AC7B0";"桂木 綾";"";"000ADDC0"
"7";"000AC7C0";"じゃあ、明日の$ci夜$crに
大海町の$ciキッチンたま$crに来てくださるかしら";"";"000ADDC8"
"7";"000AC808";"桂木 綾";"";"000ADDD0"
"7";"000AC810";"じゃあ、明日の$ci夜$crに
出玉町の$ciとび天$crに来てくださるかしら";"";"000ADDD8"
"7";"000AC858";"桂木 綾";"";"000ADDE0"
"7";"000AC860";"待ってるわね";"";"000ADDE8"
"7";"000AC870";"$p";"";"000ADDF0"
"7";"000AC880";"ごめんなさい　明日は都合が悪いのよ";"";"000ADDF8"
"7";"000AC8A8";"桂木 綾";"";"000ADE00"
"7";"000AC8B0";"そう　残念だわ";"";"000ADE08"
"7";"000AC8C0";"桂木 綾";"";"000ADE10"
"7";"000AC8D0";"じゃあまた、次があったら電話するわね";"";"000ADE18"
"7";"000AC8F8";"$p";"";"000ADE20"
"7";"000AC900";"何で私に、そんなこと頼むの？";"";"000ADE28"
"7";"000AC920";"桂木 綾";"";"000ADE30"
"7";"000AC930";"それはね、あなたに関係がある人が
誘って欲しいって言ってきたからよ";"";"000ADE38"
"7";"000AC978";"桂木 綾";"";"000ADE40"
"7";"000AC980";"まあ、誰かまでは言えないけどね";"";"000ADE48"
"7";"000AC9A0";"朝倉 徹";"";"000ADE50"
"7";"000AC9B0";"もしもし　$puさんのお宅ですか？
私、朝倉徹、と申します";"";"000ADE58"
"7";"000AC9E8";"この前はどうも";"";"000ADE60"
"7";"000ACA00";"朝倉？　中華料理屋の朝倉さんか？";"";"000ADE68"
"7";"000ACA30";"朝倉？　そんなヤツ、知り合いにはいないぜ";"";"000ADE70"
"7";"000ACA60";"あんた、間違った家に電話をかけてきてるよ";"";"000ADE78"
"7";"000ACA90";"$p";"";"000ADE80"
"7";"000ACA98";"この前はどうも";"";"000ADE88"
"7";"000ACAA8";"朝倉 徹";"";"000ADE90"
"7";"000ACAB0";"いえいえ、こちらこそお世話になりました";"";"000ADE98"
"7";"000ACAD8";"$p";"";"000ADEA0"
"7";"000ACAE0";"朝倉？　中華料理屋の朝倉さんか？";"";"000ADEA8"
"7";"000ACB08";"朝倉 徹";"";"000ADEB0"
"7";"000ACB10";"そうです　よく覚えていてくださいましたね";"";"000ADEB8"
"7";"000ACB40";"$p";"";"000ADEC0"
"7";"000ACB50";"朝倉？　そんなヤツ、知り合いにはいないぜ";"";"000ADEC8"
"7";"000ACB80";"朝倉 徹";"";"000ADED0"
"7";"000ACB90";"すいません　このまえ少しだけお話しさせて
いただいただけですからね";"";"000ADED8"
"7";"000ACBD8";"$p";"";"000ADEE0"
"7";"000ACBE0";"あんた、間違った家に電話をかけてきてるよ
俺は武者小路っていうモンだ";"";"000ADEE8"
"7";"000ACC28";"朝倉 徹";"";"000ADEF0"
"7";"000ACC30";"ウソをおっしゃっても分かるんですよ";"";"000ADEF8"
"7";"000ACC58";"朝倉 徹";"";"000ADF00"
"7";"000ACC60";"ウチのグループの調査会社を使って、
調べましたからね";"";"000ADF08"
"7";"000ACC98";"朝倉 徹";"";"000ADF10"
"7";"000ACCA0";"そうそう";"";"000ADF18"
"7";"000ACCB0";"朝倉 徹";"";"000ADF20"
"7";"000ACCC0";"今日はあなたを、お食事に招待しようと思い
電話をさし上げたんです";"";"000ADF28"
"7";"000ACD00";"朝倉 徹";"";"000ADF30"
"7";"000ACD10";"どうです？　いらしてもらえませんか？";"";"000ADF38"
"7";"000ACD40";"合コンに参加する";"";"000ADF40"
"7";"000ACD60";"合コンに参加しない";"";"000ADF48"
"7";"000ACD80";"何で俺を誘うんだ？";"";"000ADF50"
"7";"000ACD98";"$p";"";"000ADF58"
"7";"000ACDA0";"ああ　いいぜ　参加するよ";"";"000ADF60"
"7";"000ACDC0";"朝倉 徹";"";"000ADF68"
"7";"000ACDD0";"そうですか　ありがとうございます";"";"000ADF70"
"7";"000ACDF8";"朝倉 徹";"";"000ADF78"
"7";"000ACE00";"それでは、明日の$ci夕方$cr
パチパラ町の$ciべんてん$crに来てください";"";"000ADF80"
"7";"000ACE48";"朝倉 徹";"";"000ADF88"
"7";"000ACE50";"それでは、明日の$ci夕方$cr
パチパラ町の$ci八原食堂$crに来てください";"";"000ADF90"
"7";"000ACE98";"朝倉 徹";"";"000ADF98"
"7";"000ACEA0";"現地でお待ちしております";"";"000ADFA0"
"7";"000ACEC0";"$p";"";"000ADFA8"
"7";"000ACED0";"悪いな　明日は都合が悪いんだ";"";"000ADFB0"
"7";"000ACEF0";"朝倉 徹";"";"000ADFB8"
"7";"000ACF00";"そうですか　では仕方ありませんね";"";"000ADFC0"
"7";"000ACF28";"朝倉 徹";"";"000ADFC8"
"7";"000ACF30";"ではまた、次の機会があったら電話をさし上げます";"";"000ADFD0"
"7";"000ACF60";"$p";"";"000ADFD8"
"7";"000ACF70";"何で俺を、そんな食事に誘うんだ？";"";"000ADFE0"
"7";"000ACF98";"朝倉 徹";"";"000ADFE8"
"7";"000ACFA0";"それはですね…";"";"000ADFF0"
"7";"000ACFB0";"朝倉 徹";"";"000ADFF8"
"7";"000ACFC0";"あなたをご指名された女性がいらっしゃるからです";"";"000AE000"
"7";"000ACFF0";"もしもしー　$puさん
私だよー　誰か分かる？";"";"000AE008"
"7";"000AD020";"「…もしかして白石 紀子さん？」";"";"000AE010"
"7";"000AD040";"「…もしかして美沢 ゆきさん？」";"";"000AE018"
"7";"000AD060";"「…もしかして桂木 綾さん？」";"";"000AE020"
"7";"000AD080";"…もしかして白石 紀子さん？";"";"000AE028"
"7";"000AD0A0";"…もしかして美沢 ゆきさん？";"";"000AE030"
"7";"000AD0C0";"…もしかして桂木 綾さん？";"";"000AE038"
"7";"000AD0E0";"違うよ　ゆきだよ　美沢ゆき";"";"000AE040"
"7";"000AD100";"一緒に釣りに行った女の子の声くらい
覚えててよ";"";"000AE048"
"7";"000AD130";"そうだよ　$puさんだったら、
わかってくれると思ったよ";"";"000AE050"
"7";"000AD170";"この前は、いっぱいお魚が釣れたねー";"";"000AE058"
"7";"000AD1A0";"それでね、あの後…";"";"000AE060"
"7";"000AD1B8";"…";"...";"000AE068"
"7";"000AD1C0";"……";"......";"000AE070"
"7";"000AD1C8";"………";".........";"000AE078"
"7";"000AD1D0";"…………";"............";"000AE080"
"7";"000AD1E0";"……………";"...............";"000AE088"
"7";"000AD1F0";"……………………………";".................................";"000AE090"
"7";"000AD210";"………………………………………………………";"...............................................................";"000AE098"
"7";"000AD240";"１時間が過ぎた";"";"000AE0A0"
"7";"000AD250";"…だったの";"";"000AE0A8"
"7";"000AD260";"あ、もうこんな時間
ごめんね　長電話しちゃって";"";"000AE0B0"
"7";"000AD290";"じゃあ　またね";"";"000AE0B8"
"7";"000AD2A0";"明るく「じゃあまたな」と返事をする";"";"000AE0C0"
"7";"000AD2D0";"あくびまじりに「じゃあまたな」と返事する";"";"000AE0C8"
"7";"000AD300";"怒り「二度とかけてくるな！」と言い電話を切る";"";"000AE0D0"
"7";"000AD330";"じゃあ、またな";"";"000AE0D8"
"7";"000AD340";"うん　バイバイ";"";"000AE0E0"
"7";"000AD350";"じゃあ、またな";"";"000AE0E8"
"7";"000AD360";"ごめん　眠かった？
じゃあね　バイバイ";"";"000AE0F0"
"7";"000AD390";"こんな電話、もう二度とかけてくるな！";"";"000AE0F8"
"8";"000AE320";"布団だ…";"";"000AE7E8"
"8";"000AE330";"寝る";"";"000AE7F0"
"8";"000AE338";"座る";"";"000AE7F8"
"8";"000AE340";"何もしない";"";"000AE800"
"8";"000AE350";"どうしますか";"";"000AE808"
"8";"000AE360";"おしゃべりをする";"";"000AE810"
"8";"000AE378";"立ち上がる";"";"000AE818"
"8";"000AE390";"イチャイチャする";"";"000AE820"
"8";"000AE3A8";"何もしない";"";"000AE828"
"8";"000AE3C0";"おはようございます";"";"000AE830"
"8";"000AE3D8";"お帰りなさい";"";"000AE838"
"8";"000AE3F0";"おやすみなさーい";"";"000AE840"
"8";"000AE408";"おっはよ！";"";"000AE848"
"8";"000AE418";"お帰りなさーい";"";"000AE850"
"8";"000AE428";"おやすみっ";"";"000AE858"
"8";"000AE438";"おはよう";"";"000AE860"
"8";"000AE448";"お帰りなさい";"";"000AE868"
"8";"000AE458";"お疲れ様";"";"000AE870"
"8";"000AE470";"おはようございますっ！";"";"000AE878"
"8";"000AE488";"お帰りなさい！";"";"000AE880"
"8";"000AE4A0";"消灯！　おやすみなさい！";"";"000AE888"
"8";"000AE4C0";"おはよう";"";"000AE890"
"8";"000AE4D0";"おう　お帰り";"";"000AE898"
"8";"000AE4E0";"おやすみ　ベイベー";"";"000AE8A0"
"8";"000AE500";"おはようございます";"";"000AE8A8"
"8";"000AE518";"お帰りなさい";"";"000AE8B0"
"8";"000AE528";"おやすみなさい";"";"000AE8B8"
"8";"000AE540";"プレゼントをしますか？";"";"000AE8C0"
"8";"000AE558";"何もあげない";"";"000AE8C8"
"8";"000AE568";"$p";"";"000AE8D0"
"8";"000AE570";"紀子…";"";"000AE8D8"
"8";"000AE578";"白石 紀子";"";"000AE8E0"
"8";"000AE590";"ん？　$plさん　どうしたの？";"";"000AE8E8"
"8";"000AE5B0";"白石 紀子";"";"000AE8F0"
"8";"000AE5C0";"ダメだよ〜";"";"000AE8F8"
"8";"000AE5D0";"$p";"";"000AE900"
"8";"000AE5D8";"ゆき…";"";"000AE908"
"8";"000AE5E0";"美沢 ゆき";"";"000AE910"
"8";"000AE5F0";"ん？　$plさん　どうしたの？";"";"000AE918"
"8";"000AE610";"美沢 ゆき";"";"000AE920"
"8";"000AE620";"いや〜ん";"";"000AE928"
"8";"000AE630";"$p";"";"000AE930"
"8";"000AE638";"綾…";"";"000AE938"
"8";"000AE640";"桂木 綾";"";"000AE940"
"8";"000AE650";"ん？　$plさん　どうしたの？";"";"000AE948"
"8";"000AE670";"桂木 綾";"";"000AE950"
"8";"000AE678";"だ・め・よ・";"";"000AE958"
"8";"000AE688";"$p";"";"000AE960"
"8";"000AE690";"昭吾くん…";"";"000AE968"
"8";"000AE6A0";"片山 昭吾";"";"000AE970"
"8";"000AE6B0";"$plさん
どっ　どうしたのですか？";"";"000AE978"
"8";"000AE6D8";"片山 昭吾";"";"000AE980"
"8";"000AE6F0";"そっ　そんなこと…";"";"000AE988"
"8";"000AE708";"$p";"";"000AE990"
"8";"000AE710";"竜介くん…";"";"000AE998"
"8";"000AE720";"黒崎 竜介";"";"000AE9A0"
"8";"000AE730";"$plさん
どっ　どうしたんだ？";"";"000AE9A8"
"8";"000AE750";"黒崎 竜介";"";"000AE9B0"
"8";"000AE760";"そっ　そんなこと…";"";"000AE9B8"
"8";"000AE778";"$p";"";"000AE9C0"
"8";"000AE780";"徹くん…";"";"000AE9C8"
"8";"000AE790";"朝倉 徹";"";"000AE9D0"
"8";"000AE7A0";"$plさん
どっ　どうしたんですか？";"";"000AE9D8"
"8";"000AE7C8";"朝倉 徹";"";"000AE9E0"
"8";"000AE7D0";"そっ　そんなこと…";"";"000AE9E8"
"9";"000AE9F0";"何について考えますか？";"What will you think about?";"000B22B0"
"9";"000AEA10";"パチンコについて";"About Pachinko";"000B22B8"
"9";"000AEA28";"事件について";"About the Case";"000B22C0"
"9";"000AEA40";"人間関係について";"About Relationships";"000B22C8"
"9";"000AEA58";"その４について";"About #4";"000B22D0"
"9";"000AEA68";"その５について";"About #5";"000B22D8"
"9";"000AEA78";"その６について";"About #6";"000B22E0"
"9";"000AEA88";"やめておく";"Never mind";"000B22E8"
"9";"000AEA98";"考え中…";"Thinking...";"000B22F0"
"9";"000AEAB0";"今日は銀玉会館のサービスデーだな…";"";"000B22F8"
"9";"000AEAE0";"今日はベリーラッキーの
サービスデーだな…";"";"000B2300"
"9";"000AEB10";"今日はシルバームーンの
サービスデーだな…";"";"000B2308"
"9";"000AEB40";"今日は銀玉会館のサービスデーね…";"";"000B2310"
"9";"000AEB70";"今日はベリーラッキーの
サービスデーね…";"";"000B2318"
"9";"000AEBA0";"今日はシルバームーンの
サービスデーね…";"";"000B2320"
"9";"000AEBD0";"パチンコに行こうかな…";"Maybe I should go to the pachinko parlor...";"000B2328"
"9";"000AEBF0";"どの事件について考えようか…";"";"000B2330"
"9";"000AEC10";"パチンコ屋殺人事件";"";"000B2338"
"9";"000AEC30";"ミヨちゃん行方不明事件";"Miyo's Disappearance Incident";"000B2340"
"9";"000AEC50";"ホステス親子の失踪";"";"000B2348"
"9";"000AEC68";"例の場所を探せ";"";"000B2350"
"9";"000AEC78";"次の一覧";"";"000B2358"
"9";"000AEC88";"覗き魔は誰だ";"";"000B2360"
"9";"000AECA0";"ラジオ体操指導員他殺疑惑";"";"000B2368"
"9";"000AECC0";"パチンコ屋のペンキ職人";"";"000B2370"
"9";"000AECE0";"土地ブローカー殺害事件";"";"000B2378"
"9";"000AED00";"推定死亡時刻の矛盾";"";"000B2380"
"9";"000AED18";"前の一覧";"";"000B2388"
"9";"000AED30";"裏パチンコ店を探せ";"";"000B2390"
"9";"000AED48";"紀子の誘拐";"";"000B2398"
"9";"000AED60";"この事件は解決している…";"";"000B23A0"
"9";"000AED80";"この事件は解決しているわ…";"";"000B23A8"
"9";"000AEDA0";"被害者はなぜ
銀玉会館で殺されたのだろう…？";"";"000B23B0"
"9";"000AEDD0";"新川はパチパラ町の住人に
立ち退くよう脅迫していた";"";"000B23B8"
"9";"000AEE10";"新川がわざわざ雨の日の早朝、
銀玉会館を訪れたのは…";"";"000B23C0"
"9";"000AEE50";"何者かにおびき寄せられた";"";"000B23C8"
"9";"000AEE70";"銀玉会館を脅迫しに来た";"";"000B23D0"
"9";"000AEE90";"何者かにおびき寄せられたからだろう…";"";"000B23D8"
"9";"000AEEC0";"その後、新川は殺された…";"";"000B23E0"
"9";"000AEEE0";"銀玉会館を脅迫しに
来たのではないだろうか…";"";"000B23E8"
"9";"000AEF10";"しかし、その後新川は殺されている…
つまり…";"";"000B23F0"
"9";"000AEF40";"開店前の銀玉会館に誰か待ち伏せしていた";"";"000B23F8"
"9";"000AEF70";"開店前の銀玉会館に偶然誰かがいた";"";"000B2400"
"9";"000AEFA0";"開店前の銀玉会館に誰か待ち伏せしていた…";"";"000B2408"
"9";"000AEFD0";"開店前の銀玉会館に偶然誰かがいた…";"";"000B2410"
"9";"000AF000";"偶然に偶然が重なって起きた殺人事件…
なのだろうか…？";"";"000B2418"
"9";"000AF038";"さて…";"";"000B2420"
"9";"000AF040";"新川について";"";"000B2428"
"9";"000AF050";"犯人像について";"";"000B2430"
"9";"000AF060";"パチンコ屋殺人事件について考えるのをやめる";"";"000B2438"
"9";"000AF090";"パチンコ屋で起きた殺人事件か…";"";"000B2440"
"9";"000AF0B0";"物騒な話だ…";"";"000B2448"
"9";"000AF0C0";"迷惑な話だ…";"";"000B2450"
"9";"000AF0D0";"興味深い事件だ…";"";"000B2458"
"9";"000AF0F0";"また物騒な話だな…";"";"000B2460"
"9";"000AF110";"やれやれ…　迷惑な話だ…";"";"000B2468"
"9";"000AF130";"ふむ…　興味深い事件だ…";"";"000B2470"
"9";"000AF150";"ずいぶんと物騒な話ね…";"";"000B2478"
"9";"000AF170";"ふうっ…　迷惑な話ね…";"";"000B2480"
"9";"000AF190";"これは…　興味深い事件ね…";"";"000B2488"
"9";"000AF1B0";"銀玉仮面は持ち物のいくつかを
奪っていったようだが…";"";"000B2490"
"9";"000AF1F0";"銀玉仮面の目的は何だったのだろう…？";"";"000B2498"
"9";"000AF218";"自分の持ち物";"";"000B24A0"
"9";"000AF228";"自分の命";"";"000B24A8"
"9";"000AF238";"$iの命…？";"";"000B24B0"
"9";"000AF250";"…しかし、気絶している間に
いくらでもチャンスはあったはずだ…";"";"000B24B8"
"9";"000AF290";"奪っていった持ち物が目的だった…
ということは…";"";"000B24C0"
"9";"000AF2C0";"銀玉仮面は自分がそれを持っていることを知っていた";"";"000B24C8"
"9";"000AF300";"銀玉仮面にとってそれは重要なものだった";"";"000B24D0"
"9";"000AF330";"銀玉仮面は…　$iが「それ」を
持っていることを知っている人物…";"";"000B24D8"
"9";"000AF370";"この線で聞き込みをしてみようか…";"";"000B24E0"
"9";"000AF3A0";"銀玉仮面にとって「それ」は
とても大切なものだった…";"";"000B24E8"
"9";"000AF3E0";"それはそうに違いない　でなければ
誘拐なんかしないだろう…";"";"000B24F0"
"9";"000AF420";"「それ」とは…";"";"000B24F8"
"9";"000AF430";"パチンコ屋の景品";"";"000B2500"
"9";"000AF448";"洋服や靴";"";"000B2508"
"9";"000AF458";"拾い物";"";"000B2510"
"9";"000AF460";"パチンコ屋の景品…　なのだろうか…？";"";"000B2518"
"9";"000AF490";"洋服や靴…　なのだろうか…？";"";"000B2520"
"9";"000AF4B0";"拾い物…？　$iが拾ったもの…？";"";"000B2528"
"9";"000AF4D0";"$iが「それ」を拾ったことを知っている人物…";"";"000B2530"
"9";"000AF500";"土地ブローカーの岩田は井原診療所の前で殺された…";"";"000B2538"
"9";"000AF540";"岩田の手下の新川は銀玉会館で殺された…";"";"000B2540"
"9";"000AF570";"この二つの殺人は…";"";"000B2548"
"9";"000AF590";"被害者はワナにはめられている";"";"000B2550"
"9";"000AF5B0";"犯人は複数の人物である";"";"000B2558"
"9";"000AF5D0";"そうだ…　両方とも被害者は
ワナにはめられている…";"";"000B2560"
"9";"000AF610";"そうだ…　両方とも複数人の犯行だ…";"";"000B2568"
"9";"000AF640";"どうやら、
二つの殺人には関連性があるようだ…";"";"000B2570"
"9";"000AF670";"タバコ屋のミヨちゃんが
何かを見ているかもしれないが…";"";"000B2578"
"9";"000AF6B0";"どこにいるのか分からないな…";"";"000B2580"
"9";"000AF6D0";"ミヨちゃんの居場所を知っていそうな人は…";"";"000B2588"
"9";"000AF700";"タバコ屋のミヨちゃんが
何かを見ているかもしれないけど…";"";"000B2590"
"9";"000AF740";"どこにいるのかな…";"";"000B2598"
"9";"000AF760";"ミヨちゃんの居場所を知っていそうな人…";"";"000B25A0"
"9";"000AF790";"タバコ屋のおばあさん";"";"000B25A8"
"9";"000AF7B0";"親友のカンナちゃん";"";"000B25B0"
"9";"000AF7D0";"お好み焼き屋のおばちゃん";"Okonomiyaki Restaurant Lady";"000B25B8"
"9";"000AF7F0";"…もう一度聞いてみよう";"";"000B25C0"
"9";"000AF810";"柳田は自殺じゃない…　か…";"";"000B25C8"
"9";"000AF830";"柳田さんは自殺じゃない…　か…";"";"000B25D0"
"9";"000AF850";"柳田のことを知っている人物に
話を聞かなければ…";"";"000B25D8"
"9";"000AF880";"柳田さんのことを知っている人に
話を聞かないと…";"";"000B25E0"
"9";"000AF8B0";"ベリーラッキーの客や店員で、
柳田と親しかった人がいるだろう…";"";"000B25E8"
"9";"000AF8F0";"ベリーラッキーのお客さんや店員で、
柳田さんと親しかった人がいるはず…";"";"000B25F0"
"9";"000AF940";"その人を探して、話を聞いてみよう…";"";"000B25F8"
"9";"000AF970";"今のところ、ふたりにたどり着く
手がかりはまるでない…";"";"000B2600"
"9";"000AF9B0";"とりあえず事件の関係者の情報を
集めるのが先決だな…";"";"000B2608"
"9";"000AF9F0";"とりあえず事件の関係者の情報を
集めるのが先決ね…";"";"000B2610"
"9";"000AFA30";"情報を集めやすいのは…";"";"000B2618"
"9";"000AFA48";"あけみ";"";"000B2620"
"9";"000AFA50";"かずみ";"";"000B2628"
"9";"000AFA58";"コワモテの男";"";"000B2630"
"9";"000AFA68";"あけみだな…";"";"000B2638"
"9";"000AFA78";"かずみだな…";"";"000B2640"
"9";"000AFA90";"コワモテの男だな…";"";"000B2648"
"9";"000AFAA8";"あけみね…";"";"000B2650"
"9";"000AFAB8";"かずみね…";"";"000B2658"
"9";"000AFAD0";"コワモテの男ね…";"";"000B2660"
"9";"000AFAF0";"スナックで彼女のことを聞いてみようかな…";"";"000B2668"
"9";"000AFB20";"町の子供たちに彼女のことを
聞いて回ろうかな…";"";"000B2670"
"9";"000AFB50";"この町にコワモテの男の知り合いは
いるのかな…？";"";"000B2678"
"9";"000AFB80";"集まった子供たちの証言をまとめると
解決の鍵となる場所が絞り込めそうだ…";"";"000B2680"
"9";"000AFBD0";"集まった子供たちの証言をまとめると
解決の鍵となる場所が絞り込めそうね…";"";"000B2688"
"9";"000AFC18";"その場所は…";"";"000B2690"
"9";"000AFC28";"甘味処";"Sweet Shop";"000B2698"
"9";"000AFC30";"堤防";"";"000B26A0"
"9";"000AFC38";"スナック";"";"000B26A8"
"9";"000AFC48";"公園";"";"000B26B0"
"9";"000AFC50";"甘味処だな…";"";"000B26B8"
"9";"000AFC60";"堤防だな…";"";"000B26C0"
"9";"000AFC70";"スナックだな…";"";"000B26C8"
"9";"000AFC80";"公園だな…";"";"000B26D0"
"9";"000AFC90";"甘味処ね…";"";"000B26D8"
"9";"000AFCA0";"堤防ね…";"";"000B26E0"
"9";"000AFCB0";"スナックね…";"";"000B26E8"
"9";"000AFCC0";"公園ね…";"";"000B26F0"
"9";"000AFCD0";"あの辺りをもっと詳しく調べてみた方が
良さそうだな…";"";"000B26F8"
"9";"000AFD10";"あの辺りをもっと詳しく調べてみた方が
良さそうね…";"";"000B2700"
"9";"000AFD50";"なぜ、$iが玉を出して買ったものを、
苦労して探し出さなくてはいけないのか…";"";"000B2708"
"9";"000AFDA0";"疑問が残るが、仕方がない";"";"000B2710"
"9";"000AFDC0";"疑問が残るけど仕方ないわね";"";"000B2718"
"9";"000AFDE0";"確か、情報屋から
大海病院の院長に会うように言われたな";"";"000B2720"
"9";"000AFE20";"確か、情報屋から
大海病院の院長に会うように言われたな";"";"000B2728"
"9";"000AFE60";"確か、大海病院の$ciサイ$crモン院長から、
番台のおばちゃんに会うように言われたよな";"";"000B2730"
"9";"000AFEC0";"確か、大海病院の$ciサイ$crモン院長から、
番台のおばちゃんに会うように言われたわね";"";"000B2738"
"9";"000AFF20";"確か、番台の$ci神$cr山ヨネ子さんから、大海町
派出所の銭型さんに会うように言われたな";"";"000B2740"
"9";"000AFF80";"確か、番台の$ci神$cr山ヨネ子さんから、大海町
派出所の銭型さんに会うように言われたわね";"";"000B2748"
"9";"000AFFE0";"確か、派出所の$ci銭$cr型さんから、きっちん
タマのシェフに会うように言われたな";"";"000B2750"
"9";"000B0030";"確か、派出所の$ci銭$cr型さんから、きっちん
タマのシェフに会うように言われたわね";"";"000B2758"
"9";"000B0080";"確か、レストランの$ci野$cr上さんに、
アパートの住人に会うように言われたな";"";"000B2760"
"9";"000B00D0";"確か、レストランの$ci野$cr上さんに、
アパートの住人に会うように言われたわね";"";"000B2768"
"9";"000B0120";"確か、アパートの$ci野中$crさんに、
神社の神主に会うように言われたな";"";"000B2770"
"9";"000B0170";"確か、アパートの$ci野中$crさんに、
神社の神主に会うように言われたわね";"";"000B2778"
"9";"000B01C0";"確か、神社の$ci社$crさんは、知らないと
言っていたな";"";"000B2780"
"9";"000B0200";"確か、神社の$ci社$crさんは、知らないと
言っていたわね";"";"000B2788"
"9";"000B0240";"もしかしたら、$iは…";"";"000B2790"
"9";"000B0260";"騙されたんじゃないだろうか";"";"000B2798"
"9";"000B0280";"天才じゃないだろうか！";"";"000B27A0"
"9";"000B02A0";"…もう何も考えられない";"";"000B27A8"
"9";"000B02C0";"もしかしたら$iは騙されたのかもしれない";"";"000B27B0"
"9";"000B02F0";"大海病院の男に、もう一度会ってみよう";"";"000B27B8"
"9";"000B0320";"もしかしたら$iは天才じゃないだろうか！";"";"000B27C0"
"9";"000B0350";"大海病院の男に、もう一度会ってみよう";"";"000B27C8"
"9";"000B0380";"もしかしたら$iは…　もう何も考えられない…";"";"000B27D0"
"9";"000B03B0";"大海病院の男に、もう一度会ってみよう";"";"000B27D8"
"9";"000B03E0";"確か、大海病院の$ci箱$cr崎さんは、
俺が最後だと言っていたな";"";"000B27E0"
"9";"000B0420";"確か、大海病院の$ci箱$cr崎さんは、
俺が最後だと言っていたわね";"";"000B27E8"
"9";"000B0460";"これで、ヒントはそろった";"";"000B27F0"
"9";"000B0480";"これで、ヒントはそろったわ";"";"000B27F8"
"9";"000B04A0";"後は、どうやって組み合わせるかを
考えるだけだな";"";"000B2800"
"9";"000B04D0";"後は、どうやって組み合わせるかを
考えるだけね";"";"000B2808"
"9";"000B0500";"これで、推理はつながった";"";"000B2810"
"9";"000B0520";"これで、推理はつながったわ";"";"000B2818"
"9";"000B0540";"これをつなげた順に、名前の頭文字を読んでいくと…";"";"000B2820"
"9";"000B0580";"今までに集めた情報を整理してみようかな？";"";"000B2828"
"9";"000B05B0";"整理する";"";"000B2830"
"9";"000B05C0";"やめておく";"";"000B2838"
"9";"000B05D0";"風呂屋を覗いている人がいると通報してきた
女性の名は「$ci洞口（ほらぐち）$cr」さん";"";"000B2840"
"9";"000B0630";"彼女は、写真屋の店主「$ci小暮$cr」さんが犯人
ではないのかと怪しんでいた";"";"000B2848"
"9";"000B0680";"だが、写真屋の小暮さんはやっていないと
断言している";"";"000B2850"
"9";"000B06C0";"しかし、小暮さんにはその時のアリバイが
ないのは事実である";"";"000B2858"
"9";"000B0700";"$iは、神社の横を調べると、屋根の上には
反射する板が設置してあった";"";"000B2860"
"9";"000B0750";"警官の「$ci銭型$cr」さんが引き取りに来て、
反射する板を調べることになった";"";"000B2868"
"9";"000B07A0";"今の段階で怪しいのは…";"";"000B2870"
"9";"000B07C0";"洞口さん　ではないか";"";"000B2878"
"9";"000B07E0";"小暮さん　ではないか";"";"000B2880"
"9";"000B0800";"銭型さん　ではないか";"";"000B2888"
"9";"000B0820";"別の人　　ではないか";"";"000B2890"
"9";"000B0840";"$ci洞口$crさんではないかと思う";"";"000B2898"
"9";"000B0860";"$ci小暮$crさんではないかと思う";"";"000B28A0"
"9";"000B0880";"$ci銭型$crさんではないかと思う";"";"000B28A8"
"9";"000B08A0";"$ci別の人$crではないかと思う";"";"000B28B0"
"9";"000B08C0";"…";"";"000B28B8"
"9";"000B08D0";"その方向で、証拠を集めることにしよう";"";"000B28C0"
"9";"000B0900";"あんな人の多い場所での犯行が
やすやすと行えるということは…";"";"000B28C8"
"9";"000B0940";"犯人はあの台のすぐそばにいる？";"";"000B28D0"
"9";"000B0960";"犯人は夜中に忍びこんで犯行を行っている？";"";"000B28D8"
"9";"000B0990";"あの台の近くで聞き込みをする
必要がありそうだな…";"";"000B28E0"
"9";"000B09D0";"いいや…　あのペンキの湿り具合は
そんなに時間がたったものじゃない…";"";"000B28E8"
"9";"000B0A20";"あの台の近くで聞き込みをする
必要がありそうね…";"";"000B28F0"
"9";"000B0A50";"いいえ…　あのペンキの湿り具合は
そんなに時間がたったものじゃない…";"";"000B28F8"
"9";"000B0AA0";"単純な聞き込みで得られる情報には
どうしても限界がある…";"";"000B2900"
"9";"000B0AE0";"何か他にできることはないか…";"";"000B2908"
"9";"000B0B00";"単純な聞き込みで得られる情報には
どうしても限界があるわ…";"";"000B2910"
"9";"000B0B40";"何か他にできることはないかしら…";"";"000B2918"
"9";"000B0B70";"地道な聞き込みを続ける";"";"000B2920"
"9";"000B0B88";"おとりを使う";"";"000B2928"
"9";"000B0BA0";"事件の解決をあきらめる";"";"000B2930"
"9";"000B0BC0";"あの台に人が座ったときの
周囲の反応をうかがってみようか…";"";"000B2938"
"9";"000B0C00";"進んであの台に座ってくれそうな人は
誰かいたかな…？";"";"000B2940"
"9";"000B0C40";"あの老人の喜びようを見て
周りはどんな反応をしてるのかな…";"";"000B2948"
"9";"000B0C80";"まだ話を聞いてない人が
いるかも知れないな…";"";"000B2950"
"9";"000B0CB0";"しかし、これ以上はもう…";"";"000B2958"
"9";"000B0CD0";"バカな…　まだできることはある筈だ…";"";"000B2960"
"9";"000B0D00";"あの台に人が座ったときの
周囲の反応をうかがってみようかしら…";"";"000B2968"
"9";"000B0D40";"進んであの台に座ってくれそうな人は
誰かいたかしら…？";"";"000B2970"
"9";"000B0D80";"あの老人の喜びようを見て
周りはどんな反応をしてるのかな…";"";"000B2978"
"9";"000B0DC0";"まだ話を聞いてない人が
いるかも知れないわね…";"";"000B2980"
"9";"000B0DF0";"だけど、これ以上はもう…";"";"000B2988"
"9";"000B0E10";"まさか…　まだできることはある筈よ…";"";"000B2990"
"9";"000B0E40";"岩田は殺害された当日、パチパラ町にいた…";"";"000B2998"
"9";"000B0E70";"しかし死体が発見されたのは
出玉町の工事現場だ";"";"000B29A0"
"9";"000B0EA0";"犯人はどうやって死体を
パチパラ町から出玉町まで運んだのだろう…";"";"000B29A8"
"9";"000B0EE0";"背負って";"";"000B29B0"
"9";"000B0EF0";"自動車";"";"000B29B8"
"9";"000B0EF8";"バス";"";"000B29C0"
"9";"000B0F00";"それ以外";"";"000B29C8"
"9";"000B0F10";"死体を背負って出玉町まで…";"";"000B29D0"
"9";"000B0F30";"あまり現実的ではないな…";"";"000B29D8"
"9";"000B0F50";"あまり現実的じゃないわね…";"";"000B29E0"
"9";"000B0F70";"自動車で出玉町まで…";"";"000B29E8"
"9";"000B0F90";"パチパラ町にある自動車か…";"";"000B29F0"
"9";"000B0FB0";"バスで出玉町まで…";"";"000B29F8"
"9";"000B0FC8";"他に方法は…";"";"000B2A00"
"9";"000B0FE0";"町を調べ回ってみるかな…";"";"000B2A08"
"9";"000B1000";"町を調べ回って見ようかな…";"";"000B2A10"
"9";"000B1020";"岩田の推定死亡時刻は
８：３０〜９：００…";"";"000B2A18"
"9";"000B1050";"榎本の推定死亡時刻は
１０：００〜１０：３０…";"";"000B2A20"
"9";"000B1080";"しかし榎本を殺したのは
岩田に間違いないらしい";"";"000B2A28"
"9";"000B10B0";"と言うことは、犯人は…";"";"000B2A30"
"9";"000B10D0";"推定死亡時刻を早めるため、死体を暖めた";"";"000B2A38"
"9";"000B1100";"推定死亡時刻を遅らせるため、死体を冷やした";"";"000B2A40"
"9";"000B1130";"出玉町にはシルバームーンという
高額レートの裏パチンコ店があるらしい…";"";"000B2A48"
"9";"000B1180";"シルバームーンに入るためには
合言葉になるポーズが必要なようだ";"";"000B2A50"
"9";"000B11C0";"シルバームーンに入るためには
合言葉になるポーズが必要みたいね…";"";"000B2A58"
"9";"000B1200";"ポーズは全部で$ci７つ$crあるということらしいが
全て集めただけではダメなようだ";"";"000B2A60"
"9";"000B1250";"ポーズは全部で$ci７つ$crということらしいけど
全て集めただけではダメみたい…";"";"000B2A68"
"9";"000B12A0";"しかもポーズは毎日変わり
一定間隔で繰り返すようだ";"";"000B2A70"
"9";"000B12E0";"しかも、ポーズは毎日変わって
一定間隔で繰り返している…";"";"000B2A78"
"9";"000B1320";"そういえば$ci曜日$crを気にしている男がいたな…";"";"000B2A80"
"9";"000B1350";"そういえば$ci曜日$crを気にしている男がいたわ…";"";"000B2A88"
"9";"000B1380";"と言うことは…";"";"000B2A90"
"9";"000B1390";"どこにあるんだろう…";"";"000B2A98"
"9";"000B13B0";"その場所でポーズをとってみればいいのかな…";"";"000B2AA0"
"9";"000B13E0";"全てのポーズを集めればいいのかな…";"";"000B2AA8"
"9";"000B1410";"７つのポーズを順番にすればいいのかな…";"";"000B2AB0"
"9";"000B1440";"曜日とポーズが関係しているのかな…";"";"000B2AB8"
"9";"000B1470";"全然わからない…";"";"000B2AC0"
"9";"000B1490";"シルバームーンの入り口を開けるためには
曜日に対応したポーズをするんだったな";"";"000B2AC8"
"9";"000B14E0";"シルバームーンの入り口を開けるためには
曜日に対応したポーズをするんだっけ";"";"000B2AD0"
"9";"000B1530";"ポーズをしている人とか物とかって
何かあるだろうか…？";"";"000B2AD8"
"9";"000B1570";"そういえば大海町では「盆踊り」を毎週末
開催しているって言っていたような…";"";"000B2AE0"
"9";"000B15C0";"そういえば大海町のパチンコ店員の黒崎が
毎朝「ボクシング」の練習をしているって…";"";"000B2AE8"
"9";"000B1610";"そういえばマリンちゃんはかわいいな…
とくに「マリンちゃんリーチ」が最高かな…";"";"000B2AF0"
"9";"000B1660";"そういえば大海町では
毎朝「ラジオ体操」をしていたような…";"";"000B2AF8"
"9";"000B16A0";"ふぅ…こんなに暑いと出玉町の
ビアガーデンでビールでも飲みたいな…";"";"000B2B00"
"9";"000B16F0";"出玉町で銀玉川の流れでもみて
頭を冷やそうかな…";"";"000B2B08"
"9";"000B1720";"うーん…
パチパラ町の子供にでも聞いてみようかな…";"";"000B2B10"
"9";"000B1760";"これで全部で７つ集めたか…
もう他にはなさそうだな…";"";"000B2B18"
"9";"000B17A0";"誰について考えようか…";"";"000B2B20"
"9";"000B17C0";"誰のことを考えようかな…";"";"000B2B28"
"9";"000B17E0";"白石紀子について";"";"000B2B30"
"9";"000B1800";"美沢ゆきについて";"";"000B2B38"
"9";"000B1818";"桂木綾について";"";"000B2B40"
"9";"000B1830";"片山昭吾について";"";"000B2B48"
"9";"000B1850";"黒崎竜介について";"";"000B2B50"
"9";"000B1868";"朝倉徹について";"";"000B2B58"
"9";"000B1880";"俺は、あの人のことを
どう思っているだろう…";"";"000B2B60"
"9";"000B18B0";"私は、あの人のことを
どう思っているんだろう…";"";"000B2B68"
"9";"000B18E0";"大好き";"";"000B2B70"
"9";"000B18E8";"好き";"";"000B2B78"
"9";"000B18F0";"友達だ";"";"000B2B80"
"9";"000B18F8";"顔見知りだ";"";"000B2B88"
"9";"000B1910";"あまり覚えていない";"";"000B2B90"
"9";"000B1928";"嫌い";"";"000B2B98"
"9";"000B1930";"大嫌い";"";"000B2BA0"
"9";"000B1938";"憎い";"";"000B2BA8"
"9";"000B1940";"そうだ…　大好きだ…　";"";"000B2BB0"
"9";"000B1960";"そうだ…　好きなんだ…";"";"000B2BB8"
"9";"000B1980";"そうだ…　友達だな…";"";"000B2BC0"
"9";"000B19A0";"そうだな…　顔見知りだな…";"";"000B2BC8"
"9";"000B19C0";"そうだな…　あまり覚えていないな…";"";"000B2BD0"
"9";"000B19F0";"そうだ…　嫌いなんだ…";"";"000B2BD8"
"9";"000B1A10";"そうだな…　大嫌いだ…！";"";"000B2BE0"
"9";"000B1A30";"くうっ…！　あいつが憎い！";"";"000B2BE8"
"9";"000B1A50";"うん…　大好き…";"";"000B2BF0"
"9";"000B1A70";"うん…　好きだな…";"";"000B2BF8"
"9";"000B1A90";"うん…　友達ね…";"";"000B2C00"
"9";"000B1AB0";"う〜ん…　顔見知りかな…";"";"000B2C08"
"9";"000B1AD0";"う〜ん…　あんまり覚えてないな…";"";"000B2C10"
"9";"000B1B00";"うん…　あの人は嫌いだな";"";"000B2C18"
"9";"000B1B20";"うん…　あの人は大嫌い…！";"";"000B2C20"
"9";"000B1B40";"ううっ…！　あの人が憎い！";"";"000B2C28"
"9";"000B1B60";"白石 紀子";"";"000B2C30"
"9";"000B1B70";"ねえ、今日は何か用事ありますか？";"";"000B2C38"
"9";"000B1B98";"今日は忙しい";"";"000B2C40"
"9";"000B1BA8";"特に用事はない";"";"000B2C48"
"9";"000B1BB8";"白石 紀子";"";"000B2C50"
"9";"000B1BD0";"それなら、海に行きません？
こんなに天気がいいし…";"";"000B2C58"
"9";"000B1C10";"よし、海へ行こう";"";"000B2C60"
"9";"000B1C30";"いや、今日はやめておくよ";"";"000B2C68"
"9";"000B1C50";"$p";"";"000B2C70"
"9";"000B1C60";"そうだな　海に行こうか！";"";"000B2C78"
"9";"000B1C80";"白石 紀子";"";"000B2C80"
"9";"000B1C90";"よかった　それじゃあ　準備しますね";"";"000B2C88"
"9";"000B1CB8";"$p";"";"000B2C90"
"9";"000B1CC0";"いや、今日はやめておくよ";"";"000B2C98"
"9";"000B1CE0";"白石 紀子";"";"000B2CA0"
"9";"000B1CF0";"そうですか…　また今度行きましょうね";"";"000B2CA8"
"9";"000B1D18";"白石 紀子";"";"000B2CB0"
"9";"000B1D30";"そうですか　いえ、それならいいです";"";"000B2CB8"
"9";"000B1D58";"美沢 ゆき";"";"000B2CC0"
"9";"000B1D70";"ねえ、今日これから海に行こうよ
こんなに天気がいいんだし！";"";"000B2CC8"
"9";"000B1DB0";"美沢 ゆき";"";"000B2CD0"
"9";"000B1DC0";"やった！　じゃあ準備するね！";"";"000B2CD8"
"9";"000B1DE0";"美沢 ゆき";"";"000B2CE0"
"9";"000B1DF0";"なんだぁ！　つまんないの！";"";"000B2CE8"
"9";"000B1E10";"桂木 綾";"";"000B2CF0"
"9";"000B1E20";"ねえ　よかったら今日は海に行かない？
夏らしい遊びもたまにはしたくない？";"";"000B2CF8"
"9";"000B1E68";"桂木 綾";"";"000B2D00"
"9";"000B1E70";"フフッ　じゃあ　準備するわね";"";"000B2D08"
"9";"000B1E90";"桂木 綾";"";"000B2D10"
"9";"000B1EA0";"そう、でもいつか行きましょうね";"";"000B2D18"
"9";"000B1EC0";"片山 昭吾";"";"000B2D20"
"9";"000B1ED0";"いやあ！　今日はいい天気ですねえ！
おおっ　そうだ！";"";"000B2D28"
"9";"000B1F08";"片山 昭吾";"";"000B2D30"
"9";"000B1F20";"どうですか？　$puさん！
これから海へ遊びに行くというのは？";"";"000B2D38"
"9";"000B1F60";"うん　海へ行こう！";"";"000B2D40"
"9";"000B1F80";"う〜ん　今日は行きたくないな";"";"000B2D48"
"9";"000B1FA0";"$p";"";"000B2D50"
"9";"000B1FB0";"うんそうね　海へ行こうか！";"";"000B2D58"
"9";"000B1FD0";"片山 昭吾";"";"000B2D60"
"9";"000B1FE0";"それでは！　早速参りましょうか！";"";"000B2D68"
"9";"000B2008";"$p";"";"000B2D70"
"9";"000B2010";"う〜ん　今日は行きたくないな";"";"000B2D78"
"9";"000B2030";"片山 昭吾";"";"000B2D80"
"9";"000B2040";"そ、そうですか…　では、またの機会に…";"";"000B2D88"
"9";"000B2068";"黒崎 竜介";"";"000B2D90"
"9";"000B2080";"なあ　いい天気だぜ　せっかくだから
今日はどこかへ遊びに行かないか？";"";"000B2D98"
"9";"000B20C8";"黒崎 竜介";"";"000B2DA0"
"9";"000B20E0";"そうだ！　海行こうぜ　海！";"";"000B2DA8"
"9";"000B2100";"黒崎 竜介";"";"000B2DB0"
"9";"000B2110";"よし、じゃあ行こうか！";"";"000B2DB8"
"9";"000B2128";"黒崎 竜介";"";"000B2DC0"
"9";"000B2140";"しょうがねえな…　また今度にするか";"";"000B2DC8"
"9";"000B2168";"朝倉 徹";"";"000B2DD0"
"9";"000B2170";"いい天気ですよ
部屋の中にいるのがもったいないくらいです";"";"000B2DD8"
"9";"000B21A8";"朝倉 徹";"";"000B2DE0"
"9";"000B21B0";"そうだ　海に行きませんか？
ぜひ海の家も見て見たいですし…";"";"000B2DE8"
"9";"000B21F0";"朝倉 徹";"";"000B2DF0"
"9";"000B2200";"そうだ　海に行きませんか？
また海の家にも言ってみたいですし…";"";"000B2DF8"
"9";"000B2240";"朝倉 徹";"";"000B2E00"
"9";"000B2250";"よかった　それじゃあ行きましょうか！";"";"000B2E08"
"9";"000B2278";"朝倉 徹";"";"000B2E10"
"9";"000B2280";"そうですか
それでは　また今度にしましょうか";"";"000B2E18"
"10";"000C3E50";"【パチパラ町】
「八原町」が正しい表記だが、住人や近隣の
人々は親しみを込めて「パチパラ町」と呼ぶ";"[PachiPara Town]
Its official name is ""Yahara Town,"" but residents and
nearby locals affectionately call it ""PachiPara Town.""";"000C4EC8"
"10";"000C3EC0";"【大海町】
八原町の東側にある住宅街　高度経済成長の
恩恵を受けた中流家庭の建物が並ぶ";"[Great Sea Town]
A residential area located on the east side of Yahara
Town. Lined with homes of middle-class families who
benefited from the era of high economic growth.";"000C4ED0"
"10";"000C3F20";"【出玉町】
八原町の北にあるビル街　大きなビジネスビルや
高級料理店、高級マンションが建っている";"[Payout Town]
A commercial district located north of Yahara Town.
Large business buildings, high-class restaurants, and
luxury apartments stand here.";"000C4ED8"
"10";"000C3F80";"【ウミネコ海岸】
パチパラ町の北西にある観光島";"[Sea Cat Coast]
A tourist island located in the northwest of PachiPara
Town.";"000C4EE0"
"10";"000C3FB0";"【お好み焼き屋】";"[Okonomiyaki Restaurant]";"000C4EE8"
"10";"000C3FD0";"【べんてん】
関西風お好み焼きの店　おばちゃんが絶妙の焼き加減で焼いてくれる　営業時間：年中無休　";"[Benten]
A Kansai-style savory pancake restaurant. The lady grills them to perfection.
Open Hours: Open year-round.";"000C4EF0"
"10";"000C4038";"【パチンコ屋】";"[Pachinko Parlor]";"000C4EF8"
"10";"000C4050";"【銀玉会館】
庶民の遊び場　営業時間：年中無休
毎週月・水・土はサービスデー！";"[Silver Ball Hall]
The common folk's playground. Open year-round.
Service days every Monday, Wednesday, and Saturday!";"000C4F00"
"10";"000C40A0";"【釣り具屋】";"[Fishing Tackle Shop]";"000C4F08"
"10";"000C40B0";"【うお八】
商売っ気のあまりない釣り具屋
営業時間：年中無休";"[Eight Fish]
A fishing gear shop with little business spirit.
Open Hours: Open year-round.";"000C4F10"
"10";"000C40F0";"【診療所】";"[Clinic]";"000C4F18"
"10";"000C4100";"【井原診療所】
パチパラ町唯一の病院";"[Ihara Clinic]
The only hospital in PachiPara Town.";"000C4F20"
"10";"000C4128";"【串カツ屋】";"[Kushikatsu Restaurant]";"000C4F28"
"10";"000C4140";"【串銀】
バラエティ豊かな串メニュー　揚げたてをどうぞ
営業時間：年中無休";"[Kushigin]
A wide variety of skewers. Enjoy them fresh out of the fryer.
Open Hours: Open year-round.";"000C4F30"
"10";"000C4190";"【ホルモン焼き屋】";"[Horumonyaki Restaurant]";"000C4F38"
"10";"000C41B0";"【玉ちゃん】
栄養満点　安くておいしいホルモン焼きの店
営業時間：年中無休";"[Tama-chan]
Packed with nutrition. A restaurant for affordable and delicious grilled offal.
Open Hours: Open year-round.";"000C4F40"
"10";"000C4200";"【理髪店】";"[Barbershop]";"000C4F48"
"10";"000C4210";"【清水理髪店】
定番の髪型ならおまかせの腕利き理髪店
営業時間：年中無休";"[Shimizu Barbershop]
A skilled barbershop you can trust for classic hairstyles.
Open Hours: Open year-round.";"000C4F50"
"10";"000C4258";"【甘味処】";"[Sweet Shop]";"000C4F58"
"10";"000C4270";"【小杉】
多くの住人が休息に訪れる甘味処
営業時間：年中無休";"[Kosugi]
A dessert shop where many locals come to relax and have a treat.
Open Hours: Open year-round.";"000C4F60"
"10";"000C42B0";"【交番】";"[Police Box]";"000C4F68"
"10";"000C42C0";"【八原町交番】
パチパラ町の治安を守る交番";"[Yahara Town Police Box]
A small police station that protects the public order of PachiPara Town.";"000C4F70"
"10";"000C42F0";"【アパート】";"[Apartments]";"000C4F78"
"10";"000C4300";"【あすなろ荘】
築２０年を超える木造アパート";"[Asunaro]
A 20-year-old wooden apartment building.";"000C4F80"
"10";"000C4330";"【公園】";"[Park]";"000C4F88"
"10";"000C4340";"【八原公園】
パチパラ町の子供達の遊び場";"[Yahara Park]
A playground for the children of PachiPara Town.";"000C4F90"
"10";"000C4368";"【食堂】";"[Diner]";"000C4F98"
"10";"000C4380";"【八原食堂】
仲の良い夫婦が切り盛りする定食屋
営業時間：年中無休";"[Yahara Diner]
A set meal eatery run by a friendly married couple. 
Open Hours: Open year-round.";"000C4FA0"
"10";"000C43C8";"【質屋】";"[Pawnshop]";"000C4FA8"
"10";"000C43E0";"【くらま】
鑑定歴50年を誇る老人が営む質屋
営業時間：年中無休";"[Kurama]
A pawn shop run by an elderly man who boasts 50 years
of appraisal experience.
Open Hours: Open year-round.";"000C4FB0"
"10";"000C4420";"【スナック】";"[Snack Bar]";"000C4FB8"
"10";"000C4430";"【めぐみ】
熱心な常連客が集まるスナック
営業時間：年中無休";"[Grace]
A hostess bar where enthusiastic regulars gather.
Open Hours: Open year-round.";"000C4FC0"
"10";"000C4470";"【タバコ屋】";"[Tobacco Shop]";"000C4FC8"
"10";"000C4480";"【はしもと】
お勧めは高級タバコ「銀狼」
定番の「セブンセブン」もあります";"[Hashimoto]
Our recommendation is the premium cigarette ""Silver
Wolf."" The standard ""Seven Seven"" is also available.";"000C4FD0"
"10";"000C44D0";"大海町へ";"To Great Sea Town";"000C4FD8"
"10";"000C44E0";"出玉町へ";"To Payout Town";"000C4FE0"
"10";"000C44F0";"【殺人現場】
銀玉会館での殺人現場";"[Murder Scene]
The crime scene at Silver Ball Hall.";"000C4FE8"
"10";"000C4518";"【銭湯】";"[Public Bath]";"000C4FF0"
"10";"000C4530";"【海の湯】
近所の人々が１日の汗を流す銭湯
営業時間：朝・夕・夜";"[Sea Bath]
The neighborhood bathhouse where locals wash off
the day's sweat.
Open Hours: Morning, Evening, Night.";"000C4FF8"
"10";"000C4570";"【神社】";"[Shrine]";"000C5000"
"10";"000C4580";"【大海神社】
パチンコの神様を奉った神社
日中は神主が賽銭箱に目を光らせている";"[Great Sea Shrine]
A shrine dedicated to the god of pachinko. By day,
the head priest keeps a close eye on the offertory box.";"000C5008"
"10";"000C45D0";"【パチンコ店】";"[Pachinko Parlor]";"000C5010"
"10";"000C45E0";"【ベリーラッキー】
大海町住人が集まるパチンコ店
営業時間：年中無休";"[Very Lucky]
The pachinko parlor where Great Sea Town residents gather.
Open Hours: Open year-round.";"000C5018"
"10";"000C4628";"【交番】";"[Police Box]";"000C5020"
"10";"000C4640";"【大海町派出所】
大海町の中心にある派出所
";"[Great Sea Town Police Box]
The small police station in the center of Great Sea Town.
";"000C5028"
"10";"000C4670";"【寿司屋】";"[Sushi Restaurant]";"000C5030"
"10";"000C4680";"【えの鮨】
大将の榎本が一代で築いた寿司屋
営業時間：昼・夕・夜";"[Eno Sushi]
A sushi restaurant built from the ground up by owner Enomoto.
Open Hours: Morning, Evening, Night.";"000C5038"
"10";"000C46C0";"【公園】";"[Park]";"000C5040"
"10";"000C46D0";"【大海公園】
大海町民の憩いの場
週末の夜には盆踊りが開かれている";"[Great Sea Park]
A relaxing spot for the people of Great Sea Town.
Bon dances are held here on weekend nights.";"000C5048"
"10";"000C4718";"【病院】";"[Hospital]";"000C5050"
"10";"000C4730";"【大海病院】
内科・小児科を専門とする病院
営業時間：朝・昼・夕";"[Great Sea Hospital]
A clinic specializing in internal medicine and pediatrics.
Open Hours: Morning, Afternoon, Evening.";"000C5058"
"10";"000C4770";"【美容院】";"[Beauty Salon]";"000C5060"
"10";"000C4780";"【パーマモンロー】
若い女性美容師が腕を振るう美容院
営業時間：朝・昼・夕";"[Perm Monroe]
A hair beauty salon run by a skilled young female stylist.
Open Hours: Morning, Afternoon, Evening.";"000C5068"
"10";"000C47D0";"【レストラン】";"[Restaurant]";"000C5070"
"10";"000C47E0";"【キッチン たま】
海外で修行したシェフが開いた洋食屋
営業時間：朝・昼・夜";"[Kitchen Tama]
A Western-style restaurant opened by a chef who trained overseas.
Open Hours: Morning, Afternoon, Night.";"000C5078"
"10";"000C4830";"【写真館】";"[Photo Studio]";"000C5080"
"10";"000C4840";"【小暮写真館】
記念写真を撮ってもらえる写真館
営業時間：朝・昼・夕";"[Kogure Photo Studio]
A photography studio for commemorative portraits.
Open Hours: Morning, Afternoon, Evening.";"000C5088"
"10";"000C4888";"【アパート】";"[Apartments]";"000C5090"
"10";"000C48A0";"【メゾン大海】
木造モルタル式　２階建てのアパート
";"[Great Sea Maison]
A two-story wooden mortar apartment building.
";"000C5098"
"10";"000C48D8";"パチパラ町へ";"To PachiPara Town";"000C50A0"
"10";"000C48E8";"出玉町へ";"To Payout Town";"000C50A8"
"10";"000C4900";"【殺人現場】
ラジオ体操指導員の柳田の殺人現場";"[Murder Scene]
The crime scene of the radio calisthenics instructor, Yanagida.";"000C50B0"
"10";"000C4930";"【殺人現場】
ホステス静香の殺人現場";"[Murder Scene]
The crime scene of the hostess, Shizuka.";"000C50B8"
"10";"000C4958";"【建設現場】";"[Construction Site]";"000C50C0"
"10";"000C4970";"【出玉ビル建設現場】
出玉町一番の高層ビルとなる出玉ビル建設現場
";"[Payout Building Construction Site]
The construction site of Payout Tower,
the future tallest skyscraper in Payout Town.";"000C50C8"
"10";"000C49B8";"【公園】";"[Park]";"000C50D0"
"10";"000C49D0";"【出玉大通り公園】
銀玉川のほとりにある公園
都会での生活の疲れを癒す空間でもある";"[Payout Boulevard Park]
A park along the banks of the Silver Ball River. 
A quiet escape from the pressures of city life.";"000C50D8"
"10";"000C4A28";"【すき焼き屋】";"[Sukiyaki Restaurant]";"000C50E0"
"10";"000C4A40";"【たま井】
豚・鶏・牛のすき焼きが楽しめる人気店
２Ｆ座敷コーナーでは宴会も開くことができる";"[Jade Well]
A popular spot serving pork, chicken, and beef hot pot (sukiyaki). The second-floor tatami room can also be used for banquets.";"000C50E8"
"10";"000C4AA0";"【天ぷら屋】";"Tempura Restaurant";"000C50F0"
"10";"000C4AB0";"【とび天】
季節の食材を活かした天ぷらが人気のお店
";"[Tobiten]
A popular restaurant known for making battered,
deep-fried dishes with seasonal ingredients.";"000C50F8"
"10";"000C4AE8";"【交番】";"[Police Box]";"000C5100"
"10";"000C4B00";"【出玉町派出所】
出玉町の中心部にある派出所";"[Payout Town Police Box]
The small police station in the center of Payout Town.";"000C5108"
"10";"000C4B30";"【ホテル】";"[Hotel]";"000C5110"
"10";"000C4B40";"【ロイヤルホテル出玉】
出玉町随一のホテル
屋上ではビアガーデンが開催中";"[Payout Royal Hotel]
Payout Town's premier hotel.
A beer garden is currently open on the rooftop.";"000C5118"
"10";"000C4B88";"【マンション】";"[Apartment Building]";"000C5120"
"10";"000C4BA0";"【ハイツ出玉】
出玉町の中心にあり利便性が高い
人気がある高級マンション";"[Payout Heights]
A popular luxury apartment building in the heart
of Payout Town, prized for its convenience.";"000C5128"
"10";"000C4BF0";"【ブランド服店】";"[Brand Clothing Store]";"000C5130"
"10";"000C4C10";"【ファッション・シルビア】
高級ブランド服とアクセサリーの専門店";"[Fashion Silvia]
A specialty store for luxury branded clothes and accessories.";"000C5138"
"10";"000C4C50";"【ブランド靴店】";"[Brand Shoe Store]";"000C5140"
"10";"000C4C70";"【シューズ・セシル】
高級ブランド靴と帽子の専門店";"[Shoes Cecil]
A specialty store for luxury branded shoes and hats.";"000C5148"
"10";"000C4CB0";"【高級中華料理店】";"[Luxury Chinese Restaurant]";"000C5150"
"10";"000C4CD0";"【竜玉楼】
本場中国直輸入の最高級食材を使った料理を
堪能できる高級中華料理店";"[Jade Dragon Pavilion]
A high-end Chinese restaurant serving dishes made
with finest ingredients imported directly from China.";"000C5158"
"10";"000C4D20";"【高級クラブ】";"[Luxury Club]";"000C5160"
"10";"000C4D30";"【女豹】
地下にある高級クラブ
最高の空間と時間を提供している";"[Leopardess]
An exclusive underground club offering the
finest atmosphere and nightlife experience.";"000C5168"
"10";"000C4D70";"【埠頭倉庫】";"[Warehouse]";"000C5170"
"10";"000C4D80";"【埠頭倉庫】
出玉町の西側にある出玉埠頭第一倉庫";"[Pier Warehouse]
Payout Pier's No. 1 warehouse, located on the west side of Payout Town.";"000C5178"
"10";"000C4DB0";"パチパラ町へ";"To PachiPara Town";"000C5180"
"10";"000C4DC0";"大海町へ";"To Great Sea Town";"000C5188"
"10";"000C4DD0";"出玉町（北部）へ";"To Payout Town (North)";"000C5190"
"10";"000C4DF0";"出玉町（南部）へ";"To Payout Town (South)";"000C5198"
"10";"000C4E10";"出玉町（埠頭）へ";"To Payout Town (Pier)";"000C51A0"
"10";"000C4E30";"【殺人現場】
土地ブローカーの岩田の殺人現場";"[Murder Scene]
The crime scene of the land broker, Iwata.";"000C51A8"
"10";"000C4E60";"【殺人現場】
寿司屋の榎本の殺人現場";"[Murder Scene]
The crime scene of the sushi chef, Enomoto.";"000C51B0"
"10";"000C4E88";"【浜茶屋】";"[Beach Teahouse]";"000C51B8"
"10";"000C4EA0";"【ウミネコ茶屋】
ウミネコ海岸の浜茶屋";"[Sea Cat Teahouse]
A beachside shack on Sea Cat Coast.";"000C51C0"
"11";"000C88B0";"$p";"$p";"000CDD18"
"11";"000C88B8";"白石紀子";"Noriko Shiraishi";"000CDD20"
"11";"000C88C8";"片山昭吾";"Shogo Katayama";"000CDD28"
"11";"000C88D8";"三上孝夫";"Takao Mikami";"000CDD30"
"11";"000C88E8";"井原治郎";"Jiro Ihara";"000CDD38"
"11";"000C88F8";"野々山春子";"Haruko Nonoyama";"000CDD40"
"11";"000C8908";"ミヨ";"Miyo";"000CDD48"
"11";"000C8910";"串カツ屋";"Kushikatsu Shop";"000CDD50"
"11";"000C8920";"柳田まさと";"Masato Yanagida";"000CDD58"
"11";"000C8930";"黒崎竜介";"Ryusuke Kurosaki";"000CDD60"
"11";"000C8940";"美沢ゆき";"Yuki Misawa";"000CDD68"
"11";"000C8950";"沙織";"Saori";"000CDD70"
"11";"000C8958";"榎本澄雄";"Sumio Enomoto";"000CDD78"
"11";"000C8968";"静香";"Shizuka";"000CDD80"
"11";"000C8970";"直美";"Naomi";"000CDD88"
"11";"000C8978";"支配人";"Manager";"000CDD90"
"11";"000C8980";"桂木綾";"Aya Katsuragi";"000CDD98"
"11";"000C8988";"朝倉徹";"Toru Asakura";"000CDDA0"
"11";"000C8990";"岩田";"Iwata";"000CDDA8"
"11";"000C8998";"渡会";"Watarai";"000CDDB0"
"11";"000C89A0";"被害者";"Victim";"000CDDB8"
"11";"000C89A8";"加納早苗";"Sanae Kano";"000CDDC0"
"11";"000C89B8";"銀玉仮面";"Silver Ball Mask";"000CDDC8"
"11";"000C89C8";"夢路";"Yumeji";"000CDDD0"
"11";"000C89D0";"虎牙";"Koga";"000CDDD8"
"11";"000C89D8";"大八";"Daihachi";"000CDDE0"
"11";"000C89E0";"千尋";"Chihiro";"000CDDE8"
"11";"000C89E8";"茜";"Akane";"000CDDF0"
"11";"000C89F0";"リョウジ";"Ryoji";"000CDDF8"
"11";"000C8A00";"玉心";"Gyokushin";"000CDE00"
"11";"000C8A08";"アズマ";"Azuma";"000CDE08"
"11";"000C8A10";"パチパラ町";"PachiPara Town";"000CDE10"
"11";"000C8A20";"パチプロとしての腕を磨くため、全国を旅している若者。";"";"000CDE18"
"11";"000C8A60";"パチプロとしての腕を磨くため、全国を旅している若者。
たまたま立ち寄った「パチパラ町」で事件に巻き込まれた。";"";"000CDE20"
"11";"000C8AD0";"パチプロとしての腕を磨くため、全国を旅している若者。
たまたま立ち寄った「パチパラ町」で事件に巻き込まれた。";"";"000CDE28"
"11";"000C8B40";"パチプロとしての腕を磨くため、全国を旅している若者。
たまたま立ち寄った「パチパラ町」で事件に巻き込まれた。";"";"000CDE30"
"11";"000C8BB0";"パチプロとしての腕を磨くため、全国を旅している若者。
たまたま立ち寄った「パチパラ町」で事件に巻き込まれた。";"";"000CDE38"
"11";"000C8C20";"銀玉会館で死体とともに倒れていた女。
事件の時に頭を強く打ち記憶を失っている。";"";"000CDE40"
"11";"000C8C70";"銀玉会館で死体とともに倒れていた女。
事件の時に頭を強く打ち記憶を失っていた。
現在は記憶を回復している。
";"";"000CDE48"
"11";"000C8CE0";"銀玉会館で死体とともに
倒れていた女。
事件の時に頭を強く打ち
記憶を失っていた。
現在は、記憶を回復している。
$pと
同居生活を営んでいる。";"";"000CDE50"
"11";"000C8D70";"銀玉会館で死体とともに
倒れていた女。
事件の時に頭を強く打ち
記憶を失っていた。
現在は、記憶を回復している。
$pと
同居生活を営んでいる。";"";"000CDE58"
"11";"000C8E00";"銀玉会館で死体とともに
倒れていた女。
事件の時に頭を強く打ち
記憶を失っていた。
現在は、記憶を回復している。
$pと
同居生活を営んでいる。";"";"000CDE60"
"11";"000C8E90";"パチパラ町交番に勤務する警察官。";"";"000CDE68"
"11";"000C8EC0";"パチパラ町交番に勤務する警察官。
$pと
同居生活を営んでいる。";"";"000CDE70"
"11";"000C8F00";"パチパラ町交番に勤務する警察官。
$pと
同居生活を営んでいる。";"";"000CDE78"
"11";"000C8F40";"パチパラ町交番に勤務する警察官。
$pと
同居生活を営んでいる。";"";"000CDE80"
"11";"000C8F80";"パチパラ町交番に勤務する警察官。
$pと
同居生活を営んでいる。";"";"000CDE88"
"11";"000C8FC0";"本庁の捜査一課に勤務する刑事。
";"";"000CDE90"
"11";"000C8FE0";"本庁の捜査一課に勤務する刑事。
";"";"000CDE98"
"11";"000C9000";"本庁の捜査一課に勤務する刑事。
";"";"000CDEA0"
"11";"000C9020";"本庁の捜査一課に勤務する刑事。
";"";"000CDEA8"
"11";"000C9040";"本庁の捜査一課に勤務する刑事。
";"";"000CDEB0"
"11";"000C9060";"パチパラ町に診療所を構える老医師。";"";"000CDEB8"
"11";"000C9090";"パチパラ町に診療所を構
える老医師。
岩田の凶悪な立ち退き交
渉から町を守るため、この殺害を画策した。";"";"000CDEC0"
"11";"000C9100";"パチパラ町に診療所を構
える老医師。
岩田の凶悪な立ち退き交
渉から町を守るため、この殺害を画策した。";"";"000CDEC8"
"11";"000C9170";"パチパラ町に診療所を構
える老医師。
岩田の凶悪な立ち退き交
渉から町を守るため、この殺害を画策した。";"";"000CDED0"
"11";"000C91E0";"パチパラ町に診療所を構
える老医師。
岩田の凶悪な立ち退き交
渉から町を守るため、この殺害を画策した。";"";"000CDED8"
"11";"000C9250";"銀玉会館の店長。
$puを殺人犯として交番に通報した。";"";"000CDEE0"
"11";"000C9290";"銀玉会館の店長。
$puを殺人犯として交番に通報した。
パチパラ町を守るため、井原に協力した。";"";"000CDEE8"
"11";"000C92F0";"銀玉会館の店長。
$puを殺人犯として交番に通報した。
パチパラ町を守るため、井原に協力した。";"";"000CDEF0"
"11";"000C9350";"銀玉会館の店長。
$puを殺人犯として交番に通報した。
パチパラ町を守るため、井原に協力した。";"";"000CDEF8"
"11";"000C93B0";"銀玉会館の店長。
$puを殺人犯として交番に通報した。
パチパラ町を守るため、井原に協力した。";"";"000CDF00"
"11";"000C9410";"タバコ屋「はしもと」の
娘。中学３年生。親友は釣り具屋の娘カンナ。";"";"000CDF08"
"11";"000C9460";"タバコ屋「はしもと」の
娘。中学４年生。親友は釣り具屋の娘カンナ。";"";"000CDF10"
"11";"000C94B0";"タバコ屋「はしもと」の
娘。中学５年生。親友は釣り具屋の娘カンナ。";"";"000CDF18"
"11";"000C9500";"タバコ屋「はしもと」の
娘。中学６年生。親友は釣り具屋の娘カンナ。";"";"000CDF20"
"11";"000C9550";"タバコ屋「はしもと」の
娘。中学７年生。親友は釣り具屋の娘カンナ。";"";"000CDF28"
"11";"000C95A0";"パチパラ町の串カツ屋、
「串銀」の店主。本名　沼尻辰男";"";"000CDF30"
"11";"000C95E0";"パチパラ町の串カツ屋、
「串銀」の店主。
井原とともに新川殺害の実行犯となる。";"";"000CDF38"
"11";"000C9630";"パチパラ町の串カツ屋、
「串銀」の店主。
井原とともに新川殺害の
実行犯となる。また犯行
後、逃走するところを柳
田に目撃されており、
証拠隠滅のため柳田を
殺害している。";"";"000CDF40"
"11";"000C96E0";"パチパラ町の串カツ屋、
「串銀」の店主。
井原とともに新川殺害の
実行犯となる。また犯行
後、逃走するところを柳
田に目撃されており、
証拠隠滅のため柳田を
殺害している。";"";"000CDF48"
"11";"000C9790";"パチパラ町の串カツ屋、
「串銀」の店主。
井原とともに新川殺害の
実行犯となる。また犯行
後、逃走するところを柳
田に目撃されており、
証拠隠滅のため柳田を
殺害している。";"";"000CDF50"
"11";"000C9840";"大海町の公園で早朝行わ
れている、ラジオ体操の
指導員。
";"";"000CDF58"
"11";"000C9880";"大海町の公園で早朝行わ
れている、ラジオ体操の
指導員。
大海公園の木に首を吊って自殺した。";"";"000CDF60"
"11";"000C98E0";"大海町の公園で早朝行わ
れている、ラジオ体操の
指導員。
串カツ屋の沼尻に殺され、自殺をしているように偽装された。";"";"000CDF68"
"11";"000C9950";"大海町の公園で早朝行わ
れている、ラジオ体操の
指導員。
串カツ屋の沼尻に殺され、自殺をしているように偽装された。";"";"000CDF70"
"11";"000C99C0";"大海町の公園で早朝行わ
れている、ラジオ体操の
指導員。
串カツ屋の沼尻に殺され、自殺をしているように偽装された。";"";"000CDF78"
"11";"000C9A30";"大海町のパチンコ店
「ベリーラッキー」でアルバイトをしているプロボクサー。
";"";"000CDF80"
"11";"000C9A80";"大海町のパチンコ店
「ベリーラッキー」でアルバイトをしているプロボクサー。
$pと
同居生活を営んでいる。";"";"000CDF88"
"11";"000C9AF0";"大海町のパチンコ店
「ベリーラッキー」でアルバイトをしているプロボクサー。
$pと
同居生活を営んでいる。";"";"000CDF90"
"11";"000C9B60";"大海町のパチンコ店
「ベリーラッキー」でアルバイトをしているプロボクサー。
$pと
同居生活を営んでいる。";"";"000CDF98"
"11";"000C9BD0";"大海町のパチンコ店
「ベリーラッキー」でアルバイトをしているプロボクサー。
$pと
同居生活を営んでいる。";"";"000CDFA0"
"11";"000C9C40";"大海町のパチンコ店
「ベリーラッキー」で働いている若い女。";"";"000CDFA8"
"11";"000C9C80";"大海町のパチンコ店
「ベリーラッキー」で働いている若い女。
$pと
同居生活を営んでいる。";"";"000CDFB0"
"11";"000C9CE0";"大海町のパチンコ店
「ベリーラッキー」で働いている若い女。
$pと
同居生活を営んでいる。";"";"000CDFB8"
"11";"000C9D40";"大海町のパチンコ店
「ベリーラッキー」で働いている若い女。
$pと
同居生活を営んでいる。";"";"000CDFC0"
"11";"000C9DA0";"大海町のパチンコ店
「ベリーラッキー」で働いている若い女。
$pと
同居生活を営んでいる。";"";"000CDFC8"
"11";"000C9E00";"「ベリーラッキー」の女性店員。
柳田が思い慕っていた女。";"";"000CDFD0"
"11";"000C9E40";"「ベリーラッキー」の女性店員。
柳田が思い慕っていた女。彼女も柳田の事を想っていたらしい。";"";"000CDFD8"
"11";"000C9EA0";"「ベリーラッキー」の女性店員。
柳田が思い慕っていた女。彼女も柳田の事を想っていたらしい。";"";"000CDFE0"
"11";"000C9F00";"「ベリーラッキー」の女性店員。
柳田が思い慕っていた女。彼女も柳田の事を想っていたらしい。";"";"000CDFE8"
"11";"000C9F60";"「ベリーラッキー」の女性店員。
柳田が思い慕っていた女。彼女も柳田の事を想っていたらしい。";"";"000CDFF0"
"11";"000C9FC0";"大海町の寿司屋「えの鮨」の店主。
";"";"000CDFF8"
"11";"000C9FF0";"大海町の寿司屋「えの鮨」の店主。
妻帯者だが、ホステスの静香のアパートに出入りしている。";"";"000CE000"
"11";"000CA050";"大海町の寿司屋「えの鮨」の店主。
妻帯者だが、ホステスの静香のアパートに出入りしている。
現在失踪している。";"";"000CE008"
"11";"000CA0C0";"大海町の寿司屋「えの鮨」の店主。
妻帯者だが、ホステスの静香のアパートに出入りしている。
失踪していたが、他殺体で発見される。犯人は土地ブローカーの岩田。";"";"000CE010"
"11";"000CA160";"大海町の寿司屋「えの鮨」の店主。
妻帯者だが、ホステスの静香のアパートに出入りしている。
失踪していたが、他殺体で発見される。犯人は土地ブローカーの岩田。";"";"000CE018"
"11";"000CA200";"大海町のアパート、メゾン大海の住人。";"";"000CE020"
"11";"000CA230";"メゾン大海の住人。出玉町の高級クラブ「女豹」のホステス。$pの隣の部屋に住んでいた。
早朝、自室の中で死んでいるところを$pによって発見される。
";"";"000CE028"
"11";"000CA2C0";"メゾン大海の住人。出玉町の高級クラブ「女豹」のホステス。$pの隣の部屋に住んでいた。
早朝、自室の中で死んでいるところを$pによって発見される。
「女豹」では元Ｎｏ．１ホステスであった。";"";"000CE030"
"11";"000CA380";"メゾン大海の住人。出玉町の高級クラブ「女豹」のホステス。$pの隣の部屋に住んでいた。
早朝、自室の中で死んでいるところを$pによって発見される。
「女豹」では元Ｎｏ．１ホステスであった。
同僚の直美と親しかった。";"";"000CE038"
"11";"000CA450";"メゾン大海の住人。出玉町の高級クラブ「女豹」のホステス。$pの隣の部屋に住んでいた。
早朝、自室の中で死んでいるところを$pによって発見される。
「女豹」では元Ｎｏ．１ホステスであった。
同僚の直美と親しかった。";"";"000CE040"
"11";"000CA520";"クラブ「女豹」の新米ホステス。";"";"000CE048"
"11";"000CA540";"クラブ「女豹」の新米ホステス。パチパラ町出身。
静香とは同郷出身者として会話があったという。";"";"000CE050"
"11";"000CA5A0";"クラブ「女豹」の新米ホステス。パチパラ町出身。
静香とは同郷出身者として会話があったという。";"";"000CE058"
"11";"000CA600";"クラブ「女豹」の新米ホステス。パチパラ町出身。
静香とは同郷出身者として会話があったという。";"";"000CE060"
"11";"000CA660";"クラブ「女豹」の新米ホステス。パチパラ町出身。
静香とは同郷出身者として会話があったという。";"";"000CE068"
"11";"000CA6C0";"出玉町の地下パチンコ店
「シルバームーン」の支配人。通称「マダム」と呼ばれている。
本姓は西川。";"";"000CE070"
"11";"000CA720";"出玉町の地下パチンコ店
「シルバームーン」の支配人。通称「マダム」と呼ばれている。
本姓は西川。
$pに岩田の情報を教える。";"";"000CE078"
"11";"000CA7A0";"出玉町の地下パチンコ店
「シルバームーン」の支配人。通称「マダム」と呼ばれている。
本姓は西川。
$pに岩田の情報を教える。";"";"000CE080"
"11";"000CA820";"出玉町の地下パチンコ店
「シルバームーン」の支配人。通称「マダム」と呼ばれている。
本姓は西川。
$pに岩田の情報を教える。";"";"000CE088"
"11";"000CA8A0";"出玉町の地下パチンコ店
「シルバームーン」の支配人。通称「マダム」と呼ばれている。
本姓は西川。
$pに岩田の情報を教える。";"";"000CE090"
"11";"000CA920";"出玉町にある地下パチン
コ店「シルバームーン」の敏腕マネージャー。
";"";"000CE098"
"11";"000CA970";"出玉町にある地下パチン
コ店「シルバームーン」の敏腕マネージャー。
彼女自身なうてのパチプロであり、パチプロ必殺技
「運命の風車」を使う。";"";"000CE0A0"
"11";"000CAA00";"出玉町にある地下パチン
コ店「シルバームーン」の敏腕マネージャー。
彼女自身なうてのパチプロであり、パチプロ必殺技
「運命の風車」を使う。
$pと
同居生活を営んでいる。";"";"000CE0A8"
"11";"000CAAB0";"出玉町にある地下パチン
コ店「シルバームーン」の敏腕マネージャー。
彼女自身なうてのパチプロであり、パチプロ必殺技
「運命の風車」を使う。
$pと
同居生活を営んでいる。";"";"000CE0B0"
"11";"000CAB60";"出玉町にある地下パチン
コ店「シルバームーン」の敏腕マネージャー。
彼女自身なうてのパチプロであり、パチプロ必殺技
「運命の風車」を使う。
$pと
同居生活を営んでいる。";"";"000CE0B8"
"11";"000CAC10";"出玉町の高級中華料理店
「竜玉楼」の案内係。仕事中にいつも本を読んでいる。";"";"000CE0C0"
"11";"000CAC60";"出玉町の高級中華料理店
「竜玉楼」の案内係。
実は大企業の御曹司。";"";"000CE0C8"
"11";"000CACB0";"出玉町の高級中華料理店
「竜玉楼」の案内係。
実は大企業の御曹司。
$pと同居生活を営んでいる。";"";"000CE0D0"
"11";"000CAD10";"出玉町の高級中華料理店
「竜玉楼」の案内係。
実は大企業の御曹司。
$pと同居生活を営んでいる。";"";"000CE0D8"
"11";"000CAD70";"出玉町の高級中華料理店
「竜玉楼」の案内係。
実は大企業の御曹司。
$pと同居生活を営んでいる。";"";"000CE0E0"
"11";"000CADD0";"パチパラ町の土地を狙っていた土地ブローカー。";"";"000CE0E8"
"11";"000CAE00";"パチパラ町の土地を狙っていた土地ブローカー。
榎本殺害の犯人。出玉町にある工事現場で死体となって発見される。";"";"000CE0F0"
"11";"000CAE70";"パチパラ町の土地を狙っていた土地ブローカー。
榎本殺害の犯人。出玉町にある工事現場で死体となって発見される。";"";"000CE0F8"
"11";"000CAEE0";"パチパラ町の土地を狙っていた土地ブローカー。
榎本殺害の犯人。出玉町にある工事現場で死体となって発見される。";"";"000CE100"
"11";"000CAF50";"パチパラ町の土地を狙っていた土地ブローカー。
榎本殺害の犯人。出玉町にある工事現場で死体となって発見される。";"";"000CE108"
"11";"000CAFC0";"食通として有名な人。
いろいろな店を食べ歩いている。";"";"000CE110"
"11";"000CB000";"食通として有名な人。
いろいろな店を食べ歩いていた。
その正体は各地の土地を物色する土地ブローカーの岩田だった。";"";"000CE118"
"11";"000CB070";"食通として有名な人。
いろいろな店を食べ歩いていた。
その正体は各地の土地を物色する土地ブローカーの岩田だった。";"";"000CE120"
"11";"000CB0E0";"食通として有名な人。
いろいろな店を食べ歩いていた。
その正体は各地の土地を物色する土地ブローカーの岩田だった。";"";"000CE128"
"11";"000CB150";"食通として有名な人。
いろいろな店を食べ歩いていた。
その正体は各地の土地を物色する土地ブローカーの岩田だった。";"";"000CE130"
"11";"000CB1C0";"早朝の銀玉会館で殺されていた男。";"";"000CE138"
"11";"000CB1F0";"早朝の銀玉会館で殺されていた男。
本名は新川直樹";"";"000CE140"
"11";"000CB220";"早朝の銀玉会館で殺されていた男。
本名は新川直樹。土地ブローカーの岩田の手下として働いていた。";"";"000CE148"
"11";"000CB280";"早朝の銀玉会館で殺されていた男。
本名は新川直樹。土地ブローカーの岩田の手下として働いていた。";"";"000CE150"
"11";"000CB2E0";"早朝の銀玉会館で殺されていた男。
本名は新川直樹。土地ブローカーの岩田の手下として働いていた。";"";"000CE158"
"11";"000CB340";"大海病院の医師。紀子の担当医師。";"";"000CE160"
"11";"000CB370";"大海病院の医師。紀子の担当医師。";"";"000CE168"
"11";"000CB3A0";"大海病院の医師。紀子の担当医師。";"";"000CE170"
"11";"000CB3D0";"大海病院の医師。紀子の担当医師。";"";"000CE178"
"11";"000CB400";"大海病院の医師。紀子の担当医師。";"";"000CE180"
"11";"000CB430";"子供たちの間でうわさになっている怪人。実在するのか…？";"";"000CE188"
"11";"000CB470";"子供たちの間でうわさになっていた怪人。
様々な人物が銀玉仮面の仕業に見せかけて事件を起こそうとした。
実在しない…　はず。";"";"000CE190"
"11";"000CB4F0";"子供たちの間でうわさになっていた怪人。
様々な人物が銀玉仮面の仕業に見せかけて事件を起こそうとした。
実在しない…　はず。";"";"000CE198"
"11";"000CB570";"子供たちの間でうわさになっていた怪人。
様々な人物が銀玉仮面の仕業に見せかけて事件を起こそうとした。
実在しない…　はず。";"";"000CE1A0"
"11";"000CB5F0";"子供たちの間でうわさになっていた怪人。
様々な人物が銀玉仮面の仕業に見せかけて事件を起こそうとした。
実在しない…　はず。";"";"000CE1A8"
"11";"000CB670";"銀玉会館にいる、口の悪い老パチプロ。
パチプロ必殺技「蒼き流星群」を使う。";"";"000CE1B0"
"11";"000CB6C0";"銀玉会館にいる、口の悪い老パチプロ。
しかしその正体はパチンコ八賢人の一人。";"";"000CE1B8"
"11";"000CB710";"銀玉会館にいる、口の悪い老パチプロ。
しかしその正体はパチンコ八賢人の一人。";"";"000CE1C0"
"11";"000CB760";"銀玉会館にいる、口の悪い老パチプロ。
しかしその正体はパチンコ八賢人の一人。";"";"000CE1C8"
"11";"000CB7B0";"銀玉会館にいる、口の悪い老パチプロ。
しかしその正体はパチンコ八賢人の一人。";"";"000CE1D0"
"11";"000CB800";"銀玉会館にいる、強面のパチプロ。
パチプロ必殺技「惑わしの月」を使う。";"";"000CE1D8"
"11";"000CB850";"銀玉会館にいる、強面のパチプロ。
パチプロ必殺技「惑わしの月」を使う。";"";"000CE1E0"
"11";"000CB8A0";"銀玉会館にいる、強面のパチプロ。
パチプロ必殺技「惑わしの月」を使う。";"";"000CE1E8"
"11";"000CB8F0";"銀玉会館にいる、強面のパチプロ。
パチプロ必殺技「惑わしの月」を使う。";"";"000CE1F0"
"11";"000CB940";"銀玉会館にいる、強面のパチプロ。
パチプロ必殺技「惑わしの月」を使う。";"";"000CE1F8"
"11";"000CB990";"ベリーラッキーにいる、いつもイライラしているパチプロ。
パチプロ必殺技「開花の万力」を使う。";"";"000CE200"
"11";"000CB9F0";"ベリーラッキーにいる、いつもイライラしているパチプロ。
パチプロ必殺技「開花の万力」を使う。";"";"000CE208"
"11";"000CBA50";"ベリーラッキーにいる、いつもイライラしているパチプロ。
パチプロ必殺技「開花の万力」を使う。";"";"000CE210"
"11";"000CBAB0";"ベリーラッキーにいる、いつもイライラしているパチプロ。
パチプロ必殺技「開花の万力」を使う。";"";"000CE218"
"11";"000CBB10";"ベリーラッキーにいる、いつもイライラしているパチプロ。
パチプロ必殺技「開花の万力」を使う。";"";"000CE220"
"11";"000CBB70";"ベリーラッキーに出没する、女パチプロ。学生のころは相当のワルで、パチンコを打つと本性が出てしまう。
パチプロ必殺技「燃える魂」を使う。";"";"000CE228"
"11";"000CBC00";"ベリーラッキーに出没する、女パチプロ。学生のころは相当のワルで、パチンコを打つと本性が出てしまう。
パチプロ必殺技「燃える魂」を使う。";"";"000CE230"
"11";"000CBC90";"ベリーラッキーに出没する、女パチプロ。学生のころは相当のワルで、パチンコを打つと本性が出てしまう。
パチプロ必殺技「燃える魂」を使う。";"";"000CE238"
"11";"000CBD20";"ベリーラッキーに出没する、女パチプロ。学生のころは相当のワルで、パチンコを打つと本性が出てしまう。
パチプロ必殺技「燃える魂」を使う。";"";"000CE240"
"11";"000CBDB0";"ベリーラッキーに出没する、女パチプロ。学生のころは相当のワルで、パチンコを打つと本性が出てしまう。
パチプロ必殺技「燃える魂」を使う。";"";"000CE248"
"11";"000CBE40";"ベリーラッキーに出没する、ナースパチプロ。
パチプロ必殺技「賢者の金庫」を使う。";"";"000CE250"
"11";"000CBE90";"ベリーラッキーに出没する、ナースパチプロ。
パチプロ必殺技「賢者の金庫」を使う。";"";"000CE258"
"11";"000CBEE0";"ベリーラッキーに出没する、ナースパチプロ。
パチプロ必殺技「賢者の金庫」を使う。";"";"000CE260"
"11";"000CBF30";"ベリーラッキーに出没する、ナースパチプロ。
パチプロ必殺技「賢者の金庫」を使う。";"";"000CE268"
"11";"000CBF80";"ベリーラッキーに出没する、ナースパチプロ。
パチプロ必殺技「賢者の金庫」を使う。";"";"000CE270"
"11";"000CBFD0";"シルバームーンに出入りしている、女好きのパチプロ。
パチプロ必殺技「恵みの泉」を使う。";"";"000CE278"
"11";"000CC030";"シルバームーンに出入りしている、女好きのパチプロ。
パチプロ必殺技「恵みの泉」を使う。";"";"000CE280"
"11";"000CC090";"シルバームーンに出入りしている、女好きのパチプロ。
パチプロ必殺技「恵みの泉」を使う。";"";"000CE288"
"11";"000CC0F0";"シルバームーンに出入りしている、女好きのパチプロ。
パチプロ必殺技「恵みの泉」を使う。";"";"000CE290"
"11";"000CC150";"シルバームーンに出入りしている、女好きのパチプロ。
パチプロ必殺技「恵みの泉」を使う。";"";"000CE298"
"11";"000CC1B0";"シルバームーンに出没する、パチプロの中のパチプロ。
パチプロ必殺技「皇帝の心眼」を使う。";"";"000CE2A0"
"11";"000CC210";"シルバームーンに出没する、パチプロの中のパチプロ。
パチプロ必殺技「皇帝の心眼」を使う。";"";"000CE2A8"
"11";"000CC270";"シルバームーンに出没する、パチプロの中のパチプロ。
パチプロ必殺技「皇帝の心眼」を使う。";"";"000CE2B0"
"11";"000CC2D0";"シルバームーンに出没する、パチプロの中のパチプロ。
パチプロ必殺技「皇帝の心眼」を使う。";"";"000CE2B8"
"11";"000CC330";"シルバームーンに出没する、パチプロの中のパチプロ。
パチプロ必殺技「皇帝の心眼」を使う。";"";"000CE2C0"
"11";"000CC390";"極悪非道のパチプロ。
パチプロ必殺技「四人の騎士」を使う。";"";"000CE2C8"
"11";"000CC3D0";"極悪非道のパチプロ。
パチプロ必殺技「四人の騎士」を使う。";"";"000CE2D0"
"11";"000CC410";"極悪非道のパチプロ。
パチプロ必殺技「四人の騎士」を使う。";"";"000CE2D8"
"11";"000CC450";"極悪非道のパチプロ。
パチプロ必殺技「四人の騎士」を使う。";"";"000CE2E0"
"11";"000CC490";"極悪非道のパチプロ。
パチプロ必殺技「四人の騎士」を使う。";"";"000CE2E8"
"11";"000CC4D0";"パチパラ町の住人たち";"";"000CE2F0"
"11";"000CC4F0";"パチパラ町の住人たち";"";"000CE2F8"
"11";"000CC510";"パチパラ町の住人たち";"";"000CE300"
"11";"000CC530";"パチパラ町の住人たち";"";"000CE308"
"11";"000CC550";"パチパラ町の住人たち";"";"000CE310"
"11";"000CC570";"$pは紀子を銀玉会館で発見した";"";"000CE318"
"11";"000CC590";"$pは紀子を銀玉会館で発見した
$pと紀子は知り合い";"";"000CE320"
"11";"000CC5C0";"$pと紀子は親密な関係";"";"000CE328"
"11";"000CC5E0";"$pと紀子は親密な関係";"";"000CE330"
"11";"000CC600";"$pと紀子は親密な関係";"";"000CE338"
"11";"000CC620";"片山は$puを逮捕した。";"";"000CE340"
"11";"000CC640";"片山は$puを逮捕した
$pと片山は知り合い";"";"000CE348"
"11";"000CC670";"$pと片山は親密な関係";"";"000CE350"
"11";"000CC690";"$pと片山は親密な関係";"";"000CE358"
"11";"000CC6B0";"$pと片山は親密な関係";"";"000CE360"
"11";"000CC6D0";"三上は本庁の警部、片山は所轄の巡査";"";"000CE368"
"11";"000CC700";"三上は本庁の警部、片山は所轄の巡査";"";"000CE370"
"11";"000CC730";"三上は本庁の警部、片山は所轄の巡査";"";"000CE378"
"11";"000CC760";"三上は本庁の警部、片山は所轄の巡査";"";"000CE380"
"11";"000CC790";"三上は本庁の警部、片山は所轄の巡査";"";"000CE388"
"11";"000CC7C0";"$pは春子に通報された";"";"000CE390"
"11";"000CC7E0";"$pは春子に通報された
$pと春子は知り合い";"";"000CE398"
"11";"000CC810";"$pは春子に通報された
$pと春子は知り合い";"";"000CE3A0"
"11";"000CC840";"$pは春子に通報された
$pと春子は知り合い";"";"000CE3A8"
"11";"000CC870";"$pは春子に通報された
$pと春子は知り合い";"";"000CE3B0"
"11";"000CC8A0";"$pはミヨの証言で助かった";"";"000CE3B8"
"11";"000CC8C0";"$pはミヨの証言で助かった";"";"000CE3C0"
"11";"000CC8E0";"$pはミヨの証言で助かった";"";"000CE3C8"
"11";"000CC900";"$pはミヨの証言で助かった";"";"000CE3D0"
"11";"000CC920";"$pはミヨの証言で助かった";"";"000CE3D8"
"11";"000CC940";"井原と春子は協力していた";"";"000CE3E0"
"11";"000CC960";"井原と春子は協力していた";"";"000CE3E8"
"11";"000CC980";"井原と春子は協力していた";"";"000CE3F0"
"11";"000CC9A0";"井原と春子は協力していた";"";"000CE3F8"
"11";"000CC9C0";"井原と春子は協力していた";"";"000CE400"
"11";"000CC9E0";"井原と串カツ屋は実行犯同士";"";"000CE408"
"11";"000CCA00";"井原と串カツ屋は実行犯同士";"";"000CE410"
"11";"000CCA20";"井原と串カツ屋は実行犯同士";"";"000CE418"
"11";"000CCA40";"井原と串カツ屋は実行犯同士";"";"000CE420"
"11";"000CCA60";"井原と串カツ屋は実行犯同士";"";"000CE428"
"11";"000CCA80";"串カツ屋は柳田を殺害した";"";"000CE430"
"11";"000CCAA0";"串カツ屋は柳田を殺害した";"";"000CE438"
"11";"000CCAC0";"串カツ屋は柳田を殺害した";"";"000CE440"
"11";"000CCAE0";"串カツ屋は柳田を殺害した";"";"000CE448"
"11";"000CCB00";"串カツ屋は柳田を殺害した";"";"000CE450"
"11";"000CCB20";"$pはゆきに殺人犯だと思われている";"";"000CE458"
"11";"000CCB50";"$pはゆきに殺人犯だと思われていた
$pとゆきは知り合い";"";"000CE460"
"11";"000CCB90";"$pとゆきは親密な関係";"";"000CE468"
"11";"000CCBB0";"$pとゆきは親密な関係";"";"000CE470"
"11";"000CCBD0";"$pとゆきは親密な関係";"";"000CE478"
"11";"000CCBF0";"$pは柳田に聞き込みをした";"";"000CE480"
"11";"000CCC10";"$pの隣の部屋に柳田は住んでいた";"";"000CE488"
"11";"000CCC30";"$pは柳田が他殺だと考えている";"";"000CE490"
"11";"000CCC50";"$pは柳田が自殺だと考えている";"";"000CE498"
"11";"000CCC70";"$pの隣の部屋に柳田は住んでいた";"";"000CE4A0"
"11";"000CCC90";"$pの隣の部屋に静香は住んでいる";"";"000CE4A8"
"11";"000CCCB0";"$pは静香が殺されているのを発見した";"";"000CE4B0"
"11";"000CCCE0";"$pは静香が殺されているのを発見した";"";"000CE4B8"
"11";"000CCD10";"$pは静香が殺されているのを発見した";"";"000CE4C0"
"11";"000CCD40";"$pは静香が殺されているのを発見した";"";"000CE4C8"
"11";"000CCD70";"$pは榎本の店に入ったことがある";"";"000CE4D0"
"11";"000CCD90";"$pは榎本が静香の部屋から出てくるのを目撃した";"";"000CE4D8"
"11";"000CCDC0";"$pは榎本が静香の部屋から出てくるのを目撃した";"";"000CE4E0"
"11";"000CCDF0";"$pは榎本が静香の部屋から出てくるのを目撃した";"";"000CE4E8"
"11";"000CCE20";"$pは榎本が静香の部屋から出てくるのを目撃した";"";"000CE4F0"
"11";"000CCE50";"黒崎と柳田は親友";"";"000CE4F8"
"11";"000CCE70";"黒崎と柳田は親友";"";"000CE500"
"11";"000CCE90";"黒崎と柳田は親友";"";"000CE508"
"11";"000CCEB0";"黒崎と柳田は親友";"";"000CE510"
"11";"000CCED0";"黒崎と柳田は親友";"";"000CE518"
"11";"000CCEF0";"黒崎とゆきはベリーラッキーの同僚";"";"000CE520"
"11";"000CCF20";"黒崎とゆきはベリーラッキーの同僚";"";"000CE528"
"11";"000CCF50";"黒崎とゆきはベリーラッキーの同僚";"";"000CE530"
"11";"000CCF80";"黒崎とゆきはベリーラッキーの同僚";"";"000CE538"
"11";"000CCFB0";"黒崎とゆきはベリーラッキーの同僚";"";"000CE540"
"11";"000CCFE0";"黒崎と沙織はベリーラッキーの同僚";"";"000CE548"
"11";"000CD010";"黒崎と沙織はベリーラッキーの同僚";"";"000CE550"
"11";"000CD040";"黒崎と沙織はベリーラッキーの同僚";"";"000CE558"
"11";"000CD070";"黒崎と沙織はベリーラッキーの同僚";"";"000CE560"
"11";"000CD0A0";"黒崎と沙織はベリーラッキーの同僚";"";"000CE568"
"11";"000CD0D0";"柳田は沙織のことを愛しく思っていた";"";"000CE570"
"11";"000CD100";"柳田と沙織は互いに思いを寄せていた";"";"000CE578"
"11";"000CD130";"柳田と沙織は互いに思いを寄せていた";"";"000CE580"
"11";"000CD160";"柳田と沙織は互いに思いを寄せていた";"";"000CE588"
"11";"000CD190";"柳田と沙織は互いに思いを寄せていた";"";"000CE590"
"11";"000CD1C0";"静香は柳田に言い寄っていた";"";"000CE598"
"11";"000CD1E0";"静香は柳田に言い寄っていた";"";"000CE5A0"
"11";"000CD200";"静香は柳田に言い寄っていた";"";"000CE5A8"
"11";"000CD220";"静香は柳田に言い寄っていた";"";"000CE5B0"
"11";"000CD240";"静香は柳田に言い寄っていた";"";"000CE5B8"
"11";"000CD260";"榎本は静香のアパートに通っていた";"";"000CE5C0"
"11";"000CD290";"榎本は静香のアパートで花札をしていた";"";"000CE5C8"
"11";"000CD2C0";"榎本は静香のアパートで花札をしていた";"";"000CE5D0"
"11";"000CD2F0";"榎本は静香のアパートで花札をしていた";"";"000CE5D8"
"11";"000CD320";"榎本は静香のアパートで花札をしていた";"";"000CE5E0"
"11";"000CD350";"直美と静香は親しかった";"";"000CE5E8"
"11";"000CD370";"直美と静香は同じパチパラ町出身";"";"000CE5F0"
"11";"000CD390";"直美と静香は同じパチパラ町出身";"";"000CE5F8"
"11";"000CD3B0";"直美と静香は同じパチパラ町出身";"";"000CE600"
"11";"000CD3D0";"直美と静香は同じパチパラ町出身";"";"000CE608"
"11";"000CD3F0";"$pと綾は知り合い";"";"000CE610"
"11";"000CD410";"綾は$pのことを好敵手だと思っている";"";"000CE618"
"11";"000CD440";"$pと綾は親密な関係";"";"000CE620"
"11";"000CD460";"$pと綾は親密な関係";"";"000CE628"
"11";"000CD480";"$pと綾は親密な関係";"";"000CE630"
"11";"000CD4A0";"$pと朝倉は知り合い";"";"000CE638"
"11";"000CD4C0";"$pと朝倉は親密な関係";"";"000CE640"
"11";"000CD4E0";"$pと朝倉は親密な関係";"";"000CE648"
"11";"000CD500";"$pと朝倉は親密な関係";"";"000CE650"
"11";"000CD520";"$pと朝倉は親密な関係";"";"000CE658"
"11";"000CD540";"榎本は岩田に追われている";"";"000CE660"
"11";"000CD560";"榎本は岩田に殺された";"";"000CE668"
"11";"000CD580";"榎本は岩田に殺された";"";"000CE670"
"11";"000CD5A0";"榎本は岩田に殺された";"";"000CE678"
"11";"000CD5C0";"榎本は岩田に殺された";"";"000CE680"
"11";"000CD5E0";"静香は岩田の手下";"";"000CE688"
"11";"000CD600";"静香は岩田に殺された";"";"000CE690"
"11";"000CD620";"静香は岩田に殺された
静香は岩田を裏切っていた";"";"000CE698"
"11";"000CD650";"静香は岩田に殺された
静香は岩田を裏切っていた";"";"000CE6A0"
"11";"000CD680";"静香は岩田に殺された
静香は岩田を裏切っていた";"";"000CE6A8"
"11";"000CD6B0";"シルバームーンの支配人は岩田を疎んでいる";"";"000CE6B0"
"11";"000CD6E0";"シルバームーンの支配人は岩田を疎んでいる";"";"000CE6B8"
"11";"000CD710";"シルバームーンの支配人は岩田を疎んでいる";"";"000CE6C0"
"11";"000CD740";"シルバームーンの支配人は岩田を疎んでいる";"";"000CE6C8"
"11";"000CD770";"シルバームーンの支配人は岩田を疎んでいる";"";"000CE6D0"
"11";"000CD7A0";"綾は支配人の部下";"";"000CE6D8"
"11";"000CD7C0";"綾は支配人の部下";"";"000CE6E0"
"11";"000CD7E0";"綾は支配人の部下";"";"000CE6E8"
"11";"000CD800";"綾は支配人の部下";"";"000CE6F0"
"11";"000CD820";"綾は支配人の部下";"";"000CE6F8"
"11";"000CD840";"岩田と渡会は同一人物";"";"000CE700"
"11";"000CD860";"岩田と渡会は同一人物";"";"000CE708"
"11";"000CD880";"岩田と渡会は同一人物";"";"000CE710"
"11";"000CD8A0";"岩田と渡会は同一人物";"";"000CE718"
"11";"000CD8C0";"岩田と渡会は同一人物";"";"000CE720"
"11";"000CD8E0";"岩田はパチパラ町の住人を無理やり立ち退かせようとしていた";"";"000CE728"
"11";"000CD920";"岩田はパチパラ町の住人に殺された";"";"000CE730"
"11";"000CD950";"岩田はパチパラ町の住人に殺された";"";"000CE738"
"11";"000CD980";"岩田はパチパラ町の住人に殺された";"";"000CE740"
"11";"000CD9B0";"岩田はパチパラ町の住人に殺された";"";"000CE748"
"11";"000CD9E0";"新川は岩田の手下";"";"000CE750"
"11";"000CDA00";"新川は岩田の手下";"";"000CE758"
"11";"000CDA20";"新川は岩田の手下";"";"000CE760"
"11";"000CDA40";"新川は岩田の手下";"";"000CE768"
"11";"000CDA60";"新川は岩田の手下";"";"000CE770"
"11";"000CDA80";"井原と早苗は知り合い";"";"000CE778"
"11";"000CDAA0";"井原と早苗は知り合い";"";"000CE780"
"11";"000CDAC0";"井原と早苗は知り合い";"";"000CE788"
"11";"000CDAE0";"井原と早苗は知り合い";"";"000CE790"
"11";"000CDB00";"井原と早苗は知り合い";"";"000CE798"
"11";"000CDB20";"早苗は紀子の担当医";"";"000CE7A0"
"11";"000CDB40";"早苗は紀子の担当医";"";"000CE7A8"
"11";"000CDB60";"早苗は紀子の担当医";"";"000CE7B0"
"11";"000CDB80";"早苗は紀子の担当医";"";"000CE7B8"
"11";"000CDBA0";"早苗は紀子の担当医";"";"000CE7C0"
"11";"000CDBC0";"ふたりは銀玉会館に倒れていた";"";"000CE7C8"
"11";"000CDBE0";"ふたりは無関係";"";"000CE7D0"
"11";"000CDBF0";"ふたりは無関係";"";"000CE7D8"
"11";"000CDC00";"ふたりは無関係";"";"000CE7E0"
"11";"000CDC10";"ふたりは無関係";"";"000CE7E8"
"11";"000CDC20";"新川はパチパラ町の住人を無理やり立ち退かせようとしていた";"";"000CE7F0"
"11";"000CDC60";"新川はパチパラ町の住人に殺された";"";"000CE7F8"
"11";"000CDC90";"新川はパチパラ町の住人に殺された";"";"000CE800"
"11";"000CDCC0";"新川はパチパラ町の住人に殺された";"";"000CE808"
"11";"000CDCF0";"新川はパチパラ町の住人に殺された";"";"000CE810"
"12";"000CF7B0";"所持金";"Cash";"000CF878"
"12";"000CF7C0";"全品入荷待ちです";"All items are currently out of stock.";"000CF880"
"12";"000CF7E0";"お金が不足しています";"You don't have enough money.";"000CF888"
"12";"000CF800";"このアイテムをこれ以上もつことはできません";"You can't carry any more of this item.";"000CF890"
"12";"000CF830";"売却可能なアイテムがありません";"You have no items available to sell.";"000CF898"
"12";"000CF850";"このアイテムは売ることができません";"This item can't be sold.";"000CF8A0"
"13";"000CFB00";"お金が不足しています
";"You don't have enough money.";"000CFB88"
"13";"000CFB20";"こちらは今のお客様のものと同じです
";"You already have the same item.";"000CFB90"
"13";"000CFB50";"こちらでよろしいですか？
";"Is this okay?";"000CFB98"
"13";"000CFB70";"はい";"Yes";"000CFBA0"
"13";"000CFB78";"いいえ";"No";"000CFBA8"
"13";"000CFB80";"所持金";"Cash";"000CFBB0"
"14";"000CFDA0";"お金が不足しています
";"You don't have enough money.";"000CFDF8"
"14";"000CFDC0";"こちらでよろしいですか？
";"Is this okay?";"000CFE00"
"14";"000CFDE0";"はい";"Yes";"000CFE08"
"14";"000CFDE8";"いいえ";"No";"000CFE10"
"14";"000CFDF0";"所持金";"Cash";"000CFE18"
"15";"000D00A0";"坊主";"Buzz Cut";"000D05A0"
"15";"000D00A8";"いつもの髪型";"Usual Hairstyle";"000D05A8"
"15";"000D00C0";"マッシュルームカット";"Mushroom Cut";"000D05B0"
"15";"000D00D8";"角刈り";"Flattop";"000D05B8"
"15";"000D00E0";"七三";"Side Part";"000D05C0"
"15";"000D00E8";"ヒッピー風";"Hippie Style";"000D05C8"
"15";"000D00F8";"リーゼント";"Pompadour";"000D05D0"
"15";"000D0108";"ウルフカット";"Wolf Cut";"000D05D8"
"15";"000D0118";"パンチパーマ";"Punch Perm";"000D05E0"
"15";"000D0128";"アフロ";"Afro";"000D05E8"
"15";"000D0130";"いつもの髪型";"Usual Hairstyle";"000D05F0"
"15";"000D0140";"いつもの髪型";"Usual Hairstyle";"000D05F8"
"15";"000D0150";"マッシュルームカット";"";"000D0600"
"15";"000D0168";"ベリーショート";"";"000D0608"
"15";"000D0178";"ボブ";"";"000D0610"
"15";"000D0180";"アップ";"";"000D0618"
"15";"000D0188";"三つ編み";"";"000D0620"
"15";"000D0198";"ポニーテール";"";"000D0628"
"15";"000D01A8";"ロング";"";"000D0630"
"15";"000D01B0";"お団子";"";"000D0638"
"15";"000D01B8";"縦ロール";"";"000D0640"
"15";"000D01D0";"毛髪を完全にそり落とし
地肌を露出させた髪型";"All hair is completely shaved off,
leaving the scalp fully exposed.";"000D0648"
"15";"000D0200";"普段の髪型";"Your regular everyday hairstyle.";"000D0650"
"15";"000D0210";"マッシュルームのように丸くし、前髪を
切りそろえた髪型";"";"000D0658"
"15";"000D0250";"頭が角張って見えるよう短く刈りこんだ髪型";"A short, cropped hairstyle cut to make
the head appear square and angular.";"000D0660"
"15";"000D0280";"前髪を７：３の割合で分けた髪型";"A hairstyle where the bangs are parted in a 7:3 ratio.";"000D0668"
"15";"000D02A0";"無造作に髪を伸ばした髪型";"";"000D0670"
"15";"000D02C0";"側頭部の髪を後方に梳かし、Ｖ型に
梳かしつけた髪形";"A hairstyle where the hair on the sides is
combed back and styled into a V-shape.";"000D0678"
"15";"000D0300";"たてがみのように髪を軽く逆立てる髪型";"";"000D0680"
"15";"000D0330";"短髪にパーマをあて、小単位で螺旋に
まとめた髪型";"A hairstyle where short hair is permed
and arranged into tight, small spiral curls.";"000D0688"
"15";"000D0360";"パーマで髪を細かく縮れさせ
全体的に丸く膨らませた髪型";"";"000D0690"
"15";"000D0398";"普段の髪型";"Your regular everyday hairstyle.";"000D0698"
"15";"000D03A8";"普段の髪型";"Your regular everyday hairstyle.";"000D06A0"
"15";"000D03C0";"マッシュルームのように丸くし、前髪を
切りそろえた髪型";"";"000D06A8"
"15";"000D0400";"髪を短く刈りこんで、前髪を
立たせた髪形";"";"000D06B0"
"15";"000D0430";"前髪と頬のカットラインが直線の髪型
俗にいうおかっぱ";"";"000D06B8"
"15";"000D0470";"長髪を後ろでまとめて結い上げた髪型";"";"000D06C0"
"15";"000D04A0";"長髪を二つに分け、編みこんだ髪型";"";"000D06C8"
"15";"000D04D0";"髪を後頭部で一つにまとめ、垂らした髪型";"";"000D06D0"
"15";"000D0500";"髪を真っ直ぐに伸ばし、梳かした髪型";"";"000D06D8"
"15";"000D0530";"束ねた髪をサイドで団子状にまとめた髪形";"";"000D06E0"
"15";"000D0560";"ゆるやかなパーマネントに両サイドの髪を
ロール状にした髪型";"";"000D06E8"
"16";"000D0958";"ひげ無し";"Clean-Shaven";"000D0C08"
"16";"000D0968";"聖徳太子ひげ";"Prince Shotoku Beard";"000D0C10"
"16";"000D0978";"メキシカン";"";"000D0C18"
"16";"000D0988";"カイゼル";"";"000D0C20"
"16";"000D0998";"芸術家ひげ";"";"000D0C28"
"16";"000D09A8";"アゴひげ";"Goatee";"000D0C30"
"16";"000D09B8";"チョビひげ";"Toothbrush Mustache";"000D0C38"
"16";"000D09C8";"虎ひげ";"Bristly Beard";"000D0C40"
"16";"000D09D0";"コールマン";"";"000D0C48"
"16";"000D09E0";"ナマズひげ";"";"000D0C50"
"16";"000D09F0";"泥棒ひげ";"Bandit Beard";"000D0C58"
"16";"000D0A00";"ひげをキレイにそり落とします";"Completely shaves off all facial hair.";"000D0C60"
"16";"000D0A20";"あごひげを胸元まで伸ばしたもの";"A long beard grown from the chin down to the chest.";"000D0C68"
"16";"000D0A40";"横に長く伸ばした口ひげ
全体的に曲線を描いている";"";"000D0C70"
"16";"000D0A70";"伸ばした口ひげを固めて左右に跳ね上げ
逆への字型にしたもの";"";"000D0C78"
"16";"000D0AB0";"顔の下半分を覆うくらいまで伸ばした
立派なひげ";"";"000D0C80"
"16";"000D0AE0";"アゴのラインに沿って伸ばしたひげ
アゴ先になるほど長めになっている";"A beard grown along the jawline,
getting longer toward the tip of the chin.";"000D0C88"
"16";"000D0B30";"口ひげを鼻の幅程度に短く刈りこんだもの";"A short mustache trimmed to about the width of the nose.";"000D0C90"
"16";"000D0B60";"口周りのひげを無造作に伸ばしたもの";"Facial hair grown haphazardly around the mouth.";"000D0C98"
"16";"000D0B90";"中央に分け目を入れた、三角型の口ひげ";"";"000D0CA0"
"16";"000D0BC0";"鼻下のヒゲをまとめ、左右に跳ね上げたもの";"";"000D0CA8"
"16";"000D0BF0";"口の周りに蓄えた口ひげ";"A full mustache grown right above the lip.";"000D0CB0"
"17";"000D0DE0";"清水理髪店";"Shimizu Barbershop";"000D0E10"
"17";"000D0DF0";"パーマモンロー";"Perm Monroe";"000D0E18"
"17";"000D0E00";"清水理髪店";"Shimizu Barbershop";"000D0E20"
"18";"000D0F30";"食べ物１";"Diner 1";"000D3560"
"18";"000D0F40";"食べ物２";"Diner 2";"000D3568"
"18";"000D0F50";"食べ物３";"Diner 3";"000D3570"
"18";"000D0F60";"ビール";"Beer";"000D3578"
"18";"000D0F68";"ラーメン";"Ramen";"000D3580"
"18";"000D0F80";"チャーシューメン";"Chashu Ramen";"000D3588"
"18";"000D0F98";"串カツ";"Kushikatsu";"000D3590"
"18";"000D0FA0";"豚";"Pork";"000D3598"
"18";"000D0FA8";"豚バラ";"Pork Belly";"000D35A0"
"18";"000D0FB0";"鳥";"Chicken";"000D35A8"
"18";"000D0FB8";"ねぎま";"Negima";"000D35B0"
"18";"000D0FC0";"ずり";"";"000D35B8"
"18";"000D0FC8";"うずら";"";"000D35C0"
"18";"000D0FD0";"ウインナー";"";"000D35C8"
"18";"000D0FE0";"タマネギ";"";"000D35D0"
"18";"000D0FF0";"レンコン";"";"000D35D8"
"18";"000D1000";"しいたけ";"";"000D35E0"
"18";"000D1010";"ジャガイモ";"Potato";"000D35E8"
"18";"000D1020";"イカ";"";"000D35F0"
"18";"000D1028";"タコ";"";"000D35F8"
"18";"000D1030";"キャベツ";"";"000D3600"
"18";"000D1040";"ホルモン";"Horumon";"000D3608"
"18";"000D1050";"ミノ";"Mino";"000D3610"
"18";"000D1058";"ハチノス";"Hachinosu";"000D3618"
"18";"000D1068";"センマイ";"Senmai";"000D3620"
"18";"000D1078";"ギアラ";"Giara";"000D3628"
"18";"000D1080";"ハラミ";"Harami";"000D3630"
"18";"000D1088";"豚お好み焼き";"Pork Okonomiyaki";"000D3638"
"18";"000D1098";"豚玉";"Pork & Egg Okonomiyaki";"000D3640"
"18";"000D10A0";"イカ";"Squid Okonomiyaki";"000D3648"
"18";"000D10A8";"イカ玉";"Squid & Egg Okonomiyaki";"000D3650"
"18";"000D10B0";"ネギ焼き";"Negiyaki";"000D3658"
"18";"000D10C0";"モダン";"Modanyaki";"000D3660"
"18";"000D10C8";"焼きそば";"Yakisoba";"000D3668"
"18";"000D10E0";"オレンジジュース";"Orange Juice";"000D3670"
"18";"000D10F8";"大トロ";"";"000D3678"
"18";"000D1100";"生牡蠣";"";"000D3680"
"18";"000D1108";"ブリ";"";"000D3688"
"18";"000D1110";"カツオ";"";"000D3690"
"18";"000D1118";"ヒラメの縁側";"";"000D3698"
"18";"000D1128";"コハダ";"";"000D36A0"
"18";"000D1130";"カワハギ";"";"000D36A8"
"18";"000D1140";"〆サバ";"";"000D36B0"
"18";"000D1148";"甘エビ";"";"000D36B8"
"18";"000D1150";"イカ";"";"000D36C0"
"18";"000D1158";"タコ";"";"000D36C8"
"18";"000D1160";"ウニ";"";"000D36D0"
"18";"000D1168";"イクラ";"";"000D36D8"
"18";"000D1170";"穴子";"";"000D36E0"
"18";"000D1178";"白子";"";"000D36E8"
"18";"000D1180";"蟹ミソ";"";"000D36F0"
"18";"000D1188";"鉄火巻";"";"000D36F8"
"18";"000D1190";"だし巻き玉子";"";"000D3700"
"18";"000D11A0";"ガリ";"";"000D3708"
"18";"000D11A8";"日本酒";"Sake";"000D3710"
"18";"000D11B0";"ソーダ";"Soda";"000D3718"
"18";"000D11B8";"ワイン";"Wine";"000D3720"
"18";"000D11C0";"シャンパン";"Champagne";"000D3728"
"18";"000D11D0";"カレーライス";"";"000D3730"
"18";"000D11E0";"ハヤシライス";"";"000D3738"
"18";"000D11F0";"オムライス";"";"000D3740"
"18";"000D1200";"ハンバーグ";"";"000D3748"
"18";"000D1210";"エビフライ";"";"000D3750"
"18";"000D1220";"メンチカツ";"";"000D3758"
"18";"000D1230";"コロッケ";"";"000D3760"
"18";"000D1240";"ビーフシチュー";"";"000D3768"
"18";"000D1250";"Ａコース料理";"Course A Menu";"000D3770"
"18";"000D1260";"Ｂコース料理";"Course B Menu";"000D3778"
"18";"000D1270";"シェフのおまかせコース料理";"Chef's Special Course Menu";"000D3780"
"18";"000D1290";"野菜炒め定食（大盛り）";"Vegetable Stir-Fry Set (Large)";"000D3788"
"18";"000D12B0";"目玉焼き定食（大盛り）";"Fried Egg Set (Large)";"000D3790"
"18";"000D12D0";"塩鮭定食（大盛り）";"Salted Salmon Set (Large)";"000D3798"
"18";"000D12F0";"生姜焼き定食（大盛り）";"Ginger Pork Set (Large)";"000D37A0"
"18";"000D1310";"アジフライ定食（大盛り）";"Aji Fry Set (Large)";"000D37A8"
"18";"000D1330";"唐揚げ定食（大盛り）";"Karaage Set (Large)";"000D37B0"
"18";"000D1350";"酢豚定食（大盛り）";"Sweet & Sour Pork Set (Large)";"000D37B8"
"18";"000D1370";"レバニラ炒め定食（大盛り）";"Liver & Chive Stir-Fry Set (Large)";"000D37C0"
"18";"000D1390";"日替わり定食（大盛り）";"Daily Special Set (Large)";"000D37C8"
"18";"000D13A8";"あんみつ";"Anmitsu";"000D37D0"
"18";"000D13B8";"おしるこ";"Oshiruko";"000D37D8"
"18";"000D13C8";"水ようかん";"Mizu Yokan";"000D37E0"
"18";"000D13D8";"みたらし団子";"Mitarashi Dango";"000D37E8"
"18";"000D13E8";"かき氷";"Kakigori";"000D37F0"
"18";"000D13F0";"アイスクリーム";"Ice Cream";"000D37F8"
"18";"000D1400";"ホッピー";"Hoppy";"000D3800"
"18";"000D1410";"焼酎";"Shochu";"000D3808"
"18";"000D1418";"ウイスキー";"Whiskey";"000D3810"
"18";"000D1430";"赤いリンゴ飴（大）";"";"000D3818"
"18";"000D1450";"赤いリンゴ飴（小）";"";"000D3820"
"18";"000D1470";"緑のリンゴ飴（大）";"";"000D3828"
"18";"000D1490";"緑のリンゴ飴（小）";"";"000D3830"
"18";"000D14A8";"イチゴ";"";"000D3838"
"18";"000D14B0";"メロン　　　";"";"000D3840"
"18";"000D14C0";"レモン";"";"000D3848"
"18";"000D14C8";"ブルーハワイ";"";"000D3850"
"18";"000D14D8";"メリー牛乳";"";"000D3858"
"18";"000D14E8";"コーヒー牛乳";"";"000D3860"
"18";"000D14F8";"フルーツ牛乳";"";"000D3868"
"18";"000D1508";"ぜんざい";"Zenzai";"000D3870"
"18";"000D1518";"ラムネ";"Ramune";"000D3878"
"18";"000D1520";"コーラ";"Cola";"000D3880"
"18";"000D1528";"トースト";"";"000D3888"
"18";"000D1540";"フレンチトースト";"";"000D3890"
"18";"000D1558";"コーンフレーク";"";"000D3898"
"18";"000D1568";"ハンバーガー";"";"000D38A0"
"18";"000D1578";"朝食セット";"";"000D38A8"
"18";"000D1588";"ホットコーヒー";"";"000D38B0"
"18";"000D1598";"アイスコーヒー";"";"000D38B8"
"18";"000D15A8";"紅茶";"";"000D38C0"
"18";"000D15B0";"ハーブティー";"";"000D38C8"
"18";"000D15C0";"天ぷら定食";"";"000D38D0"
"18";"000D15D0";"天丼";"";"000D38D8"
"18";"000D15D8";"特上天丼";"";"000D38E0"
"18";"000D15E8";"海鮮かき揚げ丼";"";"000D38E8"
"18";"000D15F8";"山菜かき揚げ丼";"";"000D38F0"
"18";"000D1608";"山の幸の天ぷら";"";"000D38F8"
"18";"000D1618";"海の幸の天ぷら";"";"000D3900"
"18";"000D1628";"夏野菜の天ぷら";"";"000D3908"
"18";"000D1638";"ランチセット";"";"000D3910"
"18";"000D1648";"北京鴨";"";"000D3918"
"18";"000D1650";"乾焼明蝦";"";"000D3920"
"18";"000D1660";"紅焼排翅";"";"000D3928"
"18";"000D1670";"紅焼鮑魚";"";"000D3930"
"18";"000D1680";"回鍋肉";"";"000D3938"
"18";"000D1690";"季節の新鮮素材コース";"";"000D3940"
"18";"000D16B0";"総料理長特選コース";"";"000D3948"
"18";"000D16C8";"飲茶ランチ";"";"000D3950"
"18";"000D16D8";"点心ランチ";"";"000D3958"
"18";"000D16E8";"豚すき焼き";"";"000D3960"
"18";"000D16F8";"牛すき焼き";"";"000D3968"
"18";"000D1708";"鶏すき焼き";"";"000D3970"
"18";"000D1718";"特選すき焼き";"";"000D3978"
"18";"000D1728";"極上すき焼き";"";"000D3980"
"18";"000D1740";"すき焼き丼ランチ";"";"000D3988"
"18";"000D1758";"生ビール";"Draft Beer";"000D3990"
"18";"000D1768";"麦茶";"Barley Tea";"000D3998"
"18";"000D1770";"枝豆";"Green Soybeans";"000D39A0"
"18";"000D1780";"ソーセージ盛り合わせ";"";"000D39A8"
"18";"000D17A0";"揚げ物盛り合わせ";"";"000D39B0"
"18";"000D17C0";"焼き鳥盛り合わせ";"";"000D39B8"
"18";"000D17D8";"野菜炒め定食";"";"000D39C0"
"18";"000D17E8";"目玉焼き定食";"";"000D39C8"
"18";"000D17F8";"塩鮭定食";"";"000D39D0"
"18";"000D1808";"生姜焼き定食";"";"000D39D8"
"18";"000D1818";"アジフライ定食";"";"000D39E0"
"18";"000D1828";"唐揚げ定食";"";"000D39E8"
"18";"000D1838";"酢豚定食";"";"000D39F0"
"18";"000D1850";"レバニラ炒め定食";"";"000D39F8"
"18";"000D1868";"日替わり定食";"";"000D3A00"
"18";"000D1878";"天かす";"Tenkasu";"000D3A08"
"18";"000D1880";"食べ物１だ";"Food 1";"000D3A10"
"18";"000D1890";"食べ物２だ";"Food 2";"000D3A18"
"18";"000D18A0";"食べ物３だ";"Food 3";"000D3A20"
"18";"000D18B0";"つめた〜く冷えたビール";"An ice-cold beer.";"000D3A28"
"18";"000D18D0";"あたたかい　しょうゆ味のラーメン";"";"000D3A30"
"18";"000D1900";"チャーシューが２枚多いラーメン";"";"000D3A38"
"18";"000D1920";"串カツ屋の基本　牛肉の串カツ";"";"000D3A40"
"18";"000D1940";"豚肉の串カツ";"";"000D3A48"
"18";"000D1950";"豚バラ肉の串カツ";"";"000D3A50"
"18";"000D1968";"とり肉の串カツ";"";"000D3A58"
"18";"000D1980";"とり肉と長ネギの串カツ";"";"000D3A60"
"18";"000D1998";"砂肝の串カツ";"";"000D3A68"
"18";"000D19B0";"うずらの卵の串カツ";"";"000D3A70"
"18";"000D19D0";"ウインナーの串カツ";"";"000D3A78"
"18";"000D19F0";"タマネギの串カツ";"";"000D3A80"
"18";"000D1A10";"レンコンの串カツ";"";"000D3A88"
"18";"000D1A30";"シイタケの串カツ";"";"000D3A90"
"18";"000D1A50";"ジャガイモの串カツ";"";"000D3A98"
"18";"000D1A68";"イカの串カツ";"";"000D3AA0"
"18";"000D1A78";"タコの串カツ";"";"000D3AA8"
"18";"000D1A90";"キャベツ　食べ放題";"";"000D3AB0"
"18";"000D1AA8";"牛の大腸";"Grilled Offal (beef large intestine).";"000D3AB8"
"18";"000D1AB8";"牛の第１胃袋";"Beef Tripe (first stomach).";"000D3AC0"
"18";"000D1AC8";"牛の第２胃袋";"Honeycomb Tripe (second stomach).";"000D3AC8"
"18";"000D1AD8";"牛の第３胃袋";"Book Tripe (third stomach).";"000D3AD0"
"18";"000D1AE8";"牛の第４胃袋";"Red Tripe (fourth stomach).";"000D3AD8"
"18";"000D1AF8";"牛の横隔膜";"Skirt Steak (beef diaphragm).";"000D3AE0"
"18";"000D1B10";"豚肉の入ったお好み焼き";"Savory pancakes with pork.";"000D3AE8"
"18";"000D1B30";"豚肉と卵が入ったお好み焼き";"Savory pancakes with pork and egg.";"000D3AF0"
"18";"000D1B50";"イカが入ったお好み焼き";"Savory pancakes with squid.";"000D3AF8"
"18";"000D1B70";"イカと卵が入ったお好み焼き";"Savory pancakes with squid and egg.";"000D3B00"
"18";"000D1B90";"たくさんの刻みネギを生地と一緒に焼いたもの";"Savory pancakes with heap of chopped green onions.";"000D3B08"
"18";"000D1BC0";"焼きそばのめんが入ったお好み焼き";"Modern-style savory pancakes with fried noodles.";"000D3B10"
"18";"000D1BF0";"ソース味の焼きそば";"Sauce-flavored fried noodles.";"000D3B18"
"18";"000D1C10";"知らないメーカーのオレンジ味のジュース";"";"000D3B20"
"18";"000D1C40";"霜降り状に脂が乗っているマグロのにぎり";"";"000D3B28"
"18";"000D1C70";"天然物の生の岩牡蠣
身に鼻を近づけると、磯の香りが漂う";"";"000D3B30"
"18";"000D1CB0";"時期外れながらも、脂がしっかり乗っている
ブリのにぎり";"";"000D3B38"
"18";"000D1CF0";"土佐の一本釣りのカツオのにぎり";"";"000D3B40"
"18";"000D1D10";"ネタとシャリの間に大葉をはさんだ
ヒラメの縁側のにぎり";"";"000D3B48"
"18";"000D1D50";"塩をまぶし酢につけ〆た、コハダのにぎり";"";"000D3B50"
"18";"000D1D80";"カワハギの白身に、肝を乗せたにぎり";"";"000D3B58"
"18";"000D1DB0";"塩をまぶし、ニ杯酢で〆たサバのにぎり";"";"000D3B60"
"18";"000D1DE0";"３尾の甘エビの上に、甘エビの卵を添え
海苔で巻いたにぎり";"";"000D3B68"
"18";"000D1E20";"みずみずしいヤリイカのにぎり";"";"000D3B70"
"18";"000D1E40";"ネタが透けてシャリがうっすらと見えるほど
新鮮な水ダコのにぎり";"";"000D3B78"
"18";"000D1E80";"バフンウニの軍艦巻き";"";"000D3B80"
"18";"000D1EA0";"鮭児の卵が乗っている軍艦巻き";"";"000D3B88"
"18";"000D1EC0";"茹でたアナゴにツメを塗り、海苔で巻いてある
にぎり";"";"000D3B90"
"18";"000D1F00";"タラの精巣の上に大根おろしが添えられている
軍艦巻き";"";"000D3B98"
"18";"000D1F40";"ズワイガニの身とミソが乗った軍艦巻き";"";"000D3BA0"
"18";"000D1F70";"マグロの赤身を巻いた巻き物";"";"000D3BA8"
"18";"000D1F90";"ダシと卵を、えの鮨に代々伝わる黄金率で
溶き合わせた卵焼き";"";"000D3BB0"
"18";"000D1FD0";"薄く切って軽く茹で、甘酢につけてある生姜";"";"000D3BB8"
"18";"000D2000";"日本特有の、米を発酵させてつくられた
アルコール飲料";"A unique Japanese rice wine, 
brewed from fermented rice.";"000D3BC0"
"18";"000D2040";"水に無機塩類と炭酸ガスを混和させた飲み物";"";"000D3BC8"
"18";"000D2070";"果実のしぼり汁を発酵させてつくった醸造酒
これはぶどう酒のようだ";"";"000D3BD0"
"18";"000D20B0";"発酵によって生じた炭酸ガスを含んだ白葡萄酒";"";"000D3BD8"
"18";"000D20E0";"肉と野菜を炒めたものに、数種類のスパイスと
小麦粉を混ぜて煮た欧風カレー";"";"000D3BE0"
"18";"000D2130";"牛肉と野菜を炒め、ブラウンソースで煮込んだ
ものを、飯の上にかけた食べ物";"";"000D3BE8"
"18";"000D2180";"トマト系のソースで味付けしたご飯を
薄い卵焼きで包んだ料理";"";"000D3BF0"
"18";"000D21C0";"合挽きに、パン粉やタマネギ、卵などを加えて
小判形に丸めて焼いたもの";"";"000D3BF8"
"18";"000D2210";"車えびの頭を取り衣をつけた揚げ物";"";"000D3C00"
"18";"000D2240";"合挽きに、みじん切りのタマネギなどを加えて
パン粉をまぶして油で揚げた食べ物";"";"000D3C08"
"18";"000D2290";"つぶしたジャガイモに、牛挽肉などをいれて
パン粉をつけて油で揚げた食べ物";"";"000D3C10"
"18";"000D22E0";"牛肉と野菜をブイヨンで煮込み加味した料理";"";"000D3C18"
"18";"000D2310";"家族の外食に丁度良い、低料金のコース料理";"";"000D3C20"
"18";"000D2340";"素材に対して一切の妥協をしていない
値段の張るコース料理";"";"000D3C28"
"18";"000D2380";"シェフのこだわりによって料理が変わる
コース料理";"";"000D3C30"
"18";"000D23B0";"６種類の野菜が入った栄養満点な定食
ただし肉は入っていない";"A nutritious set meal packed with six kinds of vegetables.
Note: no meat included.";"000D3C38"
"18";"000D23F0";"黄身が半熟の目玉焼きの定食
何をかけて食べるかは好みが別れる";"A set meal featuring a sunny-side-up egg with a soft, runny yolk.
What you put on top is a matter of personal taste.";"000D3C40"
"18";"000D2430";"塩をふった鮭を焼いた定食
焼き網の焦げ目が食欲をそそる";"A set meal of salt-seasoned salmon that's been grilled.
The char marks are enough to whet your appetite.";"000D3C48"
"18";"000D2470";"生姜で下味をつけて豚肉を焼いた定食
生姜を焼いた定食ではない";"A set meal of pork marinated with ginger and grilled.
Note: this is not grilled ginger.";"000D3C50"
"18";"000D24B0";"獲れたてのアジを揚げた定食
骨ごと食べられる";"A set meal of freshly caught horse mackerel, deep-fried.
You can eat it bones and all.";"000D3C58"
"18";"000D24E0";"鶏肉をカラッとあげた定食
ちゃんと中まで火が通っている";"A set meal of crispy fried chicken
that's cooked all the way through.";"000D3C60"
"18";"000D2520";"肉や野菜に甘酢のあんをからめた定食
パイナップルを許せるかが好みの分かれ目";"A set meal of meat and vegetables coated in a sweet and
sour sauce. Whether pineapple belongs in it is up to you.";"000D3C68"
"18";"000D2570";"豚のレバーとニラを一緒に炒めた定食
夏バテの人におすすめ";"A set meal of pork liver and garlic chives stir-fried together.
Recommended for anyone suffering from summer fatigue.";"000D3C70"
"18";"000D25B0";"日によってメニューが替わる定食
何を作るかは店のおやじの気分次第";"A set meal whose menu changes depending on the day.
What you get depends entirely on the owner’s mood.";"000D3C78"
"18";"000D25F0";"みつ豆とフルーツのデザート
添えられたさくらんぼが嬉しい";"A dessert of sweet bean jelly and fruit (mitsumame).
The cherry on top is a nice touch.";"000D3C80"
"18";"000D2630";"小豆を煮た汁に餅が入ったデザート
つぶあんと焼き餅を使っている";"A dessert with rice cake (mochi) in boiled red bean soup,
made with chunky red bean paste and grilled rice cakes.";"000D3C88"
"18";"000D2670";"清涼感あふれる和菓子
小豆と抹茶の２つの味が楽しめる";"A refreshing Japanese sweet available in two flavors:
red bean and finely ground green tea powder (matcha).";"000D3C90"
"18";"000D26B0";"甘いタレがかかった串団子
良い香りがする";"Skewered rice dumplings coated in a sweet soy glaze.
The aroma alone is wonderful.";"000D3C98"
"18";"000D26E0";"夏限定のデザート
慌てて食べると頭が痛くなる";"A summer-only Japanese shaved ice dessert.
Eat it too quickly and you’ll get a brain freeze.";"000D3CA0"
"18";"000D2710";"定番のデザート
一番人気はシンプルなバニラ味";"A classic dessert. The most popular flavor is simple vanilla.";"000D3CA8"
"18";"000D2740";"ビール風味の炭酸飲料
焼酎をホッピーで割って飲む　";"A beer-flavored, carbonated drink 
mixed with distilled spirit (shochu).";"000D3CB0"
"18";"000D2780";"様々な原料を発酵させて作るお酒
これは麦焼酎のようだ";"A distilled liquor made by fermenting various
ingredients. This appears to be barley-based.";"000D3CB8"
"18";"000D27C0";"大人の雰囲気漂うお酒";"A sophisticated drink with an adult atmosphere.";"000D3CC0"
"18";"000D27E0";"串に刺した大きなリンゴを、
赤いべっこう飴で包んだ食べ物　";"";"000D3CC8"
"18";"000D2820";"串に刺したヒメリンゴを、
赤いべっこう飴で包んだ食べ物　";"";"000D3CD0"
"18";"000D2860";"串に刺した大きなリンゴを、
緑のべっこう飴で包んだ食べ物　";"";"000D3CD8"
"18";"000D28A0";"串に刺したヒメリンゴを、
緑のべっこう飴で包んだ食べ物　";"";"000D3CE0"
"18";"000D28E0";"赤いイチゴ風味のシロップがかかっている
カキ氷";"";"000D3CE8"
"18";"000D2910";"緑色をしたメロン風味のシロップが
かかっているカキ氷";"";"000D3CF0"
"18";"000D2950";"黄色いレモン風味のシロップがかかっている
カキ氷";"";"000D3CF8"
"18";"000D2980";"青いシロップがかかったカキ氷";"";"000D3D00"
"18";"000D29A0";"その日の朝に搾られた新鮮な牛乳";"";"000D3D08"
"18";"000D29C0";"牛乳に多量の糖分とカフェインを混ぜた飲み物";"";"000D3D10"
"18";"000D29F0";"牛乳に多量の糖分と着色香料を混ぜた飲み物";"";"000D3D18"
"18";"000D2A20";"小豆を煮た汁に餅が入ったデザート
こしあんと白玉を使っている";"A dessert with rice cake in boiled red bean soup. It uses smooth bean paste and rice flour dumplings (shiratama).";"000D3D20"
"18";"000D2A60";"よく冷えたラムネ
もちろんラッパ飲みで飲む";"An ice-cold bottle of Japanese carbonated marble soda.
Best enjoyed drinking straight from the bottle.";"000D3D28"
"18";"000D2A90";"よく冷えたコーラ
もちろんラッパ飲みで飲む";"An ice-cold cola.
Best enjoyed drinking straight from the bottle.";"000D3D30"
"18";"000D2AC0";"こんがり焼いたパン
バターとジャムが添えられている";"";"000D3D38"
"18";"000D2B00";"卵を溶きまぜた牛乳に食パンを浸して
バター焼きにしたもの";"";"000D3D40"
"18";"000D2B40";"牛乳と砂糖がたっぷりとかかっている
コーンフレーク";"";"000D3D48"
"18";"000D2B80";"ハンバーグをパンで挟んだ食べ物
パンの間から肉汁が滴っている";"";"000D3D50"
"18";"000D2BC0";"トーストとスクランブルエッグに
コンソメスープが付いているセット料理";"";"000D3D58"
"18";"000D2C10";"あたたかいコーヒー
苦味の中に、程よい酸味がある";"";"000D3D60"
"18";"000D2C40";"つめたいコーヒー
ミルクとシロップが添えられている";"";"000D3D68"
"18";"000D2C80";"あたたかいセイロンティー
ミルクと砂糖が添えられている";"";"000D3D70"
"18";"000D2CC0";"香りだけでも楽しめるアップルティー
";"";"000D3D78"
"18";"000D2CF0";"季節の野菜の天ぷら盛り合わせのご飯セット
ランチ時のサラリーマンに人気がある";"";"000D3D80"
"18";"000D2D40";"大きなエビが２匹乗っている天丼
サクサクの衣にプリプリのエビが大人気";"";"000D3D88"
"18";"000D2D90";"丼の蓋から飛び出ているくらい大きなエビを
揚げた味、ボリューム共に満点の丼";"";"000D3D90"
"18";"000D2DE0";"甘エビやホタテをかき揚げ、その上から
秘伝のつゆをふんだんにかけた丼";"";"000D3D98"
"18";"000D2E30";"旬の山菜の天ぷらをのせた丼
";"";"000D3DA0"
"18";"000D2E50";"山菜と野菜の天ぷら盛り合わせ";"";"000D3DA8"
"18";"000D2E70";"時期の魚の天ぷら盛り合わせ";"";"000D3DB0"
"18";"000D2E90";"ナス、トマト、ピーマンなどの夏野菜を
揚げた盛り合わせ";"";"000D3DB8"
"18";"000D2ED0";"日替わりの中華ランチセット
デザートには杏仁豆腐がついてくる";"";"000D3DC0"
"18";"000D2F10";"薄餅に北京ダッグの皮、ねぎ、きゅうりを入れ
甜麺醤をつけて包んで食べる高級料理";"";"000D3DC8"
"18";"000D2F60";"車エビのチリソース煮";"";"000D3DD0"
"18";"000D2F78";"フカヒレの姿煮";"";"000D3DD8"
"18";"000D2F88";"アワビの醤油煮";"";"000D3DE0"
"18";"000D2FA0";"キャベツと豚肉の辛し味噌炒め";"";"000D3DE8"
"18";"000D2FC0";"季節の新鮮素材コース";"";"000D3DF0"
"18";"000D2FE0";"総料理長特選コース";"";"000D3DF8"
"18";"000D3000";"点心類と中国茶のセット
（ジャスミン茶・ウーロン茶・プーアル茶）";"";"000D3E00"
"18";"000D3040";"餃子・シュウマイ・春巻きの点心ランチセット";"";"000D3E08"
"18";"000D3070";"豚肉を使った、すき焼き";"";"000D3E10"
"18";"000D3090";"牛肉を使った、すき焼き";"";"000D3E18"
"18";"000D30B0";"鶏肉を使った、すき焼き";"";"000D3E20"
"18";"000D30D0";"特選牛を使った、高級すき焼き";"";"000D3E28"
"18";"000D30F0";"極上牛を使った、最高級のすき焼き";"";"000D3E30"
"18";"000D3120";"たま井特性のすき焼き丼ランチメニュー";"";"000D3E38"
"18";"000D3150";"夏にはやっぱりこれでしょ";"";"000D3E40"
"18";"000D3170";"風味や喉越しもよく、夏バテ防止効果も高い
食物繊維が多く含まれており整腸効果がある";"";"000D3E48"
"18";"000D31D0";"アルコール分解を助け肝臓の負担を和らげる
効果があり、ビールのお供として欠かせない";"";"000D3E50"
"18";"000D3230";"４種類のソーセージを軽くボイルした
盛り合わせ（粒マススタード付き）";"";"000D3E58"
"18";"000D3280";"鶏のから揚げ・フライドポテト・春巻きの
揚げ物盛り合わせ";"";"000D3E60"
"18";"000D32C0";"ねぎま・若鶏・牛タン・レバー・なんこつの
焼き鳥盛り合わせ";"";"000D3E68"
"18";"000D3300";"６種類の野菜が入った栄養満点な定食
ただし肉は入っていない";"A nutritious set meal packed with six kinds of vegetables.
Note: no meat included.";"000D3E70"
"18";"000D3340";"黄身が半熟の目玉焼きの定食
何をかけて食べるかは好みが別れる";"A set meal featuring a sunny-side-up egg with a soft, runny yolk.
What you put on top is a matter of personal taste.";"000D3E78"
"18";"000D3380";"塩をふった鮭を焼いた定食
焼き網の焦げ目が食欲をそそる";"A set meal of salt-seasoned salmon that's been grilled.
The char marks are enough to whet your appetite.";"000D3E80"
"18";"000D33C0";"生姜で下味をつけて豚肉を焼いた定食
生姜を焼いた定食ではない";"A set meal of pork marinated with ginger and grilled.
Note: this is not grilled ginger.";"000D3E88"
"18";"000D3400";"獲れたてのアジを揚げた定食
骨ごと食べられる";"A set meal of freshly caught horse mackerel, deep-fried.
You can eat it bones and all.";"000D3E90"
"18";"000D3430";"鶏肉をカラッとあげた定食
ちゃんと中まで火が通っている";"A set meal of crispy fried chicken
that's cooked all the way through.";"000D3E98"
"18";"000D3470";"肉や野菜に甘酢のあんをからめた定食
パイナップルを許せるかが好みの分かれ目";"A set meal of meat and vegetables coated in a sweet and
sour sauce.
Whether pineapple belongs in it is up to you.";"000D3EA0"
"18";"000D34C0";"豚のレバーとニラを一緒に炒めた定食
夏バテの人におすすめ";"A set meal of pork liver and garlic chives stir-fried together.
Recommended for anyone suffering from summer fatigue.";"000D3EA8"
"18";"000D3500";"日によってメニューが替わる定食
何を作るかは店のおやじの気分次第";"A set meal whose menu changes depending on the day.
What you get depends entirely on the owner’s mood.";"000D3EB0"
"18";"000D3540";"天ぷらを揚げたときに出る衣
";"Crispy batter bits left over from frying tempura.";"000D3EB8"
"19";"000D4CE8";"お食事処１";"Diner 1";"000D4E70"
"19";"000D4CF8";"お食事処２";"Diner 2";"000D4E78"
"19";"000D4D08";"お食事処３";"Diner 3";"000D4E80"
"19";"000D4D18";"屋台ラーメン";"Ramen Stall";"000D4E88"
"19";"000D4D28";"串カツ 串銀";"Kushigin Kushikatsu";"000D4E90"
"19";"000D4D40";"ホルモン焼き 玉ちゃん";"Tama-chan Horumonyaki";"000D4E98"
"19";"000D4D60";"お好み焼き べんてん";"Benten Okonomiyaki";"000D4EA0"
"19";"000D4D78";"八原食堂";"Yahara Diner";"000D4EA8"
"19";"000D4D88";"甘味処 小杉";"Kosugi Sweet Shop";"000D4EB0"
"19";"000D4DA0";"スナック めぐみ";"Snack Bar Megumi";"000D4EB8"
"19";"000D4DB0";"えの鮨";"Eno Sushi";"000D4EC0"
"19";"000D4DB8";"キッチン たま";"Kitchen Tama";"000D4EC8"
"19";"000D4DC8";"キッチン たま";"Kitchen Tama";"000D4ED0"
"19";"000D4DD8";"キッチン たま";"Kitchen Tama";"000D4ED8"
"19";"000D4DE8";"海の湯　番台";"Sea Bath Reception";"000D4EE0"
"19";"000D4DF8";"リンゴ飴";"Candy Apple";"000D4EE8"
"19";"000D4E08";"カキ氷";"Shaved Ice";"000D4EF0"
"19";"000D4E10";"メリー牛乳 配達員";"Merry Milkman";"000D4EF8"
"19";"000D4E28";"竜玉楼";"Jade Dragon Pavilion";"000D4F00"
"19";"000D4E30";"とび天";"Flying Fish Tempura";"000D4F08"
"19";"000D4E38";"たま井";"Jade Well";"000D4F10"
"19";"000D4E40";"ビアホール";"Beer Hall";"000D4F18"
"19";"000D4E50";"クラブ女豹";"Club Leopardess";"000D4F20"
"19";"000D4E60";"ウミネコ茶屋";"Sea Cat Teahouse";"000D4F28"
"20";"000DCFA6";"名へ";"First";"000D62E8"
"20";"000DCFAB";"姓へ";"Last";"000D62EC"
"20";"000DCFB0";"終了";"End";"000D62F0"
"21";"000DA250";"あれから一年";"One Year Later";""
"21";"000DA25D";"銀玉連続殺人事件";"The Silver Ball Serial Murder";""
"21";"000DA26E";"パチンコ店員誘拐";"The Kidnapped Pachinko Parlor Clerk";""
"21";"000DA27F";"工事現場殺人事件";"The Construction Site Homicide";""
"21";"000DA290";"美人ホステス殺害";"The Murder of a Beautiful Hostess";""
"21";"000DA2A1";"公園に首吊り死体";"The Hanging Corpse Found in the Park";""
"21";"000DA2B2";"パチパラ殺人事件";"The PachiPara Murder Case";""
"21";"000DA2C3";"%3d日目";"Day %3d";""
"21";"000DA2D0";"腹具合";"Stomach Condition";""
"21";"000DA2D7";"総出玉数";"Total Payouts";""
"21";"000DA2E0";"大当たり回数";"Jackpot Count";""
"21";"000DA2ED";"移動距離";"Distance Walked";""
"21";"000DA2F6";"エンゲル係数";"Engel Coefficient";""
"21";"000DA303";"必殺技１";"Special Move 1";""
"21";"000DA30C";"必殺技２";"Special Move 2";""
"21";"000DA315";"短";"Short";""
"21";"000DA318";"中";"Medium";""
"21";"000DA31B";"長";"Long";""
"21";"000DA31E";"セットする";"Equip";""
"21";"000DA329";"やめておく";"Skip";""
"21";"000DA334";"はずす";"Remove";""
"21";"000DA33B";"「%s」をはずしますか？";"Do you want to remove ""%s""?";""
"21";"000DA352";"「%s」をセットしますか？";"Do you want to set ""%s""?";""
"21";"000DA36B";"%-24s%2d";"%-24s%2d";""
"21";"000DA374";"%s %2d　%s %s";"%s %2d %s %s";""
"21";"000DA382";"−";"-";""
"21";"000DA385";"%s −　%s −";"%s - %s -";""
"21";"000DA392";"%s";"%s";""
"21";"000DA395";"%10d 発";"%10d Trips";""
"21";"000DA39D";"%10d 回";"%10d Times";""
"21";"000DA3A5";"%7.2f Km";"%7.2f km";""
"21";"000DA3AE";"%7.1f ％";"%7.1f %";""
"21";"000DA3B7";"セット可能な必殺技がありません";"No special moves available to equip.";""
"21";"000DA3D6";"既に必殺技２にセット済みです";"Already set to Special Move 2.";""
"21";"000DA3F3";"既に必殺技１にセット済みです";"Already set to Special Move 1.";""
"21";"000DA410";"セットしたい必殺技を選んでください";"Select a special move to equip.";""
"21";"000DA441";" 未解決 ";"Unsolved";""
"21";"000DA44A";"推理完了";"Deduction Complete";""
"21";"000DA453";"事件解決";"Case Closed";""
"21";"000DA45C";"概要を見る";"View Summary";""
"21";"000DA467";"推理する";"Deduce";""
"21";"000DA470";"推理をやり直す";"Restart Deduction";""
"21";"000DA47F";"　発端　";"Premise";""
"21";"000DA488";"　解決　";"Resolution";""
"21";"000DA491";"関係人物";"People Involved";""
"21";"000DA49A";"
";"
";""
"21";"000DA49C";"＃%-2d";"#%-2d";""
"21";"000DA4A3";"%s";"%s";""
"21";"000DA4A6";"＜＃%-2d　%sの概要＞";"<#%-2d Overview of %s>";""
"21";"000DA4BB";"%d／%d ページ";"%d / %d Page";""
"22";"000DAA50";"貯玉";"Stored Balls";""
"22";"000DAA55";"%10d 玉";"%10d balls";""
"22";"000DAA5D";"%s　%s";"%s %s";""
"23";"000DAB50";"種類順";"Sort by Type";""
"23";"000DAB57";"価格順";"Sort by Price";""
"23";"000DAB5E";"やめておく";"Stop";""
"23";"000DAB69";"持ち物の並び替え";"Rearrange Inventory";""
"23";"000DAB7A";"%d 玉";"%d balls";""
"23";"000DAB80";"購入しますか";"Do you want to purchase?";""
"23";"000DAB8D";"売却しますか";"Do you want to sell?";""
"23";"000DAB9A";"はい";"Yes";""
"23";"000DAB9F";"いいえ";"No";""
"23";"000DABA6";"%s";"%s";""
"23";"000DABA9";"%d玉";"%d items";""
"23";"000DABAE";"質請け可能なアイテムがありません";"There are no items to redeem.";""
"23";"000DABCF";"質入可能なアイテムがありません";"There are no items to pawn.";""
"24";"000DAC20";"%d 玉";"%d Balls";""
"24";"000DAC26";"%s";"%s";""
"24";"000DAC29";"%d玉";"%d Balls";""
"25";"000DAC70";"%d 玉";"%d Balls";""
"25";"000DAC76";"%s";"%s";""
"25";"000DAC79";"%d玉";"%d Balls";""
"26";"000DAD70";"あいうえお";"";""
"26";"000DAD7B";"かきくけこ";"";""
"26";"000DAD86";"さしすせそ";"";""
"26";"000DAD91";"たちつてと";"";""
"26";"000DAD9C";"なにぬねの";"";""
"26";"000DADA7";"はひふへほ";"";""
"26";"000DADB2";"まみむめも";"";""
"26";"000DADBD";"やゐゆゑよ";"";""
"26";"000DADC8";"らりるれろ";"";""
"26";"000DADD3";"わをんＡ記";"";""
"26";"000DADDE";"あぁアァ　　　　　　　";"";""
"26";"000DADF5";"亜唖娃阿哀愛挨姶逢葵　";"";""
"26";"000DAE0C";"茜穐悪握渥旭葦芦鯵梓　";"";""
"26";"000DAE23";"圧斡扱宛姐虻飴絢綾鮎　";"";""
"26";"000DAE3A";"或粟袷安庵按暗案闇鞍　";"";""
"26";"000DAE51";"杏　　　　　　　　　　";"";""
"26";"000DAE68";"　　　　　　　　　　　";"";""
"26";"000DAE7F";"いぃイィ　　　　　　　";"";""
"26";"000DAE96";"以伊位依偉囲夷委威尉　";"";""
"26";"000DAEAD";"惟意慰易椅為畏異移維　";"";""
"26";"000DAEC4";"緯胃萎衣謂違遺医井亥　";"";""
"26";"000DAEDB";"域育郁磯一壱溢逸稲茨　";"";""
"26";"000DAEF2";"芋鰯允印咽員因姻引飲　";"";""
"26";"000DAF09";"淫胤蔭院陰隠韻吋　　　";"";""
"26";"000DAF20";"うぅウゥヴ　　　　　　";"";""
"26";"000DAF37";"右宇烏羽迂雨卯鵜窺丑　";"";""
"26";"000DAF4E";"碓臼渦嘘唄欝蔚鰻姥厩　";"";""
"26";"000DAF65";"浦瓜閏噂云運雲　　　　";"";""
"26";"000DAF7C";"えぇエェ　　　　　　　";"";""
"26";"000DAF93";"荏餌叡営嬰影映曳栄永　";"";""
"26";"000DAFAA";"泳洩瑛盈穎頴英衛詠鋭　";"";""
"26";"000DAFC1";"液疫益駅悦謁越閲榎厭　";"";""
"26";"000DAFD8";"円園堰奄宴延怨掩援沿　";"";""
"26";"000DAFEF";"演炎焔煙燕猿縁艶苑薗　";"";""
"26";"000DB006";"遠鉛鴛塩　　　　　　　";"";""
"26";"000DB01D";"おぉオォ　　　　　　　";"";""
"26";"000DB034";"於汚甥凹央奥往応押旺　";"";""
"26";"000DB04B";"横欧殴王翁襖鴬鴎黄岡　";"";""
"26";"000DB062";"沖荻億屋憶臆桶牡乙俺　";"";""
"26";"000DB079";"卸恩温穏音　　　　　　";"";""
"26";"000DB090";"かがカガ　　　　　　　";"";""
"26";"000DB0A7";"下化仮何伽価佳加可嘉　";"";""
"26";"000DB0BE";"夏嫁家寡科暇果架歌河　";"";""
"26";"000DB0D5";"火珂禍禾稼箇花苛茄荷　";"";""
"26";"000DB0EC";"華菓蝦課嘩貨迦過霞蚊　";"";""
"26";"000DB103";"俄峨我牙画臥芽蛾賀雅　";"";""
"26";"000DB11A";"餓駕介会解回塊壊廻快　";"";""
"26";"000DB131";"怪悔恢懐戒拐改魁晦械　";"";""
"26";"000DB148";"海灰界皆絵芥蟹開階貝　";"";""
"26";"000DB15F";"凱劾外咳害崖慨概涯碍　";"";""
"26";"000DB176";"蓋街該鎧骸浬馨蛙垣柿　";"";""
"26";"000DB18D";"蛎鈎劃嚇各廓拡撹格核　";"";""
"26";"000DB1A4";"殻獲確穫覚角赫較郭閣　";"";""
"26";"000DB1BB";"隔革学岳楽額顎掛笠樫　";"";""
"26";"000DB1D2";"橿梶鰍潟割喝恰括活渇　";"";""
"26";"000DB1E9";"滑葛褐轄且鰹叶椛樺鞄　";"";""
"26";"000DB200";"株兜竃蒲釜鎌噛鴨栢茅　";"";""
"26";"000DB217";"萱粥刈苅瓦乾侃冠寒刊　";"";""
"26";"000DB22E";"勘勧巻喚堪姦完官寛干　";"";""
"26";"000DB245";"幹患感慣憾換敢柑桓棺　";"";""
"26";"000DB25C";"款歓汗漢澗潅環甘監看　";"";""
"26";"000DB273";"竿管簡緩缶翰肝艦莞観　";"";""
"26";"000DB28A";"諌貫還鑑間閑関陥韓館　";"";""
"26";"000DB2A1";"舘丸含岸巌玩癌眼岩翫　";"";""
"26";"000DB2B8";"贋雁頑顔願　　　　　　";"";""
"26";"000DB2CF";"きぎキギ　　　　　　　";"";""
"26";"000DB2E6";"企伎危喜器基奇嬉寄岐　";"";""
"26";"000DB2FD";"希幾忌揮机旗既期棋棄　";"";""
"26";"000DB314";"機帰毅気汽畿祈季稀紀　";"";""
"26";"000DB32B";"徽規記貴起軌輝飢騎鬼　";"";""
"26";"000DB342";"亀偽儀妓宜戯技擬欺犠　";"";""
"26";"000DB359";"疑祇義蟻誼議掬菊鞠吉　";"";""
"26";"000DB370";"吃喫桔橘詰砧杵黍却客　";"";""
"26";"000DB387";"脚虐逆丘久仇休及吸宮　";"";""
"26";"000DB39E";"弓急救朽求汲泣灸球究　";"";""
"26";"000DB3B5";"窮笈級糾給旧牛去居巨　";"";""
"26";"000DB3CC";"拒拠挙渠虚許距鋸漁禦　";"";""
"26";"000DB3E3";"魚亨享京供侠僑兇競共　";"";""
"26";"000DB3FA";"凶協匡卿叫喬境峡強彊　";"";""
"26";"000DB411";"怯恐恭挟教橋況狂狭矯　";"";""
"26";"000DB428";"胸脅興蕎郷鏡響饗驚仰　";"";""
"26";"000DB43F";"凝尭暁業局曲極玉桐粁　";"";""
"26";"000DB456";"僅勤均巾錦斤欣欽琴禁　";"";""
"26";"000DB46D";"禽筋緊芹菌衿襟謹近金　";"";""
"26";"000DB484";"吟銀　　　　　　　　　";"";""
"26";"000DB49B";"くぐクグ　　　　　　　";"";""
"26";"000DB4B2";"九倶句区狗玖矩苦躯駆　";"";""
"26";"000DB4C9";"駈駒具愚虞喰空偶寓遇　";"";""
"26";"000DB4E0";"隅串櫛釧屑屈掘窟沓靴　";"";""
"26";"000DB4F7";"轡窪熊隈粂栗繰桑鍬勲　";"";""
"26";"000DB50E";"君薫訓群軍郡　　　　　";"";""
"26";"000DB525";"けげケゲ　　　　　　　";"";""
"26";"000DB53C";"卦袈祁係傾刑兄啓圭珪　";"";""
"26";"000DB553";"型契形径恵慶慧憩掲携　";"";""
"26";"000DB56A";"敬景桂渓畦稽系経継繋　";"";""
"26";"000DB581";"罫茎荊蛍計詣警軽頚鶏　";"";""
"26";"000DB598";"芸迎鯨劇戟撃激隙桁傑　";"";""
"26";"000DB5AF";"欠決潔穴結血訣月件倹　";"";""
"26";"000DB5C6";"倦健兼券剣喧圏堅嫌建　";"";""
"26";"000DB5DD";"憲懸拳捲検権牽犬献研　";"";""
"26";"000DB5F4";"硯絹県肩見謙賢軒遣鍵　";"";""
"26";"000DB60B";"険顕験鹸元原厳幻弦減　";"";""
"26";"000DB622";"源玄現絃舷言諺限　　　";"";""
"26";"000DB639";"こごコゴ　　　　　　　";"";""
"26";"000DB650";"乎個古呼固姑孤己庫弧　";"";""
"26";"000DB667";"戸故枯湖狐糊袴股胡菰　";"";""
"26";"000DB67E";"虎誇跨鈷雇顧鼓五互伍　";"";""
"26";"000DB695";"午呉吾娯後御悟梧檎瑚　";"";""
"26";"000DB6AC";"碁語誤護醐乞鯉交佼侯　";"";""
"26";"000DB6C3";"候倖光公功効勾厚口向　";"";""
"26";"000DB6DA";"后喉坑垢好孔孝宏工巧　";"";""
"26";"000DB6F1";"巷幸広庚康弘恒慌抗拘　";"";""
"26";"000DB708";"控攻昂晃更杭校梗構江　";"";""
"26";"000DB71F";"洪浩港溝甲皇硬稿糠紅　";"";""
"26";"000DB736";"紘絞綱耕考肯肱腔膏航　";"";""
"26";"000DB74D";"荒行衡講貢購郊酵鉱砿　";"";""
"26";"000DB764";"鋼閤降項香高鴻剛劫号　";"";""
"26";"000DB77B";"合壕拷濠豪轟麹克刻告　";"";""
"26";"000DB792";"国穀酷鵠黒獄漉腰甑忽　";"";""
"26";"000DB7A9";"惚骨狛込此頃今困坤墾　";"";""
"26";"000DB7C0";"婚恨懇昏昆根梱混痕紺　";"";""
"26";"000DB7D7";"艮魂　　　　　　　　　";"";""
"26";"000DB7EE";"さざサザ　　　　　　　";"";""
"26";"000DB805";"些佐叉唆嵯左差査沙瑳　";"";""
"26";"000DB81C";"砂詐鎖裟坐座挫債催再　";"";""
"26";"000DB833";"最哉塞妻宰彩才採栽歳　";"";""
"26";"000DB84A";"済災采犀砕砦祭斎細菜　";"";""
"26";"000DB861";"裁載際剤在材罪財冴坂　";"";""
"26";"000DB878";"阪堺榊肴咲崎埼碕鷺作　";"";""
"26";"000DB88F";"削咋搾昨朔柵窄策索錯　";"";""
"26";"000DB8A6";"桜鮭笹匙冊刷察拶撮擦　";"";""
"26";"000DB8BD";"札殺薩雑皐鯖捌錆鮫皿　";"";""
"26";"000DB8D4";"晒三傘参山惨撒散桟燦　";"";""
"26";"000DB8EB";"珊産算纂蚕讃賛酸餐斬　";"";""
"26";"000DB902";"暫残　　　　　　　　　";"";""
"26";"000DB919";"しじシジ　　　　　　　";"";""
"26";"000DB930";"仕仔伺使刺司史嗣四士　";"";""
"26";"000DB947";"始姉姿子屍市師志思指　";"";""
"26";"000DB95E";"支孜斯施旨枝止死氏獅　";"";""
"26";"000DB975";"祉私糸紙紫肢脂至視詞　";"";""
"26";"000DB98C";"詩試誌諮資賜雌飼歯事　";"";""
"26";"000DB9A3";"似侍児字寺慈持時次滋　";"";""
"26";"000DB9BA";"治爾璽痔磁示而耳自蒔　";"";""
"26";"000DB9D1";"辞汐鹿式識鴫竺軸宍雫　";"";""
"26";"000DB9E8";"七叱執失嫉室悉湿漆疾　";"";""
"26";"000DB9FF";"質実蔀篠偲柴芝屡蕊縞　";"";""
"26";"000DBA16";"舎写射捨赦斜煮社紗者　";"";""
"26";"000DBA2D";"謝車遮蛇邪借勺尺杓灼　";"";""
"26";"000DBA44";"爵酌釈錫若寂弱惹主取　";"";""
"26";"000DBA5B";"守手朱殊狩珠種腫趣酒　";"";""
"26";"000DBA72";"首儒受呪寿授樹綬需囚　";"";""
"26";"000DBA89";"収周宗就州修愁拾洲秀　";"";""
"26";"000DBAA0";"秋終繍習臭舟蒐衆襲讐　";"";""
"26";"000DBAB7";"蹴輯週酋酬集醜什住充　";"";""
"26";"000DBACE";"十従戎柔汁渋獣縦重銃　";"";""
"26";"000DBAE5";"叔夙宿淑祝縮粛塾熟出　";"";""
"26";"000DBAFC";"術述俊峻春瞬竣舜駿准　";"";""
"26";"000DBB13";"循旬楯殉淳準潤盾純巡　";"";""
"26";"000DBB2A";"遵醇順処初所暑曙渚庶　";"";""
"26";"000DBB41";"緒署書薯藷諸助叙女序　";"";""
"26";"000DBB58";"徐恕鋤除傷償勝匠升召　";"";""
"26";"000DBB6F";"哨商唱嘗奨妾娼宵将小　";"";""
"26";"000DBB86";"少尚庄床廠彰承抄招掌　";"";""
"26";"000DBB9D";"捷昇昌昭晶松梢樟樵沼　";"";""
"26";"000DBBB4";"消渉湘焼焦照症省硝礁　";"";""
"26";"000DBBCB";"祥称章笑粧紹肖菖蒋蕉　";"";""
"26";"000DBBE2";"衝裳訟証詔詳象賞醤鉦　";"";""
"26";"000DBBF9";"鍾鐘障鞘上丈丞乗冗剰　";"";""
"26";"000DBC10";"城場壌嬢常情擾条杖浄　";"";""
"26";"000DBC27";"状畳穣蒸譲醸錠嘱埴飾　";"";""
"26";"000DBC3E";"拭植殖燭織職色触食蝕　";"";""
"26";"000DBC55";"辱尻伸信侵唇娠寝審心　";"";""
"26";"000DBC6C";"慎振新晋森榛浸深申疹　";"";""
"26";"000DBC83";"真神秦紳臣芯薪親診身　";"";""
"26";"000DBC9A";"辛進針震人仁刃塵壬尋　";"";""
"26";"000DBCB1";"甚尽腎訊迅陣靭　　　　";"";""
"26";"000DBCC8";"すずスズ　　　　　　　";"";""
"26";"000DBCDF";"笥諏須酢図厨逗吹垂帥　";"";""
"26";"000DBCF6";"推水炊睡粋翠衰遂酔錐　";"";""
"26";"000DBD0D";"錘随瑞髄崇嵩数枢趨雛　";"";""
"26";"000DBD24";"据杉椙菅頗雀裾澄摺寸　";"";""
"26";"000DBD3B";"せぜセゼ　　　　　　　";"";""
"26";"000DBD52";"世瀬畝是凄制勢姓征性　";"";""
"26";"000DBD69";"成政整星晴棲栖正清牲　";"";""
"26";"000DBD80";"生盛精聖声製西誠誓請　";"";""
"26";"000DBD97";"逝醒青静斉税脆隻席惜　";"";""
"26";"000DBDAE";"戚斥昔析石積籍績脊責　";"";""
"26";"000DBDC5";"赤跡蹟碩切拙接摂折設　";"";""
"26";"000DBDDC";"窃節説雪絶舌蝉仙先千　";"";""
"26";"000DBDF3";"占宣専尖川戦扇撰栓栴　";"";""
"26";"000DBE0A";"泉浅洗染潜煎煽旋穿箭　";"";""
"26";"000DBE21";"線繊羨腺舛船薦詮賎践　";"";""
"26";"000DBE38";"選遷銭銑閃鮮前善漸然　";"";""
"26";"000DBE4F";"全禅繕膳糎　　　　　　";"";""
"26";"000DBE66";"そぞソゾ　　　　　　　";"";""
"26";"000DBE7D";"噌塑岨措曾曽楚狙疏疎　";"";""
"26";"000DBE94";"礎祖租粗素組蘇訴阻遡　";"";""
"26";"000DBEAB";"鼠僧創双叢倉喪壮奏爽　";"";""
"26";"000DBEC2";"宋層匝惣想捜掃挿掻操　";"";""
"26";"000DBED9";"早曹巣槍槽漕燥争痩相　";"";""
"26";"000DBEF0";"窓糟総綜聡草荘葬蒼藻　";"";""
"26";"000DBF07";"装走送遭鎗霜騒像増憎　";"";""
"26";"000DBF1E";"臓蔵贈造促側則即息捉　";"";""
"26";"000DBF35";"束測足速俗属賊族続卒　";"";""
"26";"000DBF4C";"袖其揃存孫尊損村遜　　";"";""
"26";"000DBF63";"ただタダ　　　　　　　";"";""
"26";"000DBF7A";"他多太汰詑唾堕妥惰打　";"";""
"26";"000DBF91";"柁舵楕陀駄騨体堆対耐　";"";""
"26";"000DBFA8";"岱帯待怠態戴替泰滞胎　";"";""
"26";"000DBFBF";"腿苔袋貸退逮隊黛鯛代　";"";""
"26";"000DBFD6";"台大第醍題鷹滝瀧卓啄　";"";""
"26";"000DBFED";"宅托択拓沢濯琢託鐸濁　";"";""
"26";"000DC004";"諾茸凧蛸只叩但達辰奪　";"";""
"26";"000DC01B";"脱巽竪辿棚谷狸鱈樽誰　";"";""
"26";"000DC032";"丹単嘆坦担探旦歎淡湛　";"";""
"26";"000DC049";"炭短端箪綻耽胆蛋誕鍛　";"";""
"26";"000DC060";"団壇弾断暖檀段男談　　";"";""
"26";"000DC077";"ちぢチヂ　　　　　　　";"";""
"26";"000DC08E";"値知地弛恥智池痴稚置　";"";""
"26";"000DC0A5";"致蜘遅馳築畜竹筑蓄逐　";"";""
"26";"000DC0BC";"秩窒茶嫡着中仲宙忠抽　";"";""
"26";"000DC0D3";"昼柱注虫衷註酎鋳駐樗　";"";""
"26";"000DC0EA";"瀦猪苧著貯丁兆凋喋寵　";"";""
"26";"000DC101";"帖帳庁弔張彫徴懲挑暢　";"";""
"26";"000DC118";"朝潮牒町眺聴脹腸蝶調　";"";""
"26";"000DC12F";"諜超跳銚長頂鳥勅捗直　";"";""
"26";"000DC146";"朕沈珍賃鎮陳　　　　　";"";""
"26";"000DC15D";"つづっツヅッ　　　　　";"";""
"26";"000DC174";"津墜椎槌追鎚痛通塚栂　";"";""
"26";"000DC18B";"掴槻佃漬柘辻蔦綴鍔椿　";"";""
"26";"000DC1A2";"潰坪壷嬬紬爪吊釣鶴　　";"";""
"26";"000DC1B9";"てでテデ　　　　　　　";"";""
"26";"000DC1D0";"亭低停偵剃貞呈堤定帝　";"";""
"26";"000DC1E7";"底庭廷弟悌抵挺提梯汀　";"";""
"26";"000DC1FE";"碇禎程締艇訂諦蹄逓邸　";"";""
"26";"000DC215";"鄭釘鼎泥摘擢敵滴的笛　";"";""
"26";"000DC22C";"適鏑溺哲徹撤轍迭鉄典　";"";""
"26";"000DC243";"填天展店添纏甜貼転顛　";"";""
"26";"000DC25A";"点伝殿澱田電　　　　　";"";""
"26";"000DC271";"とどトド　　　　　　　";"";""
"26";"000DC288";"兎吐堵塗妬屠徒斗杜渡　";"";""
"26";"000DC29F";"登菟賭途都鍍砥砺努度　";"";""
"26";"000DC2B6";"土奴怒倒党冬凍刀唐塔　";"";""
"26";"000DC2CD";"塘套宕島嶋悼投搭東桃　";"";""
"26";"000DC2E4";"梼棟盗淘湯涛灯燈当痘　";"";""
"26";"000DC2FB";"祷等答筒糖統到董蕩藤　";"";""
"26";"000DC312";"討謄豆踏逃透鐙陶頭騰　";"";""
"26";"000DC329";"闘働動同堂導憧撞洞瞳　";"";""
"26";"000DC340";"童胴萄道銅峠鴇匿得徳　";"";""
"26";"000DC357";"涜特督禿篤毒独読栃橡　";"";""
"26";"000DC36E";"凸突椴届鳶苫寅酉瀞噸　";"";""
"26";"000DC385";"屯惇敦沌豚遁頓呑曇鈍　";"";""
"26";"000DC39C";"なナ　　　　　　　　　";"";""
"26";"000DC3B3";"奈那内乍凪薙謎灘捺鍋　";"";""
"26";"000DC3CA";"楢馴縄畷南楠軟難汝　　";"";""
"26";"000DC3E1";"にニ　　　　　　　　　";"";""
"26";"000DC3F8";"二尼弐迩匂賑肉虹廿日　";"";""
"26";"000DC40F";"乳入如尿韮任妊忍認　　";"";""
"26";"000DC426";"ぬヌ　　　　　　　　　";"";""
"26";"000DC43D";"濡　　　　　　　　　　";"";""
"26";"000DC454";"ねネ　　　　　　　　　";"";""
"26";"000DC46B";"禰祢寧葱猫熱年念捻撚　";"";""
"26";"000DC482";"燃粘　　　　　　　　　";"";""
"26";"000DC499";"のノ　　　　　　　　　";"";""
"26";"000DC4B0";"乃廼之埜嚢悩濃納能脳　";"";""
"26";"000DC4C7";"膿農覗蚤　　　　　　　";"";""
"26";"000DC4DE";"はばぱハバパ　　　　　";"";""
"26";"000DC4F5";"巴把播覇杷波派琶破婆　";"";""
"26";"000DC50C";"罵芭馬俳廃拝排敗杯盃　";"";""
"26";"000DC523";"牌背肺輩配倍培媒梅楳　";"";""
"26";"000DC53A";"煤狽買売賠陪這蝿秤矧　";"";""
"26";"000DC551";"萩伯剥博拍柏泊白箔粕　";"";""
"26";"000DC568";"舶薄迫曝漠爆縛莫駁麦　";"";""
"26";"000DC57F";"函箱硲箸肇筈櫨幡肌畑　";"";""
"26";"000DC596";"畠八鉢溌発醗髪伐罰抜　";"";""
"26";"000DC5AD";"筏閥鳩噺塙蛤隼伴判半　";"";""
"26";"000DC5C4";"反叛帆搬斑板氾汎版犯　";"";""
"26";"000DC5DB";"班畔繁般藩販範釆煩頒　";"";""
"26";"000DC5F2";"飯挽晩番盤磐蕃蛮　　　";"";""
"26";"000DC609";"ひびぴヒビピ　　　　　";"";""
"26";"000DC620";"匪卑否妃庇彼悲扉批披　";"";""
"26";"000DC637";"斐比泌疲皮碑秘緋罷肥　";"";""
"26";"000DC64E";"被誹費避非飛樋簸備尾　";"";""
"26";"000DC665";"微枇毘琵眉美鼻柊稗匹　";"";""
"26";"000DC67C";"疋髭彦膝菱肘弼必畢筆　";"";""
"26";"000DC693";"逼桧姫媛紐百謬俵彪標　";"";""
"26";"000DC6AA";"氷漂瓢票表評豹廟描病　";"";""
"26";"000DC6C1";"秒苗錨鋲蒜蛭鰭品彬斌　";"";""
"26";"000DC6D8";"浜瀕貧賓頻敏瓶　　　　";"";""
"26";"000DC6EF";"ふぶぷフブプ　　　　　";"";""
"26";"000DC706";"不付埠夫婦富冨布府　　";"";""
"26";"000DC71D";"怖扶敷斧普浮父符腐　　";"";""
"26";"000DC734";"膚芙譜負賦赴阜附侮　　";"";""
"26";"000DC74B";"撫武舞葡蕪部封楓風　　";"";""
"26";"000DC762";"葺蕗伏副復幅服福腹　　";"";""
"26";"000DC779";"複覆淵弗払沸仏物鮒　　";"";""
"26";"000DC790";"分吻噴墳憤扮焚奮粉　　";"";""
"26";"000DC7A7";"糞紛雰文聞　　　　　　";"";""
"26";"000DC7BE";"へべぺヘベペ　　　　　";"";""
"26";"000DC7D5";"丙併兵塀幣平弊柄並蔽　";"";""
"26";"000DC7EC";"閉陛米頁僻壁癖碧別瞥　";"";""
"26";"000DC803";"蔑箆偏変片篇編辺返遍　";"";""
"26";"000DC81A";"便勉娩弁鞭　　　　　　";"";""
"26";"000DC831";"ほぼぽホボポ　　　　　";"";""
"26";"000DC848";"保舗鋪圃捕歩甫補輔穂　";"";""
"26";"000DC85F";"募墓慕戊暮母簿菩倣俸　";"";""
"26";"000DC876";"包呆報奉宝峰峯崩庖抱　";"";""
"26";"000DC88D";"捧放方朋法泡烹砲縫胞　";"";""
"26";"000DC8A4";"芳萌蓬蜂褒訪豊邦鋒飽　";"";""
"26";"000DC8BB";"鳳鵬乏亡傍剖坊妨帽忘　";"";""
"26";"000DC8D2";"忙房暴望某棒冒紡肪膨　";"";""
"26";"000DC8E9";"謀貌貿鉾防吠頬北僕卜　";"";""
"26";"000DC900";"墨撲朴牧睦穆釦勃没殆　";"";""
"26";"000DC917";"堀幌奔本翻凡盆　　　　";"";""
"26";"000DC92E";"まマ　　　　　　　　　";"";""
"26";"000DC945";"摩磨魔麻埋妹昧枚毎哩　";"";""
"26";"000DC95C";"槙幕膜枕鮪柾鱒桝亦俣　";"";""
"26";"000DC973";"又抹末沫迄侭繭麿万慢　";"";""
"26";"000DC98A";"満漫蔓　　　　　　　　";"";""
"26";"000DC9A1";"みミ　　　　　　　　　";"";""
"26";"000DC9B8";"味未魅巳箕岬密蜜湊蓑　";"";""
"26";"000DC9CF";"稔脈妙粍民眠　　　　　";"";""
"26";"000DC9E6";"むム　　　　　　　　　";"";""
"26";"000DC9FD";"務夢無牟矛霧鵡椋婿娘　";"";""
"26";"000DCA14";"めメ　　　　　　　　　";"";""
"26";"000DCA2B";"冥名命明盟迷銘鳴姪牝　";"";""
"26";"000DCA42";"滅免棉綿緬面麺　　　　";"";""
"26";"000DCA59";"もモ　　　　　　　　　";"";""
"26";"000DCA70";"摸模茂妄孟毛猛盲網耗　";"";""
"26";"000DCA87";"蒙儲木黙目杢勿餅尤戻　";"";""
"26";"000DCA9E";"籾貰問悶紋門匁　　　　";"";""
"26";"000DCAB5";"やゃヤャ　　　　　　　";"";""
"26";"000DCACC";"也冶夜爺耶野弥矢厄役　";"";""
"26";"000DCAE3";"約薬訳躍靖柳薮鑓　　　";"";""
"26";"000DCAFA";"ゐヰ　　　　　　　　　";"";""
"26";"000DCB11";"ゆゅユュ　　　　　　　";"";""
"26";"000DCB28";"愉愈油癒諭輸唯佑優勇　";"";""
"26";"000DCB3F";"友宥幽悠憂揖有柚湧涌　";"";""
"26";"000DCB56";"猶猷由祐裕誘遊邑郵雄　";"";""
"26";"000DCB6D";"融夕　　　　　　　　　";"";""
"26";"000DCB84";"ゑヱ　　　　　　　　　";"";""
"26";"000DCB9B";"よょヨョ　　　　　　　";"";""
"26";"000DCBB2";"予余与誉輿預傭幼妖容　";"";""
"26";"000DCBC9";"庸揚揺擁曜楊様洋溶熔　";"";""
"26";"000DCBE0";"用窯羊耀葉蓉要謡踊遥　";"";""
"26";"000DCBF7";"陽養慾抑欲沃浴翌翼淀　";"";""
"26";"000DCC0E";"らラ　　　　　　　　　";"";""
"26";"000DCC25";"羅螺裸来莱頼雷洛絡落　";"";""
"26";"000DCC3C";"酪乱卵嵐欄濫藍蘭覧　　";"";""
"26";"000DCC53";"りリ　　　　　　　　　";"";""
"26";"000DCC6A";"利吏履李梨理璃痢裏裡　";"";""
"26";"000DCC81";"里離陸律率立葎掠略劉　";"";""
"26";"000DCC98";"流溜琉留硫粒隆竜龍侶　";"";""
"26";"000DCCAF";"慮旅虜了亮僚両凌寮料　";"";""
"26";"000DCCC6";"梁涼猟療瞭稜糧良諒遼　";"";""
"26";"000DCCDD";"量陵領力緑倫厘林淋燐　";"";""
"26";"000DCCF4";"琳臨輪隣鱗麟　　　　　";"";""
"26";"000DCD0B";"るル　　　　　　　　　";"";""
"26";"000DCD22";"瑠塁涙累類　　　　　　";"";""
"26";"000DCD39";"れレ　　　　　　　　　";"";""
"26";"000DCD50";"令伶例冷励嶺怜玲礼苓　";"";""
"26";"000DCD67";"鈴隷零霊麗齢暦歴列劣　";"";""
"26";"000DCD7E";"烈裂廉恋憐漣煉簾練聯　";"";""
"26";"000DCD95";"蓮連錬　　　　　　　　";"";""
"26";"000DCDAC";"ろロ　　　　　　　　　";"";""
"26";"000DCDC3";"呂魯櫓炉賂路露労婁廊　";"";""
"26";"000DCDDA";"弄朗楼榔浪漏牢狼篭老　";"";""
"26";"000DCDF1";"聾蝋郎六麓禄肋録論　　";"";""
"26";"000DCE08";"わゎワヮ　　　　　　　";"";""
"26";"000DCE1F";"倭和話歪賄脇惑枠鷲亙　";"";""
"26";"000DCE36";"亘鰐詫藁蕨椀湾碗腕　　";"";""
"26";"000DCE4D";"をヲ　　　　　　　　　";"";""
"26";"000DCE64";"んン　　　　　　　　　";"";""
"26";"000DCE7B";"ＡＢＣＤＥＦＧＨＩＪ　";"";""
"26";"000DCE92";"ＫＬＭＮＯＰＱＲＳＴ　";"";""
"26";"000DCEA9";"ＵＶＷＸＹＺ　　　　　";"";""
"26";"000DCEC0";"ａｂｃｄｅｆｇｈｉｊ　";"";""
"26";"000DCED7";"ｋｌｍｎｏｐｑｒｓｔ　";"";""
"26";"000DCEEE";"ｕｖｗｘｙｚ　　　　　";"";""
"26";"000DCF05";"０１２３４５６７８９　";"";""
"26";"000DCF1C";"、。ー〜々〒・：；‥　";"";""
"26";"000DCF33";"，．’＠！？＃＄％＆　";"";""
"26";"000DCF4A";"＋−×÷＝＊／∞±￥　";"";""
"26";"000DCF61";"（）｛｝「」＜＞♂♀　";"";""
"26";"000DCF78";"★■▲▼●↑↓←→※　";"";""
"26";"000DCF8F";"☆□△▽○♪　　　　　";"";""
