"block";"j_offset";"j_string";"e_string";"pointer"
"0";"00171340";"「$ci$e0$cr」へ進みますか？";"Proceed to ""$ci$e0$cr""?";"001722B8"
"0";"00171360";"「$ci$e0$cr」へ入りますか？";"Enter ""$ci$e0$cr""?";"001722C0"
"0";"00171380";"「$ci$e0$cr」へ出ますか？";"Exit to ""$ci$e0$cr""?";"001722C8"
"0";"001713A0";"「$ci$e0$cr」へ帰りますか？";"Return to ""$ci$e0$cr""?";"001722D0"
"0";"001713C0";"進む";"Proceed";"001722D8"
"0";"001713C8";"入る";"Enter";"001722E0"
"0";"001713D0";"出る";"Exit";"001722E8"
"0";"001713D8";"帰る";"Return";"001722F0"
"0";"001713E0";"やめておく";"Cancel";"001722F8"
"0";"001713F0";"これより先は、進む必要はないな…";"There's no need to go any further than this...";"00172300"
"0";"00171418";"パチパラ町";"PachiPara Town";"00172308"
"0";"00171428";"大海町";"Great Sea Town";"00172310"
"0";"00171430";"出玉町";"Payout Town";"00172318"
"0";"00171438";"あすなろ荘";"Asunaro Apartments";"00172320"
"0";"00171448";"メゾン大海";"Great Sea Maison";"00172328"
"0";"00171458";"ハイツ出玉";"Payout Heights";"00172330"
"0";"00171470";"$e0のバス停だ
どこに行きますか？（バス運賃：$e2玉）";;"00172338"
"0";"001714B0";"貯玉数が足りません";;"00172340"
"0";"001714D0";"$e0のバス停だ
現在バスは運行しておりません";;"00172348"
"0";"00171500";"八原町「八原警察前」";;"00172350"
"0";"00171520";"大海町「大海公園前」";;"00172358"
"0";"00171540";"出玉町「ハイツ出玉前」";;"00172360"
"0";"00171560";"出玉町「パチパラビル前」";;"00172368"
"0";"00171580";"出玉町「大通り公園前」";;"00172370"
"0";"001715A0";"出玉町「港湾施設前」";;"00172378"
"0";"001715B8";"やめておく";"Cancel";"00172380"
"0";"001715D0";"パチンコを打ちますか？";"Will you play pachinko?";"00172388"
"0";"001715F0";"$e2：　$e3番台
（貯玉：$e1玉 ／ 腹具合：$ci$e0$cr）";"$e2: Machine number: $e3
(Stored balls: $e1 / Stomach condition: $ci$e0$cr).";"00172390"
"0";"00171628";"打つ";"Hit";"00172398"
"0";"00171630";"やめておく";"Pass";"001723A0"
"0";"00171640";"$p";"$p";"001723A8"
"0";"00171650";"今はパチンコを打っている場合じゃないな";"Now's not the time to be playing pachinko.";"001723B0"
"0";"00171678";"$p";"$p";"001723B8"
"0";"00171680";"今はパチンコを打っている場合じゃないわね";"Now's not the time to be playing pachinko.";"001723C0"
"0";"001716B0";"$p";"$p";"001723C8"
"0";"001716C0";"貯玉が足りないな…";"I don't have enough saved balls...";"001723D0"
"0";"001716D8";"$p";"$p";"001723D8"
"0";"001716E0";"貯玉が足りないわ…";"I don't have enough saved balls...";"001723E0"
"0";"00171700";"パチプロ老人　夢路";;"001723E8"
"0";"00171720";"今日は疲れてんだ
勝負なら明日にしてくれ";;"001723F0"
"0";"00171750";"パチプロ　虎牙鬼十郎";;"001723F8"
"0";"00171770";"ムム…ッ　今日は都合が悪い
勝負は明日にしてもらおう";;"00172400"
"0";"001717B0";"パチプロ　左打ちの大八";;"00172408"
"0";"001717D0";"今は都合が悪ぃ　勝負はおあずけだ";;"00172410"
"0";"00171800";"パチプロ主婦　千尋";;"00172418"
"0";"00171820";"今は、あんたとは戦いたくない気分なんだ";;"00172420"
"0";"00171850";"看護婦パチプロ　茜";;"00172428"
"0";"00171870";"ごめんなさい
今はパチンコ勝負する気になれないの";;"00172430"
"0";"001718A0";"リョウジ";;"00172438"
"0";"001718B0";"今は勝負する気分じゃないんだ
話しかけないでくれ";;"00172440"
"0";"001718E0";"玉心";"Gyokushin";"00172448"
"0";"001718F0";"今日の勝負はこれで終わりです
もう一度出直してきなさい";;"00172450"
"0";"00171930";"背中に傷を持つ男";;"00172458"
"0";"00171950";"今日は営業できねぇなあ";;"00172460"
"0";"00171968";"桂木 綾";;"00172468"
"0";"00171970";"ごめんなさい　今は忙しくて…";;"00172470"
"0";"00171990";"桂木 綾";;"00172478"
"0";"001719A0";"勝負はまだ今度にしましょう";;"00172480"
"0";"001719C0";"パチプロ老人　夢路";;"00172488"
"0";"001719E0";"今日は疲れてんだ
勝負なら明日にしてくれ";;"00172490"
"0";"00171A08";"買いたい";"I want to buy something";"00172498"
"0";"00171A18";"売りたい";"I want to sell something";"001724A0"
"0";"00171A28";"やめておく";"Never mind";"001724A8"
"0";"00171A38";"質入したい";"Pawn an item";"001724B0"
"0";"00171A48";"質請けしたい";"Redeem an item";"001724B8"
"0";"00171A58";"やめておく";"Never mind";"001724C0"
"0";"00171A70";"事件『$cc$e0$cr』が
発生しました";"""$cc$e0$cr"" has occurred.";"001724C8"
"0";"00171AA0";"事件「$cc$e1$cr」の証言入手";"Testimony case obtained: $cc$e1$cr.";"001724D0"
"0";"00171AC0";"$ci$e0$cr";"$ci$e0$cr";"001724D8"
"0";"00171AD0";"事件「$cc$e1$cr」の印象入手";"Impression case obtained: $cc$e1$cr.";"001724E0"
"0";"00171AF0";"$ci$e0$cr";"$ci$e0$cr";"001724E8"
"0";"00171B00";"事件「$cc$e1$cr」の証拠入手";"Evidence case obtained: $cc$e1$cr.";"001724F0"
"0";"00171B20";"$ci$e0$cr";"$ci$e0$cr";"001724F8"
"0";"00171B30";"アイテム「$ci$e0$cr」は
これ以上持てません";"You can't hold any more of the item: $ci$e0$cr.";"00172500"
"0";"00171B60";"アイテム「$ci$e0$cr」を
手に入れた！";"Obtained item: $ci$e0$cr!";"00172508"
"0";"00171B90";"「$ci$e1$cr」を
手に入れた！";"Obtained: $ci$e1$cr!";"00172510"
"0";"00171BB0";"アイテム「$ci$e0$cr」を
渡した";"Handed over item: $ci$e0$cr.";"00172518"
"0";"00171BD0";"アイテム「$ci$e0$cr」を
失った";"Lost item: $ci$e0$cr...";"00172520"
"0";"00171BF0";"おまけ画像「$ci$e0$cr」を
手に入れた！";"Bonus image obtained: $ci$e0$cr!";"00172528"
"0";"00171C20";"【$ci$e0$cr玉】を手に入れた！";"[$ci$e0$cr balls] obtained!";"00172530"
"0";"00171C40";"【$ci$e0$cr玉】手渡した";"[$ci$e0$cr balls] handed over.";"00172538"
"0";"00171C60";"【$ci$e0$cr玉】失った";"[$ci$e0$cr balls] lost...";"00172540"
"0";"00171C80";"パチンコ必殺技「$ci$e0$cr」
を修得した";"Learned the Pachinko Special Move: $ci$e0$cr";"00172548"
"0";"00171CB0";"【パチンコ必殺技について】";"[About the Pachinko Special Move]";"00172550"
"0";"00171CD0";"パチプロと勝負して勝利すると
$ciパチンコ必殺技$crを修得することができます";"You can learn the $ciPachinko Secret Move$cr
by winning a match against a Pachi-Pro.";"00172558"
"0";"00171D20";"必殺技を使うにはパチンコ勝負中に□ボタンを
押してから、△／○ボタンで発動できます";"To use the Secret Move during a pachinko match, press
the □ button, then activate it with the △ or ○ button.";"00172560"
"0";"00171D80";"パチンコ必殺技は、同時に２種類まで
セットすることができます";"You can set up to two types of
Pachinko Secret Moves at the same time.";"00172568"
"0";"00171DC0";"但しそれぞれの必殺技には$ci消費量$crがあるので
ゲージを溜めタイミングを計って発動しよう";"However, each special move costs energy to use, so charge your gauge and time your activation carefully.";"00172570"
"0";"00171E20";"まずはメニュー画面の「主人公の状態」から
「必殺技の選択」で必殺技をセットしましょう";"First, open the menu and go to ""Character Status,""
then choose ""Select Secret Move"" to set your moves.";"00172578"
"0";"00171E80";"…どうやらカギがかかっているようだ";"...It looks like it's locked.";"00172580"
"0";"00171EB0";"どの魚を売りますか？";"Which fish do you want to sell?";"00172588"
"0";"00171EC8";"$e0";"$e0";"00172590"
"0";"00171ED0";"$e1";"$e1";"00172598"
"0";"00171ED8";"$e2";"$e2";"001725A0"
"0";"00171EE0";"$e3";"$e3";"001725A8"
"0";"00171EE8";"$e4";"$e4";"001725B0"
"0";"00171EF0";"$e5";"$e5";"001725B8"
"0";"00171EF8";"$e6";"$e6";"001725C0"
"0";"00171F00";"次ページへ";"Next Page";"001725C8"
"0";"00171F10";"前ページへ";"Previous Page";"001725D0"
"0";"00171F20";"やめておく";"Cancel";"001725D8"
"0";"00171F30";"「$e0」を何匹売りますか？";"How many “$e0” would you like to sell?";"001725E0"
"0";"00171F50";"$e0匹全部売る　　　　（$e2玉）";"Sell all $e0                ($e2 balls)";"001725E8"
"0";"00171F70";"$e1匹（1匹だけ残す） （$e3玉）";"Sell $e1, leave one  ($e3 balls)";"001725F0"
"0";"00171F90";"1匹売る　　　　　　（$e4玉）";"Sell one                    ($e4 balls)";"001725F8"
"0";"00171FB0";"やめておく";"Cancel";"00172600"
"0";"00171FC0";"釣り具屋のおやじ";"Fishing Tackle Shop Man";"00172608"
"0";"00171FE0";"「$e0」は$e1匹で$e2玉で買い取るよ
また頼むよ！";"I’ll buy ""$e0"" for $e2 balls per $e1 fish.
Thanks for your business!";"00172610"
"0";"00172010";"「$ci$e0$cr」を覚えた！
（これで$e1個のポーズを覚えたようだ）";"Learned ""$ci$e0$cr""!
(You've now learned $e1 poses in total.)";"00172618"
"0";"00172050";"盆踊りのポーズ";;"00172620"
"0";"00172060";"シャドウボクシングのポーズ";;"00172628"
"0";"00172080";"マリンちゃんのポーズ";;"00172630"
"0";"001720A0";"ラジオ体操のポーズ";;"00172638"
"0";"001720B8";"セクシーポーズ";;"00172640"
"0";"001720D0";"ボーリングのポーズ";;"00172648"
"0";"001720F0";"ヒーローのポーズ";;"00172650"
"0";"00172110";"魔女ッ子のポーズ";;"00172658"
"0";"00172130";"オレンジ水着のマリンちゃん画像";;"00172660"
"0";"00172150";"赤い水着のマリンちゃん画像";;"00172668"
"0";"00172170";"ウェットスーツのマリンちゃん画像";;"00172670"
"0";"001721A0";"セーラー服のマリンちゃん画像";;"00172678"
"0";"001721C0";"ビキニパンツのサム画像";;"00172680"
"0";"001721E0";"ウェットスーツのサム画像";;"00172688"
"0";"00172200";"砂浜の背景画像";"Sandy Beach Background Image";"00172690"
"0";"00172210";"教室の背景画像";"Classroom Background Image";"00172698"
"0";"00172220";"街角の背景画像";"Street Corner Background Image";"001726A0"
"0";"00172230";"パチンコ店の背景画像";"Pachinko Parlor Background Image";"001726A8"
"0";"00172250";"ヤシの木の小物画像";"Palm Tree Accessory Image";"001726B0"
"0";"00172268";"泡の小物画像";"Bubble Accessory Image";"001726B8"
"0";"00172280";"パラソルの小物画像";"Parasol Accessory Image";"001726C0"
"0";"001722A0";"お化けの小物画像";"Ghost Accessory Image";"001726C8"
"1";"001726D0";"片山 昭吾";"Shogo Katayama";"00173C90"
"1";"001726E0";"黒崎 竜介";"Ryusuke Kurosaki";"00173C98"
"1";"001726F0";"朝倉 徹";"Toru Asakura";"00173CA0"
"1";"001726F8";"白石 紀子";"Noriko Shiraishi";"00173CA8"
"1";"00172708";"美沢 ゆき";"Yuki Misa";"00173CB0"
"1";"00172718";"桂木 綾";"Aya Katsuragi";"00173CB8"
"1";"00172720";"片山 昭吾";"Shogo Katayama";"00173CC0"
"1";"00172730";"で、では、白石紀子さん
ご、ごあいさつを！";;"00173CC8"
"1";"00172760";"片山 昭吾";;"00173CD0"
"1";"00172770";"こ、こ、これで皆さん　そろったであります";;"00173CD8"
"1";"001727A0";"片山 昭吾";;"00173CE0"
"1";"001727B0";"そ、それでは！　乾杯！！";;"00173CE8"
"1";"001727D0";"白石 紀子";;"00173CF0"
"1";"001727E0";"えっ！　そ、そんな、急に言われても…";;"00173CF8"
"1";"00172808";"白石 紀子";;"00173D00"
"1";"00172820";"…と、とりあえず乾杯しましょう";;"00173D08"
"1";"00172840";"白石 紀子";;"00173D10"
"1";"00172850";"かんぱーい";;"00173D18"
"1";"00172860";"片山 昭吾";;"00173D20"
"1";"00172870";"そうだ　女性陣を紹介しないと…";;"00173D28"
"1";"00172890";"片山 昭吾";;"00173D30"
"1";"001728A0";"こちらが$e1さんで…";;"00173D38"
"1";"001728B8";"片山 昭吾";;"00173D40"
"1";"001728D0";"こちらが$e2さん";;"00173D48"
"1";"001728E0";"片山 昭吾";;"00173D50"
"1";"001728F0";"２人とも、以前に会っているはずだから
覚えておられると思います";;"00173D58"
"1";"00172930";"片山 昭吾";;"00173D60"
"1";"00172940";"では、みなさん
楽しく飲みましょう！";;"00173D68"
"1";"00172968";"白石 紀子";;"00173D70"
"1";"00172980";"えっと…
今日は私のために本当にありがとうございます";;"00173D78"
"1";"001729B8";"白石 紀子";;"00173D80"
"1";"001729D0";"こ、こちらが$e1さんで…";;"00173D88"
"1";"001729E8";"白石 紀子";;"00173D90"
"1";"00172A00";"こちらが$e2さんです";;"00173D98"
"1";"00172A18";"白石 紀子";;"00173DA0"
"1";"00172A30";"もしかしたら、初めてじゃないのかも
しれませんけど…";;"00173DA8"
"1";"00172A68";"白石 紀子";;"00173DB0"
"1";"00172A80";"では、みなさん　楽しくお食事しましょう";;"00173DB8"
"1";"00172AB0";"何をしようかな？";;"00173DC0"
"1";"00172AD0";"何をしようかしら？";;"00173DC8"
"1";"00172AF0";"$e1さんと話しをする";;"00173DD0"
"1";"00172B10";"$e2さんと話しをする";;"00173DD8"
"1";"00172B30";"もくもくとご飯を食べる";;"00173DE0"
"1";"00172B50";"タバコをふかして時間をつぶす";;"00173DE8"
"1";"00172B70";"あくびをしながら外を眺める";;"00173DF0"
"1";"00172B90";"今度は何をしようかな？";;"00173DF8"
"1";"00172BB0";"今度は何をしようかしら？";;"00173E00"
"1";"00172BD0";"片山 昭吾";;"00173E08"
"1";"00172BE0";"やや…　もうこんな時間であります
今日はこれくらいでお開きにしましょう";;"00173E10"
"1";"00172C28";"片山 昭吾";;"00173E18"
"1";"00172C40";"楽しんでいただけたでしょうか？";;"00173E20"
"1";"00172C60";"片山 昭吾";;"00173E28"
"1";"00172C70";"また、機会があれば一緒に飲みましょう！";;"00173E30"
"1";"00172C98";"片山 昭吾";;"00173E38"
"1";"00172CB0";"で、では、解散しましょう";;"00173E40"
"1";"00172CD0";"白石 紀子";;"00173E48"
"1";"00172CE0";"あ…　もうこんな時間ですね
";;"00173E50"
"1";"00172D00";"白石 紀子";;"00173E58"
"1";"00172D10";"今日はもう終わりにしましょうか";;"00173E60"
"1";"00172D30";"白石 紀子";;"00173E68"
"1";"00172D40";"またいつか、こうやってお食事できると
いいですね";;"00173E70"
"1";"00172D70";"白石 紀子";;"00173E78"
"1";"00172D80";"じゃあ、また　
みなさん、銀玉会館に遊びにきてくださいね";;"00173E80"
"1";"00172DC0";"ご飯を食べ続け時間が過ぎるのを待った…";;"00173E88"
"1";"00172DF0";"タバコをふかしながら、時間が過ぎるのを
待った…";;"00173E90"
"1";"00172E20";"外を眺めながら、時間が過ぎるのを待った…";;"00173E98"
"1";"00172E50";"美沢 ゆき";;"00173EA0"
"1";"00172E60";"今日は来てくれてありがとう";;"00173EA8"
"1";"00172E80";"美沢 ゆき";;"00173EB0"
"1";"00172E90";"みんな集まったし、乾杯しよう";;"00173EB8"
"1";"00172EB0";"美沢 ゆき";;"00173EC0"
"1";"00172EC0";"それじゃ、かんぱ〜い";;"00173EC8"
"1";"00172ED8";"美沢 ゆき";;"00173ED0"
"1";"00172EF0";"そうそう
男の人たちを紹介しないとね";;"00173ED8"
"1";"00172F18";"美沢 ゆき";;"00173EE0"
"1";"00172F30";"こっちが$e1さんで…";;"00173EE8"
"1";"00172F48";"美沢 ゆき";;"00173EF0"
"1";"00172F60";"こっちが$e2さん";;"00173EF8"
"1";"00172F70";"美沢 ゆき";;"00173F00"
"1";"00172F80";"じゃあみんなで、楽しくすごしましょ";;"00173F08"
"1";"00172FA8";"美沢 ゆき";;"00173F10"
"1";"00172FB8";"いただきま〜す";;"00173F18"
"1";"00172FC8";"美沢 ゆき";;"00173F20"
"1";"00172FE0";"や、やだ…　もうこんな時間";;"00173F28"
"1";"00173000";"美沢 ゆき";;"00173F30"
"1";"00173010";"そろそろお店を出ないといけないね";;"00173F38"
"1";"00173038";"美沢 ゆき";;"00173F40"
"1";"00173050";"今日は本当に楽しかった〜";;"00173F48"
"1";"00173070";"美沢 ゆき";;"00173F50"
"1";"00173080";"次も必ずやるから、楽しみにしていてね
またゆきが電話するよ";;"00173F58"
"1";"001730C0";"桂木 綾";;"00173F60"
"1";"001730D0";"今日の主役の登場ね";;"00173F68"
"1";"001730E8";"桂木 綾";;"00173F70"
"1";"001730F0";"さあ　みんな集まったし、始めましょうか";;"00173F78"
"1";"00173118";"桂木 綾";;"00173F80"
"1";"00173120";"かんぱーい";;"00173F88"
"1";"00173130";"桂木 綾";;"00173F90"
"1";"00173140";"…そうね
男の人を紹介しないとね";;"00173F98"
"1";"00173160";"桂木 綾";;"00173FA0"
"1";"00173170";"こちらが$e1さんで…";;"00173FA8"
"1";"00173188";"桂木 綾";;"00173FB0"
"1";"00173190";"こちらが$e2さん";;"00173FB8"
"1";"001731A0";"桂木 綾";;"00173FC0"
"1";"001731B0";"もしかしたら、初めてじゃないのかも
しれないけど…";;"00173FC8"
"1";"001731E8";"桂木 綾";;"00173FD0"
"1";"001731F0";"じゃあ　楽しくお食事しましょう";;"00173FD8"
"1";"00173210";"桂木 綾";;"00173FE0"
"1";"00173220";"あら　もうこんな時間…";;"00173FE8"
"1";"00173238";"桂木 綾";;"00173FF0"
"1";"00173240";"今日はこのへんで終わりにしましょうか";;"00173FF8"
"1";"00173268";"桂木 綾";;"00174000"
"1";"00173270";"また、お食事することもあるでしょうから…";;"00174008"
"1";"001732A0";"桂木 綾";;"00174010"
"1";"001732B0";"その時に、またお会いしましょう";;"00174018"
"1";"001732D0";"朝倉 徹";;"00174020"
"1";"001732E0";"やあ　こんにちは";;"00174028"
"1";"001732F8";"朝倉 徹";;"00174030"
"1";"00173300";"僕の趣味で選んだお店に来てもらって
ありがとうございます";;"00174038"
"1";"00173338";"朝倉 徹";;"00174040"
"1";"00173340";"まだ時間は早いですけど、乾杯しましょうか";;"00174048"
"1";"00173370";"朝倉 徹";;"00174050"
"1";"00173378";"では、乾杯";;"00174058"
"1";"00173388";"朝倉 徹";;"00174060"
"1";"00173390";"それでは、改めて…
僕は朝倉徹といいます";;"00174068"
"1";"001733B8";"朝倉 徹";;"00174070"
"1";"001733C0";"そしてこちら美しい人が$e1さん";;"00174078"
"1";"001733E0";"朝倉 徹";;"00174080"
"1";"001733F0";"こちらが$e2さんです";;"00174088"
"1";"00173408";"朝倉 徹";;"00174090"
"1";"00173410";"じゃあみなさん";;"00174098"
"1";"00173420";"朝倉 徹";;"001740A0"
"1";"00173430";"たくさんお話をして楽しくお食事をしましょう";;"001740A8"
"1";"00173460";"朝倉 徹";;"001740B0"
"1";"00173470";"僕は今、こういうお店にいるだけで
ワクワクしているんですよね";;"001740B8"
"1";"001734B0";"朝倉 徹";;"001740C0"
"1";"001734C0";"おや　もうこんな時間ですね";;"001740C8"
"1";"001734E0";"朝倉 徹";;"001740D0"
"1";"001734F0";"では、そろそろ終わりにしましょうか";;"001740D8"
"1";"00173518";"朝倉 徹";;"001740E0"
"1";"00173520";"また近いうちに、みなさんをお誘いして
お食事できるといいですね";;"001740E8"
"1";"00173560";"朝倉 徹";;"001740F0"
"1";"00173570";"$puさん　たまには、僕のいる
中華料理店にもいらしてください";;"001740F8"
"1";"001735B0";"朝倉 徹";;"00174100"
"1";"001735C0";"お待ちしていますよ";;"00174108"
"1";"001735E0";"チャルメラのおやじ";;"00174110"
"1";"001735F8";"いらっしゃい";;"00174118"
"1";"00173610";"チャルメラのおやじ";;"00174120"
"1";"00173628";"まいど";;"00174128"
"1";"00173630";"…この屋台なら…";;"00174130"
"1";"00173650";"おいしいラーメンを食べさせてくれそうだ";;"00174138"
"1";"00173680";"中に人を入れて運べそうだ";;"00174140"
"1";"001736A0";"この屋台なら…　なんだっけ";;"00174148"
"1";"001736C0";"この屋台なら、
おいしいラーメンを食べさせてくれそうだ";;"00174150"
"1";"00173700";"この屋台なら、中に人を入れて運べそうだ";;"00174158"
"1";"00173730";"この屋台なら…　なんだっけ";;"00174160"
"1";"00173750";"屋台のおやじに話しかける";;"00174168"
"1";"00173770";"屋台をそれとなく叩いてみる";;"00174170"
"1";"00173790";"何もしない";;"00174178"
"1";"001737A0";"何を聞こうか…";;"00174180"
"1";"001737B0";"食通の渡会について聞く";;"00174188"
"1";"001737D0";"出玉町の工事現場について聞く";;"00174190"
"1";"001737F0";"ラーメンを注文する";;"00174198"
"1";"00173808";"$p";"$p";"001741A0"
"1";"00173810";"食通の渡会って知ってるか？";;"001741A8"
"1";"00173830";"$p";"$p";"001741B0"
"1";"00173840";"食通の渡会って知らない？";;"001741B8"
"1";"00173860";"$p";"$p";"001741C0"
"1";"00173870";"出玉町の工事現場について
聞きたいんだが…";;"001741C8"
"1";"001738A0";"$p";"$p";"001741D0"
"1";"001738B0";"出玉町の工事現場について
聞きたいんだけど…";;"001741D8"
"1";"001738E0";"チャルメラのおやじ";;"001741E0"
"1";"00173900";"さあねえ　わしには何のことだか…";;"001741E8"
"1";"00173928";"…（ドカッ）";;"001741F0"
"1";"00173940";"チャルメラのおやじ";;"001741F8"
"1";"00173958";"…………";"............";"00174200"
"1";"00173968";"食通の渡会";;"00174208"
"1";"00173980";"むぅ〜ん　これは旨い！";;"00174210"
"1";"00173998";"食通の渡会";;"00174218"
"1";"001739B0";"下味のつけ方が絶妙ですな";;"00174220"
"1";"001739D0";"食通の渡会";;"00174228"
"1";"001739E0";"いいキャベツを使っていますよ";;"00174230"
"1";"00173A00";"食通の渡会";;"00174238"
"1";"00173A10";"ご飯の炊き加減が最高ですよ";;"00174240"
"1";"00173A30";"食通の渡会";;"00174248"
"1";"00173A40";"甘すぎず、それで且つ淡白でない味…";;"00174250"
"1";"00173A68";"食通の渡会";;"00174258"
"1";"00173A80";"ソースはたっぷりと浸けるに限りますな";;"00174260"
"1";"00173AA8";"食通の渡会";;"00174268"
"1";"00173AC0";"シャリとネタのハーモニーが素晴らしい！";;"00174270"
"1";"00173AE8";"食通の渡会";;"00174278"
"1";"00173B00";"いい仕事してますね";;"00174280"
"1";"00173B18";"食通の渡会";;"00174288"
"1";"00173B30";"この塩が効いてますよ、塩が！";;"00174290"
"1";"00173B50";"食通の渡会";;"00174298"
"1";"00173B60";"夏はビールに限りますな";;"001742A0"
"1";"00173B78";"食通の渡会";;"001742A8"
"1";"00173B90";"卵につけて「チュルッ」っていくのが
いいんですよね";;"001742B0"
"1";"00173BC8";"食通の渡会";;"001742B8"
"1";"00173BE0";"ここの中華は絶品ですよ";;"001742C0"
"1";"00173BF8";"食通の渡会";;"001742C8"
"1";"00173C10";"大将がいないとはとても残念ですな";;"001742D0"
"1";"00173C38";"食通の渡会";;"001742D8"
"1";"00173C50";"今日は彼の技を堪能したくて来たのですが…
出直すとしましょう";;"001742E0"
"2";"00180E20";"慌てふためいて女性が駆け出していく。";"The woman rushed off in a flustered panic.";"00181B50"
"2";"00180E50";"ほどなく、通報を受けたらしい警官が現れた。";"It wasn't long before the police officer arrived, likely responding to a call.";"00181B58"
"2";"00180E80";"$iは交番に連行され、";"I was taken to the police box,";"00181B60"
"2";"00180EA0";"取り調べを受けることになった。";"And subjected to interrogation.";"00181B68"
"2";"00180EC0";"…この日の宿は交番になった。";"...That night's lodging became the police station.";"00181B70"
"2";"00180EE0";"固い床の上で眠っていると";"While I was sleeping on the hard floor,";"00181B78"
"2";"00180F00";"警官の$iの名を呼ぶ声で目が覚めた。";"A police officer’s voice calling my name woke me.";"00181B80"
"2";"00180F30";"もうすでに日は高く、";"The sun was already high in the sky,";"00181B88"
"2";"00180F50";"昼を過ぎているようだった…。";"And it seemed past noon...";"00181B90"
"2";"00180F70";"井原診療所の井原先生に頼まれて";"At the request of Dr. Ihara from the Ihara Clinic,";"00181B98"
"2";"00180F90";"$iは、記憶を失った白石紀子を";"$i agreed to take Noriko Shiraishi,";"00181BA0"
"2";"00180FB0";"大海町にある「大海病院」へ連れて行く";"Who has lost her memory,";"00181BA8"
"2";"00180FD8";"ことになった。";"To Great Sea Hospital in Great Sea Town.";"00181BB0"
"2";"00180FF0";"紀子は無事だったようだ…。";"Noriko seems to be okay...";"00181BB8"
"2";"00181010";"傷の手当てをするために、";"$i returned to PachiPara Town,";"00181BC0"
"2";"00181030";"パチパラ町まで戻った…。";"To treat her wounds...";"00181BC8"
"2";"00181050";"　【$ciパチパラ町$cr】";"　[$ciPachiPara Town$cr]";"00181BD0"
"2";"00181070";"正式な名称は「八原町」であるが、";"Its official name is ""Yahara Town,""";"00181BD8"
"2";"001810A0";"住人や近隣の人々は";"But residents and nearby locals";"00181BE0"
"2";"001810C0";"親しみを込めて「パチパラ町」と呼んでいる。";"Affectionately call it ""PachiPara Town.""";"00181BE8"
"2";"001810F0";"　【$ci大海町$cr】";"　[$ciGreat Sea Town$cr]";"00181BF0"
"2";"00181110";"八原町の東側にある住宅街。";"A residential area located on the east side of Yahara Town.";"00181BF8"
"2";"00181130";"高度経済成長の恩恵を受けた、中流家庭の";"It features rows of buildings belonging to middle-class families";"00181C00"
"2";"00181160";"建物が並んでいる。";"Who benefited from Japan's period of rapid economic growth.";"00181C08"
"2";"00181180";"　【$ci出玉町$cr】";"　[$ciPayout Town$cr]";"00181C10"
"2";"001811A0";"八原町の北にあるビル街。";"A commercial district located north of Yahara Town.";"00181C18"
"2";"001811C0";"大きなビジネスビルや、高級マンション、";"Large business buildings, luxury apartments,";"00181C20"
"2";"001811F0";"高級料理店が軒を連ねている。";"And high-end restaurants stand side-by-side.";"00181C28"
"2";"00181210";"「$ciあすなろ荘$cr」に入った";"Entering ""$ciAsunaro Apartments$cr""";"00181C30"
"2";"00181230";"「$ciメゾン大海$cr」に入った";"Entering ""$ciGreat Sea Maison$cr""";"00181C38"
"2";"00181250";"「$ciハイツ出玉$cr」に入った";"Entering ""$ciPayout Heights$cr""";"00181C40"
"2";"00181270";"「$ciあすなろ荘$cr」から出た";"Leaving ""$ciAsunaro Apartments$cr""";"00181C48"
"2";"00181290";"「$ciメゾン大海$cr」から出た";"Leaving ""$ciGreat Sea Maison$cr""";"00181C50"
"2";"001812B0";"「$ciハイツ出玉$cr」から出た";"Leaving ""$ciPayout Heights$cr""";"00181C58"
"2";"001812D0";"パチパラ町の「$ciあすなろ荘$cr」に引越した";"Moved into ""$ciAsunaro Apartments$cr"" in PachiPara Town";"00181C60"
"2";"00181300";"大海町の「$ciメゾン大海$cr」に引越した";"Moved into ""$ciGreat Sea Maison$cr"" in PachiPara Town";"00181C68"
"2";"00181330";"出玉町の「$ciハイツ出玉$cr」に引越した";"Moved into ""$ciPayout Heights$cr"" in PachiPara Town";"00181C70"
"2";"00181360";"翌朝までぐっすり眠った…";"Slept soundly until the next morning...";"00181C78"
"2";"00181380";"昼までウトウト眠った…";"Dozed until noon...";"00181C80"
"2";"001813A0";"夕方までウトウト眠った…";"Dozed until the evening...";"00181C88"
"2";"001813C0";"夜までウトウト眠った…";"Dozed until night...";"00181C90"
"2";"001813E0";"パチンコを打った…";"I played pachinko...";"00181C98"
"2";"00181400";"パチンコを打ち終わった…";"I finished playing pachinko...";"00181CA0"
"2";"00181420";"パチプロの";"A pachinko match";"00181CA8"
"2";"00181430";"$e0との";"against";"00181CB0"
"2";"00181440";"パチンコ勝負だ…！";"Pachi-Pro $e0...!";"00181CB8"
"2";"00181458";"パチンコ勝負で";"You beat $e0";"00181CC0"
"2";"00181468";"$e0に";"in the";"00181CC8"
"2";"00181470";"勝った！";"pachinko match!";"00181CD0"
"2";"00181480";"負けた…";"I lost...";"00181CD8"
"2";"00181490";"八原町「八原警察前」まで";;"00181CE0"
"2";"001814B0";"大海町「大海公園前」まで";;"00181CE8"
"2";"001814D0";"出玉町「ハイツ出玉前」まで";;"00181CF0"
"2";"001814F0";"出玉町「パチパラビル前」まで";;"00181CF8"
"2";"00181510";"出玉町「大通り公園前」まで";;"00181D00"
"2";"00181530";"出玉町「港湾施設前」まで";;"00181D08"
"2";"00181550";"バスに乗って行った…";;"00181D10"
"2";"00181568";"$e8";"$e8";"00181D18"
"2";"00181570";"$e9";"$e9";"00181D20"
"2";"00181578";"$ea";"$ea";"00181D28"
"2";"00181580";"$eb";"$eb";"00181D30"
"2";"00181588";"$ec";"$ec";"00181D38"
"2";"00181590";"$ed";"$ed";"00181D40"
"2";"00181598";"$ee";"$ee";"00181D48"
"2";"001815A0";"$ef";"$ef";"00181D50"
"2";"001815B0";"片山巡査はすぐに町の人を呼びに出て行った。";;"00181D58"
"2";"001815E0";"ほどなく、交番の前に";;"00181D60"
"2";"00181600";"パチパラ町の住人が集まった…。";;"00181D68"
"2";"00181620";"日が落ちるころ、";;"00181D70"
"2";"00181640";"ようやく町の住人が交番の前に集まった…。";;"00181D78"
"2";"00181670";"紀子と一緒に";;"00181D80"
"2";"00181680";"ゆきに手をひかれ";;"00181D88"
"2";"00181698";"綾と一緒に";;"00181D90"
"2";"001816A8";"昭吾くんと";;"00181D98"
"2";"001816B8";"竜くんと";;"00181DA0"
"2";"001816C8";"徹くんと";;"00181DA8"
"2";"001816E0";"パチパラ町の沖にある";;"00181DB0"
"2";"00181700";"「ウミネコ島」へ遊びに出かけた";;"00181DB8"
"2";"00181720";"今夜は、店とは違った彼女を見ることができた。";;"00181DC0"
"2";"00181750";"料理も美味しく、とても満足した。";;"00181DC8"
"2";"00181780";"会計は「この前のお礼だから」と言って、";;"00181DD0"
"2";"001817B0";"彼女は俺に１玉も払わせようとしなかった。";;"00181DD8"
"2";"001817E0";"食事の後、店の前で彼女と別れた。";;"00181DE0"
"2";"00181810";"ビルの前で私たちを待っていたのは、";;"00181DE8"
"2";"00181840";"今まで話の中でしか聞いたことがないような";;"00181DF0"
"2";"00181870";"外国製の高級車だった。";;"00181DF8"
"2";"00181890";"彼は当然のようにその車に乗り込み、";;"00181E00"
"2";"001818C0";"初老の運転手に今夜の行き先を告げた。";;"00181E08"
"2";"001818F0";"柔らかなシートに身を任せ、";;"00181E10"
"2";"00181910";"心地良い振動に揺られながら、";;"00181E18"
"2";"00181930";"私たちは出玉町を後にした。";;"00181E20"
"2";"00181950";"彼は出てくるもの全てに驚き、";;"00181E28"
"2";"00181970";"そして喜んでいた。";;"00181E30"
"2";"00181990";"食事の後、八原公園へ涼みにでかけた。";;"00181E38"
"2";"001819C0";"謎の電話の女は紀子だった。";;"00181E40"
"2";"001819E0";"$iは彼女を伴い";;"00181E48"
"2";"001819F0";"大海町の交番へ向かった…。";;"00181E50"
"2";"00181A10";"紀子が去った後、";;"00181E58"
"2";"00181A30";"今夜、盆踊りを楽しむ約束をしていた";;"00181E60"
"2";"00181A60";"女を待つことした。";;"00181E68"
"2";"00181A80";"人を待つ時間は、思いのほか長く感じる…。";;"00181E78"
"2";"00181AB0";"紀子が去った後、";;"00181E80"
"2";"00181AD0";"今夜、盆踊りを楽しむ約束をしていた";;"00181E88"
"2";"00181B00";"男を待つことした。";;"00181E90"
"2";"00181B20";"人を待つ時間は、思いのほか長く感じる…。";;"00181EA0"
"3";"0018C080";"パチンコ屋殺人事件";"Pachinko Parlor Murder Case";"0018F0F8"
"3";"0018C0A0";"ある雨の日、早朝のパチンコ店、「銀玉会館」に血まみれの男女が倒れているのが発見される。";"On a rainy morning, a man and a woman, were both discovered lying drenched in blood at the ""Silver Ball Hall"", a pachinko parlor that had just opened.";"0018F100"
"3";"0018C100";"＃１　パチンコ屋殺人事件";"#1: Pachinko Parlor Murder Case";"0018F108"
"3";"0018C120";"被害者は…";"The victims...";"0018F110"
"3";"0018C130";"…殺された";"...were murdered.";"0018F118"
"3";"0018C140";"パチパラ町のある地域では再開発が行われている";"Redevelopment is taking place in a certain area of PachiPara Town.";"0018F120"
"3";"0018C170";"パチパラ町の地価は高騰している";"Land prices in PachiPara Town are skyrocketing.";"0018F128"
"3";"0018C190";"被害者の名前は新川";"The victim's name is Shinkawa.";"0018F130"
"3";"0018C1B0";"被害者新川は、土地ブローカー岩田の手下である";"The victim, Shinkawa, was a subordinate of the land broker Iwata.";"0018F138"
"3";"0018C1E0";"パチパラ町の住人はパチパラ町を離れられない";"The residents of PachiPara Town are unable to leave.";"0018F140"
"3";"0018C210";"パチパラ町の住人は脅迫を受けていた";"The residents of PachiPara Town were being threatened.";"0018F148"
"3";"0018C240";"パチパラ町の住人は立ち退きに抵抗していた";"The residents of PachiPara Town were resisting the eviction.";"0018F150"
"3";"0018C270";"パチンコ屋殺人は、土地ブローカー殺人と
関連性がある";"The pachinko parlor killing appears to 
be linked to the land broker's murder.";"0018F158"
"3";"0018C2B0";"殺人現場は銀玉会館というパチンコ店";"The crime scene is Silver Ball Hall, a local pachinko parlor.";"0018F160"
"3";"0018C2E0";"紀子の証言では、複数人の犯行";"Noriko's testimony suggests more than one perpetrator was involved.";"0018F168"
"3";"0018C300";"榎本は事件当日ラジオ体操を休んだ";"Enomoto skipped radio calisthenics on the day of the incident.";"0018F170"
"3";"0018C330";"榎本はラジオ体操を休んでいないと証言した";"Enomoto testified that he did not skip radio exercises.";"0018F178"
"3";"0018C360";"高騰しつづけるパチパラ町の土地
を買い上げようとする土地ブロー
カー岩田の部下である新川は、住
人に脅迫めいた立ち退き要求をし
ていた。
追い詰められたパチパラ町の住人
はこれに抵抗し、新川をだまして
早朝の銀玉会館におびき寄せ、殺
害した。";;"0018F180"
"3";"0018C450";"土地ブローカーの一味であった新川はパチパラ町の住人に対して脅迫まがいの立ち退き要求をしていた。";;"0018F188"
"3";"0018C4B0";"これに身の危険を感じた住人は、新川をだまして銀玉会館におびき寄せ、殺害したと思われ
る。";;"0018F190"
"3";"0018C510";"「パチパラ町の交番で
　この話をしてみよう…」";"""Maybe I should tell this story to
the police box in PachiPara Town...""";"0018F198"
"3";"0018C540";"ミヨちゃん行方不明事件";"Miyo's Disappearance";"0018F1A0"
"3";"0018C560";"殺人犯の疑いを晴らすため、目撃者と思われるタバコ屋のミヨちゃんに話を聞こうとする。しかしミヨちゃんの行方が分からない…";"To clear his name as a murder suspect, he tries to speak with Miyo from the tobacco shop, who might be a witness. But Miyo's whereabouts are unknown...";"0018F1A8"
"3";"0018C5E0";"＃２　ミヨちゃん行方不明事件";"#2: Miyo's Disappearance";"0018F1B0"
"3";"0018C600";"タバコ屋のミヨちゃんが見あたらない";"Miyo from the tobacco shop is nowhere to be found.";"0018F1B8"
"3";"0018C630";"ミヨちゃんの居場所は…";"Where is Miyo...?";"0018F1C0"
"3";"0018C650";"お好み焼き屋店主の言動が怪しい";"The okonomiyaki restaurant owner is acting suspicious.";"0018F1C8"
"3";"0018C670";"カンナのそぶりが怪しい";"Kanna's behavior seems suspicious.";"0018F1D0"
"3";"0018C690";"ミヨは外食に行っている";"Miyo went out to eat.";"0018F1D8"
"3";"0018C6B0";"ミヨの母親はスナックめぐみのママ";"Miyo's mother is the owner (""Mama"") of Snack Bar Megumi.";"0018F1E0"
"3";"0018C6E0";"ミヨは容疑者である自分との接触
を避けさせようと、お好み焼き屋
の店主とカンナによって、お好み
焼き屋店内にかくまわれていた。";"Miyo was hidden inside the okonomiyaki restaurant
by the owner and Kanna, who were trying to prevent
her from coming into contact with the suspect.";"0018F1E8"
"3";"0018C760";"ミヨは、祖母（タバコ屋のおばあちゃん）、
母（スナックのママ）の証言では、お好み焼き
屋に出かけたとのこと。";"According to the testimony of Miyo's grandmother
(the tobacco shop granny) and her mother
(the snack bar Mama), Miyo headed out to the okonomiyaki restaurant.";"0018F1F0"
"3";"0018C7D0";"お好み焼き屋店主とミヨの友人カンナの挙動が
怪しいところを見ると、ミヨはお好み焼き屋
店内にかくまわれている可能性が高い。";"Given the suspicious behavior of the okonomiyaki shop
owner and Miyo's friend Kanna, it is highly likely that
Miyo is being hidden inside the okonomiyaki restaurant.";"0018F1F8"
"3";"0018C850";"「お好み焼き屋のおばちゃんに
　推理をぶつけてみよう…」";"""Let’s try confronting the okonomiyaki
restaurant lady with this deduction…""";"0018F200"
"3";"0018C890";"ホステス親子の失踪";"The disappearance of the hostess and her daughter";"0018F208"
"3";"0018C8B0";"スナックめぐみにコワモテの男がホステスとして働くあけみを訪ねてくる。あけみはその日、店には来ておらず、男と会うことはなかった。しかし、その日からあけみと彼女の娘のかずみの行方が分からなくなってしまった。";;"0018F210"
"3";"0018C980";"＃６　ホステス親子の失踪";;"0018F218"
"3";"0018C9A0";"ホステス親子の行方が分からない";;"0018F220"
"3";"0018C9C0";"ホステス親子の居場所は…";;"0018F228"
"3";"0018C9E0";"コワモテの男があけみを訪ねてきた";;"0018F230"
"3";"0018CA10";"ふたりの生活はあまり楽ではなかった";;"0018F238"
"3";"0018CA40";"かずみは女の子より男の子と仲がいい";;"0018F240"
"3";"0018CA70";"かずみはあけみに不満そうだった";;"0018F248"
"3";"0018CA90";"堤防であけみは男の子と一緒だった";;"0018F250"
"3";"0018CAC0";"かずみは男の子に一目置かれていた";;"0018F258"
"3";"0018CAF0";"かずみは女の子に好かれていない";;"0018F260"
"3";"0018CB10";"かずみはかくれんぼが得意だった";;"0018F268"
"3";"0018CB30";"あけみは今回の事態を以前から予想していた？";;"0018F270"
"3";"0018CB60";"堤防でのかくれんぼで、
かずみが隠れたのはドラム缶の陰";;"0018F278"
"3";"0018CBA0";"ヤクザの親分の娘であったあけみは、父親に息子のかずやを組の後継ぎに取られないよう、かずやを女の子と偽って生活していた。
しかし、それでもパチパラ町に迫った父親の手から身を隠すため、ふたりは堤防のドラム缶の陰に身を隠していた。";;"0018F280"
"3";"0018CC80";"かずみは男の子とは仲が良く、男の子同士のように付き合っている。しかし、女の子とあまりうまくいっていない。";;"0018F288"
"3";"0018CCF0";"また、堤防で目撃されたあけみは男の子を連れており、かずみが以前にかくれんぼで隠れた堤防のドラム缶の陰に、現在は口の悪い男の子が隠れている。";;"0018F290"
"3";"0018CD80";"実は、かずみは女の子ではなく、本当は口の悪い男の子なのではないか？";;"0018F298"
"3";"0018CDC8";"例の場所を探せ";;"0018F2A0"
"3";"0018CDE0";"秘密のトイレ店で買物をするが、品物をその場では渡してもらえなかった。品物を受け取るためには“例の場所”を探さなくてはならない。";;"0018F2A8"
"3";"0018CE60";"＃７　例の場所とは、いったいどこなのか？";;"0018F2B0"
"3";"0018CE90";"例の場所は…";;"0018F2B8"
"3";"0018CEA0";"…のようだ";;"0018F2C0"
"3";"0018CEB0";"$cr海の湯の番台のおばちゃん「$ci神$cr山ヨネ子」に
例の場所を尋ねると派出所の警官を紹介された";;"0018F2C8"
"3";"0018CF10";"$cr大海神社の神主「$ci社$cr龍之介」に例の場所を
尋ねると、知らないと答えられた";;"0018F2D0"
"3";"0018CF60";"$crキッチンたまのシェフ「$ci野$cr上幸三」に例の場所を尋ねると、アパートの住人を紹介された";;"0018F2D8"
"3";"0018CFC0";"$cr大海病院の「$ciサイ$crモン院長」に例の場所を
尋ねると、番台のおばちゃんを紹介された";;"0018F2E0"
"3";"0018D020";"$cr大海町派出所の警官「$ci銭$cr型栄治」に例の場所を尋ねると、レストランのシェフを紹介された";;"0018F2E8"
"3";"0018D080";"$cr情報屋「$ci箱$cr崎武雄」に例の場所を聞くと
俺が最後だと言われた";;"0018F2F0"
"3";"0018D0D0";"$crダンボールに住む「$ci野中$cr靖男」に例の場所を聞くと、大海神社の神主を紹介された";;"0018F2F8"
"3";"0018D130";"話しを聞いた人の名前をつなぎ合わせると、なんとなく答えが見えてくる気がする。
「$ci神$cr・$ci社$cr・$ci野$cr・$ciサイ$cr・$ci銭$cr・$ci箱$cr・$ci野中$cr」
“例の場所”まではもう少しでたどりつけそうだ。";;"0018F300"
"3";"0018D200";"話しを聞いた人の名前をつなぎ合わせることで答えが見えた。
「$ci神$cr・$ci社$cr・$ci野$cr・$ciサイ$cr・$ci銭$cr・$ci箱$cr・$ci野中$cr」
神社の賽銭箱の中が“例の場所”であり、中には買った商品が入っていた。";;"0018F308"
"3";"0018D2D0";"覗き魔は誰だ";;"0018F310"
"3";"0018D2E0";"銭湯の女湯が何者かに覗かれている、という女性が現れ、番台のおばちゃんが困っている。
一体誰が、覗きという悪質な犯罪を犯したのか…その犯人に迫る！";;"0018F318"
"3";"0018D370";"＃９　女湯を覗いていたのは誰なのか？";;"0018F320"
"3";"0018D3A0";"女湯を覗いていたのは…";;"0018F328"
"3";"0018D3C0";"野良猫だった可能性が考えられる";;"0018F330"
"3";"0018D3E0";"写真屋の主人だった可能性が考えられる";;"0018F338"
"3";"0018D410";"１０１号室の野原くんである可能性が考えられる";;"0018F340"
"3";"0018D440";"実は狂言だった可能性が考えられる";;"0018F348"
"3";"0018D470";"女湯から見える窓の外で、何かが光った";;"0018F350"
"3";"0018D4A0";"洞口明子は思い込みが激しく、
思い立ったら突っ走ってしまう性格である";;"0018F358"
"3";"0018D4F0";"洞口明子は「ほらふき」として、
彼女の家の周りでは通っている";;"0018F360"
"3";"0018D530";"事件の数日前に、神社の奥でゴソゴソと
動いている人影を見た";;"0018F368"
"3";"0018D570";"神社の屋根に取り付けられた反射鏡は
人為的に取り付けられたものであった";;"0018F370"
"3";"0018D5C0";"ネコが銭湯の塀を走り去って行った
そのネコの目は、キラリと光っている";;"0018F378"
"3";"0018D610";"神社の屋根に、反射板があり
角度によっては女湯を覗ける可能性がある";;"0018F380"
"3";"0018D660";"銭湯の覗き事件が起きたときに、
小暮さんが自宅にいたアリバイは無い";;"0018F388"
"3";"0018D6B0";"神社の奥の方で、ゴソゴソ動いていた人影は
小暮さんではなかった";;"0018F390"
"3";"0018D6F0";"１０１号室の野原クンの部屋の前のゴミ袋に
海の湯の見取り図が入っていた";;"0018F398"
"3";"0018D740";"１０１号室の野原クンはカメラマニアで
部屋にはずらりとカメラが並んでいた";;"0018F3A0"
"3";"0018D790";"１０１号室の野原クンの言動が不自然である";;"0018F3A8"
"3";"0018D7C0";"暗闇の中に見えた光は、猫の目が光に反射して光ったもので、塀の上を一目散に逃げて行った様子を見る限り、女湯を覗いた犯人はおらず、ただネコの目が光ったのを見た可能性が高い。";;"0018F3B0"
"3";"0018D870";"暗闇の中に見えた光は、人が神社の屋根に取り付けられた反射板であること、写真屋の小暮にアリバイがないことからして、女湯を覗いた犯人は写真屋の主人である可能性が高い。";;"0018F3B8"
"3";"0018D920";"アパートの１０１号室の男性の部屋前のゴミ袋から銭湯の見取り図が発見されたこと、男性は盆踊り会場を部屋から覗いていたことから、女湯を覗いていた可能性が高い。";;"0018F3C0"
"3";"0018D9C0";"女湯を覗いている、と言ってきた女性の家の近所の人が言うには彼女は「ほらふき」らしい。また、思い込みが強い性格からして、実は、女湯の覗き自体が狂言である可能性が高い。";;"0018F3C8"
"3";"0018DA70";"女湯を覗いていた犯人は、実はどこにもいなかった。
ことの発端となった女性宅の周辺では、彼女は「ほらふきのホラグチ」として有名で、同じような狂言事件を過去に３度も起こしてもいた。
尚、事件の真相にたどりついたときにはすでに「洞口明子」は姿を消し行方知れずである。";;"0018F3D0"
"3";"0018DB80";"ラジオ体操指導員他殺疑惑";;"0018F3D8"
"3";"0018DBA0";"ラジオ体操指導員の柳田が自殺した。しかし彼の親友と名乗る男、黒崎は柳田が自殺するはずないと言う。柳田は自殺か、他殺か…？";;"0018F3E0"
"3";"0018DC20";"＃３　ラジオ体操指導員他殺疑惑";;"0018F3E8"
"3";"0018DC40";"ラジオ体操指導員の柳田は…";;"0018F3F0"
"3";"0018DC60";"…だから「自殺」だ";;"0018F3F8"
"3";"0018DC80";"…だから「他殺」だ";;"0018F400"
"3";"0018DCA0";"柳田は悩んでいる様子だった";;"0018F408"
"3";"0018DCC0";"柳田は給料を前借りしていた";;"0018F410"
"3";"0018DCE0";"柳田と黒崎は親友";;"0018F418"
"3";"0018DD00";"柳田はパチンコ「ベリーラッキー」の常連";;"0018F420"
"3";"0018DD30";"柳田は沙織を愛していた";;"0018F428"
"3";"0018DD50";"柳田は毎朝ジョギングをしていた";;"0018F430"
"3";"0018DD70";"ラジオ体操指導員、柳田の死は自
殺とは言い切れない。";;"0018F438"
"3";"0018DDB0";"柳田は自殺ではなく、他殺の可能性がある。
彼には「沙織」という、想いを寄せている
女性がいた。";;"0018F440"
"3";"0018DE10";"柳田は、死の前日に彼女と食事に行く約束を取り付けている。
自殺をしようとする者の行動としては不自然である。";;"0018F448"
"3";"0018DE80";"柳田はやはり自殺である。彼はパチンコが
好きで、会社から給料を前借りしていた。";;"0018F450"
"3";"0018DED0";"遊ぶ金欲しさに犯行を犯し、事件後に後悔して
自殺に及んだのではないだろうか。";;"0018F458"
"3";"0018DF20";"「大海町の交番にいる三上刑事に
　この話をしてみよう…」";;"0018F460"
"3";"0018DF60";"パチンコ屋のペンキ職人";;"0018F468"
"3";"0018DF80";"パチンコ店「ベリーラッキー」の
パチンコ台のハンドルに、ペンキ
が塗られるといういたずらが続発
する。
一体、誰が何の目的でいたずらを
行っているのか？";;"0018F470"
"3";"0018E020";"＃８　ペンキ塗りのいたずらの犯人は？";;"0018F478"
"3";"0018E050";"いたずらの犯人は…";;"0018F480"
"3";"0018E070";"板ばさみにあう夫に違いない！";;"0018F488"
"3";"0018E090";"板ばさみにあう夫は何も見ていない";;"0018F490"
"3";"0018E0C0";"気難しい姑は何も見ていない";;"0018F498"
"3";"0018E0E0";"休日を満喫する嫁は何も見ていない";;"0018F4A0"
"3";"0018E110";"犯人はパチンコ界に風穴を開けた";;"0018F4A8"
"3";"0018E130";"板ばさみにあう夫は評論家に共感していた";;"0018F4B0"
"3";"0018E160";"気難しい姑は評論家に反発していた";;"0018F4B8"
"3";"0018E190";"休日を満喫する嫁は評論家に
ウンザリしていた";;"0018F4C0"
"3";"0018E1C0";"金曜日は誰も止めてくれなかった";;"0018F4C8"
"3";"0018E1E0";"火曜日は隣の客が止めてくれた";;"0018F4D0"
"3";"0018E200";"日曜日は隣の客が止めてくれた";;"0018F4D8"
"3";"0018E220";"金曜日、隣の台には
板ばさみにあう夫が座っていた";;"0018F4E0"
"3";"0018E250";"火曜日、隣の台には
気難しい姑が座っていた";;"0018F4E8"
"3";"0018E280";"日曜日、隣の台には
休日を満喫する嫁が座っていた";;"0018F4F0"
"3";"0018E2B0";"事件の犯人は隣の台に座っていた客「板ばさみにあう夫」だった。男は嫁姑の関係に悩んでおり、犯行を重ねることで気を紛らわせていた。";;"0018F4F8"
"3";"0018E330";"「板ばさみにあう夫」はいたずらされている台の隣にいながら、被害に遭う客を止めようともしていなかった。";;"0018F500"
"3";"0018E3A0";"また、パチンコ評論家が犯人の犯行を誉めるのを聞いて、自らも犯人を誉め、なおかつ嬉しそうにしていた。";;"0018F508"
"3";"0018E410";"パチンコ台のハンドルにペンキを塗るいたずらの犯人は、もしや「板ばさみにあう夫」なのではないか…";;"0018F510"
"3";"0018E470";"土地ブローカー殺害事件";;"0018F518"
"3";"0018E490";"土地ブローカーの岩田の死体が出玉町の工事現場で見つかった。
岩田は「食通の渡会」を名乗っていた人物である。";;"0018F520"
"3";"0018E500";"＃４　土地ブローカー殺害事件";;"0018F528"
"3";"0018E520";"岩田は…";;"0018F530"
"3";"0018E530";"…殺された";;"0018F538"
"3";"0018E540";"岩田は土地ブローカーである";;"0018F540"
"3";"0018E560";"岩田は「食通の渡会」を名乗っていた";;"0018F548"
"3";"0018E590";"岩田の死体は出玉町の工事現場で発見された";;"0018F550"
"3";"0018E5C0";"岩田の推定死亡時刻は８：３０〜９：００";;"0018F558"
"3";"0018E5F0";"凶器は鋭利な刃物　発見されていない";;"0018F560"
"3";"0018E620";"岩田の胃の中には寿司の残留物があった";;"0018F568"
"3";"0018E650";"岩田の背広のカフスがなくなっている
ひとつは殺された榎本が握っていた";;"0018F570"
"3";"0018E6A0";"井原診療所の前にカフスボタンが落ちていた";;"0018F578"
"3";"0018E6D0";"串カツ屋の辰男が、えの鮨で寿司折を買っていった";;"0018F580"
"3";"0018E700";"岩田は生前、えの鮨からどこかに電話をしていた";;"0018F588"
"3";"0018E730";"岩田の推定死亡時刻は操作されている";;"0018F590"
"3";"0018E760";"$puは岩田が殺された時盆踊り会場にいた";;"0018F598"
"3";"0018E790";"岩田は複数の犯人によるワナにはめられ、パチパラ町で殺された。その後出玉町の工事現場へ移送された。";;"0018F5A0"
"3";"0018E800";"岩田が殺されたのは出玉町の工事現場ではなくパチパラ町である可能性が高い。";;"0018F5A8"
"3";"0018E850";"岩田は複数の共犯者によってワナにはめられ、
井原診療所の近くで殺されたようだ…。";;"0018F5B0"
"3";"0018E8A0";"「岩田を殺す動機を持っている、
　複数の人物か…」";;"0018F5B8"
"3";"0018E8E0";"「ひとまず家に帰って
　考えをまとめてみよう…」";;"0018F5C0"
"3";"0018E910";"推定死亡時刻の矛盾";;"0018F5C8"
"3";"0018E930";"岩田と榎本が死体で発見された。現場の状況から、榎本は岩田によって殺害されたと見られるが、榎本の推定死亡時刻が１０：００〜１０：３０なのに対し、岩田の推定死亡時刻は８：３０〜９：００と見られる。これによると、岩田は死んでから榎本を殺したことになる。";;"0018F5D0"
"3";"0018EA30";"＃５　推定死亡時刻の矛盾";;"0018F5D8"
"3";"0018EA50";"推定死亡時刻…";;"0018F5E0"
"3";"0018EA60";"…操作した";;"0018F5E8"
"3";"0018EA70";"岩田の推定死亡時刻は８：３０〜９：００";;"0018F5F0"
"3";"0018EAA0";"榎本の推定死亡時刻は１０：００〜１０：３０";;"0018F5F8"
"3";"0018EAD0";"岩田の胃には消化されかけた寿司が残留していた";;"0018F600"
"3";"0018EB00";"推定死亡時刻を早めるため、死体を暖めた";;"0018F608"
"3";"0018EB30";"推定死亡時刻を遅らせるため、死体を冷やした";;"0018F610"
"3";"0018EB60";"死体は屋台で運ばれた";;"0018F618"
"3";"0018EB80";"榎本を殺したのは岩田";;"0018F620"
"3";"0018EBA0";"岩田は榎本を殺した後、犯人に殺されている。岩田は殺される前に寿司を食べている。犯人は岩田の死体の温度を変えることで消化酵素の働きを操作し、推定死亡時刻を変化させた。";;"0018F628"
"3";"0018EC50";"岩田は榎本を殺した後、犯人と接触し、そこで寿司を食べている。死後の岩田の胃にその残留物が残っている。";;"0018F630"
"3";"0018ECC0";"犯人は、アリバイ工作のために岩田の死体を温めることで死後も消化活動を持続させ、胃の中の消化程度を操作したのではないか。";;"0018F638"
"3";"0018ED40";"「これで、土地ブローカー殺害の
　謎が解けそうだ…」";;"0018F640"
"3";"0018ED80";"裏パチンコ店を探せ";;"0018F648"
"3";"0018EDA0";"出玉町にはシルバームーンという非合法の裏パチンコ店が存在するらしい。クラブ女豹のホステス直美の証言では、殺害された静香へはよくシルバームーンから電話がかかってきていたらしい。静香の情報を得るためには、その裏パチンコ店を探すことが必要である。";;"0018F650"
"3";"0018EEA0";"＃１０　裏パチンコ店を探せ";;"0018F658"
"3";"0018EEC0";"裏パチンコ店へは…";;"0018F660"
"3";"0018EED8";"…をして入る";;"0018F668"
"3";"0018EEF0";"店名はシルバームーン";;"0018F670"
"3";"0018EF10";"入り口はその名の通り、裏にある";;"0018F678"
"3";"0018EF30";"曜日を気にする男";;"0018F680"
"3";"0018EF50";"財産を失った男がいる";;"0018F688"
"3";"0018EF70";"財産を稼いだ男がいる";;"0018F690"
"3";"0018EF90";"合言葉に当たるポーズが必要";;"0018F698"
"3";"0018EFB0";"ポーズを全て集める必要がある";;"0018F6A0"
"3";"0018EFD0";"ポーズを全て集めるだけではダメ";;"0018F6A8"
"3";"0018EFF0";"ポーズは全てで７つある";;"0018F6B0"
"3";"0018F010";"ポーズは毎日変わり一定間隔で繰り返す";;"0018F6B8"
"3";"0018F040";"ポーズは曜日と関係している";;"0018F6C0"
"3";"0018F060";"出玉町のシルバームーン（通称裏パチンコ店）へは、曜日に対応したポーズをして入る。";;"0018F6C8"
"3";"0018F0C0";"裏パチンコ店へは、曜日に対応したポーズをして入る";;"0018F6D0"
"4";"00193E40";"須藤真幸";"Masayuki Sudo";"001949B8"
"4";"00193E50";"須藤";"Sudo";"001949C0"
"4";"00193E58";"真幸";"Masayuki";"001949C8"
"4";"00193E60";"村瀬杏子";"Kyoko Murase";"001949D0"
"4";"00193E70";"村瀬";"Murase";"001949D8"
"4";"00193E78";"杏子";"Kyoko";"001949E0"
"4";"00193E80";"腹ぺこ";"Starving";"001949E8"
"4";"00193E88";"腹へり";"Hungry";"001949F0"
"4";"00193E90";"腹八分";"80% Full";"001949F8"
"4";"00193E98";"満腹";"Full";"00194A00"
"4";"00193EA0";"大満腹";"Stuffed";"00194A08"
"4";"00193EA8";"腹下し";"Upset Stomach";"00194A10"
"4";"00193EB0";"釣りを行いますか？";"Would you go fishing?";"00194A18"
"4";"00193ED0";"釣りを開始しますか？";"Start fishing?";"00194A20"
"4";"00193EF0";"もう一回釣りをしますか？";"Fish again?";"00194A28"
"4";"00193F10";"釣竿を選択してください";"Choose a fishing rod";"00194A30"
"4";"00193F30";"釣り餌を選択してください";"Choose a fishing bait";"00194A38"
"4";"00193F50";"どんな気分で釣りをしますか？";"How would you like to fish?";"00194A40"
"4";"00193F70";"気軽に釣る";"Casual fishing";"00194A48"
"4";"00193F80";"じっくり釣る（時間が経過します）";"Patient fishing (time passes)";"00194A50"
"4";"00193FB0";"『$ci$e0$cr』が釣れました";"""$ci$e0$cr"" caught";"00194A58"
"4";"00193FD0";"何も釣れませんでした";"Nothing was caught";"00194A60"
"4";"00193FF0";"水中に魚影が見える
道具さえあれば釣りができそうだ";"Fish shadows can be seen in the water.
I could fish here if only I had the right equipment.";"00194A68"
"4";"00194030";"クーラーボックスの中身";"Cooler Box Contents";"00194A70"
"4";"00194048";"匹";"Fish";"00194A78"
"4";"00194050";"？？？？";"????";"00194A80"
"4";"00194060";"この『$e0』は『$ci$e1$cr』だね";"It looks like ""$e0"" is ""$ci$e1$cr.""";"00194A88"
"4";"00194080";"釣竿：　$e0
釣り餌：　$e1
気分：　$e2
";"Fishing Rod: $e0
Bait: $e1
Mood: $e2
";"00194A90"
"4";"001940B0";"釣り餌を持っていません";"You're out of bait";"00194A98"
"4";"001940D0";"$iは、時間が経つのも忘れて";"I lost track of time and enjoyed";"00194AA0"
"4";"001940F0";"じっくり釣りを楽しんだ…";"a leisurely fishing session...";"00194AA8"
"4";"00194110";"気軽に釣る";"Casual Fishing";"00194AB0"
"4";"00194120";"じっくり釣る";"Patient Fishing";"00194AB8"
"4";"00194130";"この魚は、もうたくさん釣っているな
逃がしてやろう…";"I've already caught plenty of this fish.
I'll let it go...";"00194AC0"
"4";"00194170";"この魚は、もうたくさん釣っているわね
逃がしてあげよう…";"I've already caught plenty of this fish, haven't I?
I'll release it...";"00194AC8"
"4";"001941A8";"マス：";"Slot:";"00194AD0"
"4";"001941B0";"ピース：";"Piece:";"00194AD8"
"4";"001941C0";"問題";"Question";"00194AE0"
"4";"001941C8";"証拠１";"Evidence 1";"00194AE8"
"4";"001941D0";"証拠２";"Evidence 2";"00194AF0"
"4";"001941D8";"証拠３";"Evidence 3";"00194AF8"
"4";"001941E0";"証拠４";"Evidence 4";"00194B00"
"4";"001941E8";"結論";"Conclusion";"00194B08"
"4";"001941F0";"推理完了";"Deduction Complete";"00194B10"
"4";"00194200";"この推理ではだめなようだ…";"This deduction doesn't seem to work...";"00194B18"
"4";"00194220";"まだ証拠が足りないようだ…";"There's still not enough evidence...";"00194B20"
"4";"00194240";"まだ事件は解決していません";"The case hasn’t been solved yet.";"00194B28"
"4";"00194260";"もう一度推理しますか？";"Investigate again?";"00194B30"
"4";"00194280";"この名前でよろしいですか？";"Is this name correct?";"00194B38"
"4";"001942A0";"人物解説";"Character Profile";"00194B40"
"4";"001942B0";"相関解説";"Relationship Chart";"00194B48"
"4";"001942C0";"$e0との関係";"Relationship with $e0.";"00194B50"
"4";"001942D0";"合コンを始めますか？";"Start the group date?";"00194B58"
"4";"001942F0";"お勘定は$e0玉です";"That’ll be $e0 balls.";"00194B60"
"4";"00194310";"今の貯玉では、合コンのお金が払えない…";"Not enough saved balls to pay for the group date...";"00194B68"
"4";"00194338";"サクっと食べる";"Eat quickly";"00194B70"
"4";"00194350";"ゆっくり食べる（時間が経過します）";"Eat slowly (time passes)";"00194B78"
"4";"00194378";"ゆっくり食べる";"Eat slowly";"00194B80"
"4";"00194388";"食べない";"Don't eat";"00194B88"
"4";"00194398";"会計をする";"Pay the bill";"00194B90"
"4";"001943B0";"まだ食べたりない";"Still hungry";"00194B98"
"4";"001943D0";"$iは、$e0での$e6に";"I ordered $e0,";"00194BA0"
"4";"001943E8";"$e1";"$e1";"00194BA8"
"4";"001943F0";"$e2";"$e2";"00194BB0"
"4";"001943F8";"$e3";"$e3";"00194BB8"
"4";"00194400";"$e4";"$e4";"00194BC0"
"4";"00194408";"$e5";"$e5";"00194BC8"
"4";"00194410";"を頼んで、時間を過ごした…";"and spent some time at $e6...";"00194BD0"
"4";"00194430";"何も食べなかった…";"I didn't eat anything...";"00194BD8"
"4";"00194450";"体調が「$ci$e0$cr」から「$ci$e1$cr」になった";"Physical condition changed from ""$ci$e0$cr"" to ""$ci$e1$cr.""";"00194BE0"
"4";"00194480";"体調は「$ci大満腹$cr」から変化しなかった";"Physical condition remained at ""$ciStuffed$cr.""";"00194BE8"
"4";"001944B0";"体調は「$ci腹下し$cr」から変化しなかった";"Physical condition remained at ""$ciUpset Stomach$cr.""";"00194BF0"
"4";"001944E0";"朝食";"Breakfast";"00194BF8"
"4";"001944E8";"昼食";"Lunch";"00194C00"
"4";"001944F0";"夕食";"Dinner";"00194C08"
"4";"001944F8";"夜食";"Late-Night Snack Bar";"00194C10"
"4";"00194500";"釘エディットメニュー";"Pin Edit Menu";"00194C18"
"4";"00194518";"台データ選択";"Select Machine Data";"00194C20"
"4";"00194528";"セーブ";"Save";"00194C28"
"4";"00194530";"台ＩＤ選択";"Select Machine ID";"00194C30"
"4";"00194540";"はい";"Yes";"00194C38"
"4";"00194548";"いいえ";"No";"00194C40"
"4";"00194550";"俺";"Me";"00194C48"
"4";"00194558";"私";"Me";"00194C50"
"4";"00194560";"男";"Male";"00194C58"
"4";"00194568";"女";"Female";"00194C60"
"4";"00194570";"玉";"Balls";"00194C68"
"4";"00194578";"発";"Shots";"00194C70"
"4";"00194580";"Ｍ５６";"M56";"00194C78"
"4";"00194588";"Ｍ２";"M2";"00194C80"
"4";"00194590";"？？？？";"????";"00194C88"
"4";"001945A0";"Ｎｏ．";"No.";"00194C90"
"4";"001945A8";"：";":";"00194C98"
"4";"001945B0";"ＣＲ大海物語Ｍ５６";"CR Great Sea Story M56";"00194CA0"
"4";"001945D0";"ＣＲ大海物語Ｍ２";"CR Great Sea Story M2";"00194CA8"
"4";"001945E8";"　";" ";"00194CB0"
"4";"001945F0";"／";"/";"00194CB8"
"4";"00194600";"□：部屋メニュー";"□: Room Menu";"00194CC0"
"4";"00194618";"何をしますか？";"What would you like to do?";"00194CC8"
"4";"00194628";"考え事をする";"Think";"00194CD0"
"4";"00194638";"寝る（セーブ）";"Sleep (Save)";"00194CD8"
"4";"00194648";"家具配置をする";"Arrange furniture";"00194CE0"
"4";"00194658";"引越しをする";"Move out";"00194CE8"
"4";"00194670";"パチプロ風雲録を終了する";"Exit Pachi-Pro Chronicles";"00194CF0"
"4";"00194690";"やめておく";"Cancel";"00194CF8"
"4";"001946A0";"今は寝ている場合じゃないな…";"Now is not the time to sleep...";"00194D00"
"4";"001946C0";"今は寝ている場合じゃないわ…";"Now is not the time to sleep...";"00194D08"
"4";"001946E0";"いつまで寝ますか？";"How long will you sleep?";"00194D10"
"4";"00194700";"昼まで一休みする";"Rest until noon";"00194D18"
"4";"00194720";"夕方まで一休みする";"Rest Until evening";"00194D20"
"4";"00194740";"夜まで一休みする";"Rest Until night";"00194D28"
"4";"00194760";"翌朝までぐっすり眠る（セーブ）";"Sleep soundly until the next morning (Save)";"00194D30"
"4";"00194780";"やめておく";"Cancel";"00194D38"
"4";"00194790";"セーブしますか？";"Save your progress?";"00194D40"
"4";"001947A8";"はい";"Yes";"00194D48"
"4";"001947B0";"いいえ";"No";"00194D50"
"4";"001947C0";"パチプロ風雲録を終了して、
タイトル画面に戻りますか？";"Exit Pachi-Pro Chronicles and 
return to the title screen?";"00194D58"
"4";"001947F8";"はい";"Yes";"00194D60"
"4";"00194800";"いいえ";"No";"00194D68"
"4";"00194810";"今は引越しをしている場合じゃないな…";"Now is not the time to move...";"00194D70"
"4";"00194840";"今は引越しをしている場合じゃないわ…";"Now is not the time to move...";"00194D78"
"4";"00194870";"他の部屋のカギがないから
引越しできないな…";"I can't move because I don't have 
the keys to the other rooms...";"00194D80"
"4";"001948A0";"他の部屋のカギがないから
引越しできないわ…";"I can't move because I don't have 
the keys to the other rooms...";"00194D88"
"4";"001948D0";"どこに引越しますか？";"Where are you moving to?";"00194D90"
"4";"001948E8";"あすなろ荘";"Asunaro Apartments";"00194D98"
"4";"001948F8";"メゾン大海";"Great Sea Maison";"00194DA0"
"4";"00194908";"ハイツ出玉";"Payout Heights";"00194DA8"
"4";"00194918";"やめておく";"Cancel";"00194DB0"
"4";"00194930";"本当に引越しますか？";"Are you sure you want to move?";"00194DB8"
"4";"00194948";"はい";"Yes";"00194DC0"
"4";"00194950";"いいえ";"No";"00194DC8"
"4";"00194960";"上書きしますか？";"Do you want to overwrite?";"00194DD0"
"4";"00194978";"ＮＯ　ＤＡＴＡ";"NO DATA";"00194DD8"
"4";"00194988";"パチパラ町";"PachiPara Town";"00194DE0"
"4";"001949A0";"タバコがなくなった";"I've ran out of cigarettes.";"00194DE8"
"5";"0019DD70";"〜アイテムメニューを開きます〜";"Item Menu";"0019DF98"
"5";"0019DD90";"〜地図を開きます〜";"Town Map";"0019DFA0"
"5";"0019DDB0";"〜推理エディタを開きます〜";"Mystery Editor";"0019DFA8"
"5";"0019DDD0";"〜主人公の状態の確認と変更〜";"Character Status";"0019DFB0"
"5";"0019DDF0";"〜アルバムを開きます〜";"Gallery";"0019DFB8"
"5";"0019DE10";"〜人物相関図を開きます〜";"Character Relationship Diagram";"0019DFC0"
"5";"0019DE30";"〜環境設定を開きます〜";"System Settings";"0019DFC8"
"5";"0019DE50";"アナログコントローラの振動を設定します";"Configure the analog controller's vibration.";"0019DFD0"
"5";"0019DE80";"サウンド出力を設定します";"Configure the sound settings.";"0019DFD8"
"5";"0019DEA0";"ボイスの出力を設定します";"Configure the voice output.";"0019DFE0"
"5";"0019DEC0";"ＢＧＭの音量を調節します";"Adjust the background music volume.";"0019DFE8"
"5";"0019DEE0";"ＳＥ（効果音）の音量を調節します";"Adjust the sound effects volume.";"0019DFF0"
"5";"0019DF10";"盤面の明るさを調節します";"Adjust the brightness of the board.";"0019DFF8"
"5";"0019DF30";"オプションの設定をリセットします";"Reset Options";"0019E000"
"5";"0019DF60";"オプションの設定をリセットしますか？";"Are you sure you want to restore your settings?";"0019E008"
"5";"0019DF88";"はい";"Yes";"0019E010"
"5";"0019DF90";"いいえ";"No";"0019E018"
"6";"0019EAF8";"新川　直樹";"Naoki Shinkawa";"0019FA38"
"6";"0019EB10";"早朝の銀玉会館で鋭利な刃物に刺
され、血を流して死んでいた男。";;"0019FA40"
"6";"0019EB50";"白石 紀子";"Noriko Shiraishi";"0019FA48"
"6";"0019EB60";"男とともに銀玉会館に倒れていた
女。頭部へ打撃を受けており、そ
のショックで記憶を失った。";;"0019FA50"
"6";"0019EBC0";"井原 治朗";"Jiro Ihara";"0019FA58"
"6";"0019EBD0";"パチパラ町の老医師。町の住人と
共謀して、凶悪な立ち退き工作に
立ち向かった。";;"0019FA60"
"6";"0019EC20";"野々山 春子";"Haruko Nonoyama";"0019FA68"
"6";"0019EC30";"先立たれた夫の形見ともいえる銀
玉会館を守りつづける女性。

パチパラ町を守るために井原たち
に協力する。";;"0019FA70"
"6";"0019EC98";"ミヨ";"Miyo";"0019FA78"
"6";"0019ECA0";"タバコ屋の娘。中学３年生の女の
子。母親はスナック「めぐみ」の
ママ。";"The tobacco shop owner's daughter.
A third-year middle school girl.
Her mother runs the snack bar ""Megumi."" ";"0019FA80"
"6";"0019ECE8";"カンナ";"Kanna";"0019FA88"
"6";"0019ECF0";"ミヨの友達。釣り具屋の娘。";"Miyo's friend. The fishing tackle shop owner's daughter.";"0019FA90"
"6";"0019ED10";"お好み焼き屋";"Okonomiyaki Restaurant Owner";"0019FA98"
"6";"0019ED20";"パチパラ町のお好み焼き屋「べん
てん」の店主。";"The owner of the okonomiyaki restaurant ""Benten""
in PachiPara Town.";"0019FAA0"
"6";"0019ED50";"タバコ屋";;"0019FAA8"
"6";"0019ED60";"パチパラ町のタバコ屋、「はしも
と」のおばあちゃん。";;"0019FAB0"
"6";"0019ED98";"情報屋";;"0019FAB8"
"6";"0019EDA0";"大海町にある病院「大海病院」、
その待合室のソファに座る男。
大海町のトイレで商売をしている
男性との、やり取りの仕方を教え
てくれる。";;"0019FAC0"
"6";"0019EE28";"トイレの商人";;"0019FAC8"
"6";"0019EE40";"大海町にある「キッチン たま」
のトイレを商売場所としている闇
商人。
ここで買った品物は“例の場所”
に配送されている。";;"0019FAD0"
"6";"0019EEB8";"洞口 明子";;"0019FAD8"
"6";"0019EED0";"大海町の銭湯「海の湯」にて、番
台のおばちゃんに風呂を覗かれた
と通報してきた女性。
その後、犯人を自ら探し出すため
毎日、海の湯前で行き交う人を監
視している。";;"0019FAE0"
"6";"0019EF70";"塀の上の野良猫";;"0019FAE8"
"6";"0019EF80";"大海町の銭湯「海の湯」の塀の上
で、人間を見下すようにふてぶて
しく座っている野良猫。
捕まえようとすると、走って逃げ
て行く。";;"0019FAF0"
"6";"0019F000";"写真屋";;"0019FAF8"
"6";"0019F010";"大海町の写真館「小暮写真館」主
人。趣味は人形の作成。";;"0019FB00"
"6";"0019F048";"１０１号室の男";;"0019FB08"
"6";"0019F060";"大海町にあるアパート、「メゾン
大海」の１０１号室に住んでいる
男性。
部屋から外に出た姿を誰も見たこ
とがない、不気味な男性。";;"0019FB10"
"6";"0019F0E0";"番台のおばちゃん ";;"0019FB18"
"6";"0019F100";"大海町の銭湯「海の湯」の番台に
座っているおばちゃん。
先代から続く銭湯を一人で切り盛
りする、パワフルな一面を持って
いる。";;"0019FB20"
"6";"0019F180";"柳田 まさと";;"0019FB28"
"6";"0019F190";"大海町の公園で早朝行われている
ラジオ体操の指導員。さわやかで
健康的な青年。";;"0019FB30"
"6";"0019F1E0";"黒崎 竜介";;"0019FB38"
"6";"0019F1F0";"プロボクサー。アルバイトとして
大海町のパチンコ店「ベリーラッ
キー」で働いている。";;"0019FB40"
"6";"0019F248";"大八";"Daihachi";"0019FB48"
"6";"0019F250";"「ベリーラッキー」に出没するパ
チプロ。
いつもイライラしている。";;"0019FB50"
"6";"0019F298";"沙織";;"0019FB58"
"6";"0019F2A0";"「ベリーラッキー」の店員。
柳田と親しかったという。";;"0019FB60"
"6";"0019F2D8";"串カツ屋";;"0019FB68"
"6";"0019F2F0";"パチパラ町の串カツ屋「串銀」の
店主。本名沼尻辰男。銀玉会館か
ら逃げる際に柳田に目撃された。";;"0019FB70"
"6";"0019F350";"パチンコ台";;"0019FB78"
"6";"0019F360";"ハンドルにペンキが塗られるとい
うイタズラが続発しているパチン
コ台。
多くの客が被害に遭っている。";;"0019FB80"
"6";"0019F3D0";"パチンコ界の重鎮";;"0019FB88"
"6";"0019F3F0";"大胆な切り口からの批評で、かつ
て一時代を築いた有名パチンコ評
論家。
最近の型にはまりきったパチンコ
に不満を感じている。";;"0019FB90"
"6";"0019F470";"板ばさみに合う夫";;"0019FB98"
"6";"0019F490";"嫁姑問題の真っ只中に立たされる
男。
家に帰るのが億劫で、頻繁に「ベ
リーラッキー」を訪れている。";;"0019FBA0"
"6";"0019F4F0";"岩田 広道";;"0019FBA8"
"6";"0019F500";"パチパラ町の土地を狙う、土地ブ
ローカー。
手段を選ばず住民を無理やり立ち
退かせようとする。";;"0019FBB0"
"6";"0019F560";"榎本 澄夫";;"0019FBB8"
"6";"0019F570";"大海町の寿司店、「えの鮨」の店
主。ある日を境に失踪している。";;"0019FBC0"
"6";"0019F5B0";"岩田 広道";;"0019FBC8"
"6";"0019F5C0";"パチパラ町の土地を狙う、土地ブ
ローカー。
手段を選ばず住民を無理やり立ち
退かせようとする。";;"0019FBD0"
"6";"0019F620";"榎本 澄夫";;"0019FBD8"
"6";"0019F630";"大海町の寿司店、「えの鮨」の店
主。ある日を境に失踪している。";;"0019FBE0"
"6";"0019F670";"屋台";;"0019FBE8"
"6";"0019F680";"パチパラ町、大海町、出玉町を回
るラーメン屋台。";;"0019FBF0"
"6";"0019F6B0";"ホステス あけみ";;"0019FBF8"
"6";"0019F6C0";"スナック「めぐみ」で働くホステ
ス。とある組織の親分の娘で、駆
け落ち同然に結婚をし、かずみを
授かった。夫とは死別している。";;"0019FC00"
"6";"0019F740";"かずみ";;"0019FC08"
"6";"0019F750";"ホステスあけみの娘。しかし、本
当は男の子で、身を隠すために女
の子の格好をあけみから強いられ
ていた。本名は「かずや」。";;"0019FC10"
"6";"0019F7C8";"コワモテの男";;"0019FC18"
"6";"0019F7E0";"スナック「めぐみ」を訪れた人相
の悪い男。どうやらあけみを探し
ているらしい。";;"0019FC20"
"6";"0019F830";"めぐみママ";;"0019FC28"
"6";"0019F840";"スナック「めぐみ」のママ。
行方の分からなくなった、あけみ
とかずみのことを心配している。";;"0019FC30"
"6";"0019F8A0";"静香";;"0019FC38"
"6";"0019F8B0";"何者かに殺害された出玉町の「ク
ラブ女豹」のホステス。
静香はパチパラ町出身なのを言い
たくなかったようだ。";;"0019FC40"
"6";"0019F920";"直美";;"0019FC48"
"6";"0019F930";"出玉町の「クラブ女豹」で働くホ
ステス。
静香と同じパチパラ町の生まれ。";;"0019FC50"
"6";"0019F978";"榎本 澄雄";;"0019FC58"
"6";"0019F990";"大海町の寿司店、「えの鮨」の店
主。ある日を境に失踪している。";;"0019FC60"
"6";"0019F9D0";"岩田 広道";;"0019FC68"
"6";"0019F9E0";"「クラブ女豹」で静香を指名して
いた男。眼鏡をかけており目つき
が鋭い人物のようだ。";;"0019FC70"
"7";"0019FF70";"マップ１−１釣りポイント１";"Map 1-1: Fishing Spot 1";"0019FF90"
"8";"001A0410";"アジ";"Horse Mackerel";"001A0B60"
"8";"001A0418";"サンマ";"Pacific Saury";"001A0B68"
"8";"001A0420";"タチウオ";"Beltfish";"001A0B70"
"8";"001A0430";"カレイ";"Flounder";"001A0B78"
"8";"001A0438";"フグ";"Pufferfish";"001A0B80"
"8";"001A0440";"イカ";"Squid";"001A0B88"
"8";"001A0448";"タコ";"Octopus";"001A0B90"
"8";"001A0450";"ヒラメ";"Olive Flounder";"001A0B98"
"8";"001A0458";"タイ";"Sea Bream";"001A0BA0"
"8";"001A0460";"サケ";"Salmon";"001A0BA8"
"8";"001A0468";"ブリ";"Yellowtail";"001A0BB0"
"8";"001A0470";"エイ";"Stingray";"001A0BB8"
"8";"001A0478";"$plウオ";"$pl Fish";"001A0BC0"
"8";"001A0480";"マグロ";"Tuna";"001A0BC8"
"8";"001A0488";"カジキ";"Marlin";"001A0BD0"
"8";"001A0490";"コイ";"Carp";"001A0BD8"
"8";"001A0498";"ウナギ";"Eel";"001A0BE0"
"8";"001A04A0";"カメ";"Turtle";"001A0BE8"
"8";"001A04A8";"ナマズ";"Catfish";"001A0BF0"
"8";"001A04B0";"ザリガニ";"Crayfish";"001A0BF8"
"8";"001A04C0";"見慣れた魚";"Familiar Fish";"001A0C00"
"8";"001A04D0";"細長い魚";"Slender Fish";"001A0C08"
"8";"001A04E0";"細長い魚";"Slender Fish";"001A0C10"
"8";"001A04F0";"平べったい魚";"Flat Fish";"001A0C18"
"8";"001A0500";"ふくれた魚";"Puffed-Up Fish";"001A0C20"
"8";"001A0510";"軟らかい魚？";"Soft Fish?";"001A0C28"
"8";"001A0520";"軟らかい魚？";"Soft Fish?";"001A0C30"
"8";"001A0530";"平べったい魚";"Flat Fish";"001A0C38"
"8";"001A0540";"大物";"Big Fish";"001A0C40"
"8";"001A0548";"大物";"Big Fish";"001A0C48"
"8";"001A0550";"大物";"Big Fish";"001A0C50"
"8";"001A0558";"平べったい魚";"Flat Fish";"001A0C58"
"8";"001A0568";"七色の魚";"Rainbow Fish";"001A0C60"
"8";"001A0578";"超大物";"Massive Fish";"001A0C68"
"8";"001A0580";"超大物";"Massive Fish";"001A0C70"
"8";"001A0588";"立派な魚";"Splendid Fish";"001A0C78"
"8";"001A0598";"細長い魚";"Slender Fish";"001A0C80"
"8";"001A05A8";"硬い魚？";"Impressive Fish";"001A0C88"
"8";"001A05B8";"大物";"Big Fish";"001A0C90"
"8";"001A05C0";"ハサミがある魚？";"Clawed Fish?";"001A0C98"
"8";"001A05E0";"名前に偽りない美味しい魚
ぜいごと呼ばれるトゲ状の硬いウロコをもつ";"A delicious fish that lives up to its name.
It has sharp, bony scales known as ""zeigo.""";"001A0CA0"
"8";"001A0630";"秋の味覚を代表する魚
庶民の魚として広く親しまれている";"The fish that defines the taste of autumn.
It's widely beloved by everyday people across Japan.";"001A0CA8"
"8";"001A0670";"太刀のように細長い体の魚
立ち泳ぎをするのが名前の由来という説もある";"A long, slender cutlassfish shaped like a sword.
One theory says its name comes from the way it swims upright.";"001A0CB0"
"8";"001A06C0";"海底に生息する平べったい体の魚
体の右側に寄ってふたつの目がついている";"A flat-bodied fish that lives on the seafloor.
Both eyes are positioned on the right side of its body.";"001A0CB8"
"8";"001A0710";"皮や内臓に毒を持つ魚
調理を行うには資格が必要になる";"A fish whose skin and organs are poisonous.
A special license is required to prepare it.";"001A0CC0"
"8";"001A0750";"１０本足の軟体動物
　足の吸盤は　捕らえた獲物を逃さない";"A ten-armed cephalopod.
Its suction cups won't let prey escape.";"001A0CC8"
"8";"001A0790";"８本足の軟体動物
　危険を感じると、目くらましに黒い墨を吐き出す";"An eight-armed cephalopod.
When threatened, it squirts a cloud of black ink to blind its pursuers.";"001A0CD0"
"8";"001A07D0";"海底に生息する平べったい体の魚
カレイとは逆に　体の左側に目がついている";"A flat-bodied halibut fish that lives on the seafloor.
Unlike the right-eye flounder, both eyes are on its left side.";"001A0CD8"
"8";"001A0820";"「腐ってもタイ」と言われる高価な魚
その名前から縁起の良い魚とされる　";"An expensive fish said to ""taste good even when spoiled.""
it's also considered auspiciously lucky thanks to its name.";"001A0CE0"
"8";"001A0870";"産卵のため　生まれた川に戻ってくる魚
産卵が近づくとまだら模様が浮かびあがる";"A fish that returns to the river of its birth to spawn.
As spawning nears, mottled patterns appear.";"001A0CE8"
"8";"001A08C0";"大きさによって呼び名が変わる出世魚
80cm以上のものをブリと呼ぶ";"A Japanese amberjack fish whose name changes as it grows.
Once it exceeds 80 cm, it earns the name ""yellowtail.""";"001A0CF0"
"8";"001A0900";"平べったい体と長い尻尾が特徴
尻尾の先に鋭い毒針を持っている";"A ray fish known for its flat body and long tail.
The tip of its tail carries a sharp, venomous spine.";"001A0CF8"
"8";"001A0940";"最近発見された新種の魚
その名前は発見者の名前からつけられている";"A newly discovered fish.
Its name was given in honor of the person who found it.";"001A0D00"
"8";"001A0980";"泳ぐのをやめると死んでしまう回遊魚
脂身であるトロはたいへん美味で、高級品である";"A migratory fish that dies if it stops swimming.
Its fatty belly meat, known as ""toro,"" is a highly prized delicacy.";"001A0D08"
"8";"001A09D0";"長く尖った上アゴを持つ魚
上アゴはエサとなる生物への攻撃に使われる";"A fish with a long, pointed upper jaw.
It uses that spear-like bill to attack its prey.";"001A0D10"
"8";"001A0A20";"口元のヒゲが特徴的な魚
お金持ちの家の池には必ず飼われている";"A fish characterized by whiskers around its mouth.
It's often kept in the ponds of wealthy households.";"001A0D18"
"8";"001A0A60";"細長くヌルヌルした体の魚
手でうまく掴むのは至難の業である";"A long, slippery fish with a slimy body.
Holding it with your bare hands is nearly impossible.";"001A0D20"
"8";"001A0AA0";"背中に硬い甲羅を背負った爬虫類
動きはとてもノロい";"A reptile carrying a hard shell on its back.
It moves very slowly and deliberately.";"001A0D28"
"8";"001A0AE0";"ユーモラスな顔の魚
地震を予知し、暴れると言われている";"A fish with a comical face.
Legend says it can predict earthquakes when it thrashes around.";"001A0D30"
"8";"001A0B20";"大きなハサミをもつエビ？
赤色以外にも様々な色のザリガニがいる";"A shrimp-like creature with big pincers?
Crayfish actually come in many colors besides red.";"001A0D38"
"9";"001A42F0";"パチパラ町";"PachiPara Town";"001A4340"
"9";"001A4300";"あすなろ荘";"Asunaro Apartments";"001A4348"
"9";"001A4310";"大海町";"Payout Town";"001A4350"
"9";"001A4318";"メゾン大海";"Payout Heights";"001A4358"
"9";"001A4328";"出玉町";"Great Sea Town";"001A4360"
"9";"001A4330";"ハイツ出玉";"Great Sea Maison";"001A4368"
"10";"001A4680";"床配置中";"Arranging: Floor";"001A4740"
"10";"001A4690";"床片付け中";"Removing: Floor";"001A4748"
"10";"001A46A0";"壁配置中";"Arranging: Wall";"001A4750"
"10";"001A46B0";"壁片付け中";"Removing: Wall";"001A4758"
"10";"001A46C0";"天井配置中";"Arranging: Ceiling";"001A4760"
"10";"001A46D0";"天井片付け中";"Removing: Ceiling";"001A4768"
"10";"001A46E0";"敷物配置中";"Arranging: Rug";"001A4770"
"10";"001A46F0";"敷物片付け中";"Removing: Rug";"001A4778"
"10";"001A4700";"小物配置中";"Arranging: Decor";"001A4780"
"10";"001A4710";"小物片付け中";"Removing: Decor";"001A4788"
"10";"001A4720";"窓辺配置中";"Arranging: Window";"001A4790"
"10";"001A4730";"窓辺片付け中";"Removing: Window";"001A4798"
"11";"001A7DE8";"テスト１店";"Test Store 1";"001A7F38"
"11";"001A7DF8";"テスト２店";"Test Store 2";"001A7F40"
"11";"001A7E08";"銀玉会館";"Silver Ball Hall";"001A7F48"
"11";"001A7E18";"ベリーラッキー";"Very Lucky";"001A7F50"
"11";"001A7E28";"シルバームーン";"Silver Moon";"001A7F58"
"11";"001A7E40";"タバコ屋　はしもと";"Hashimoto Tobacco Shop";"001A7F60"
"11";"001A7E58";"小暮写真館";;"001A7F68"
"11";"001A7E68";"パーマモンロー";;"001A7F70"
"11";"001A7E80";"釣り具屋　うお八";;"001A7F78"
"11";"001A7E98";"質屋　くらま";;"001A7F80"
"11";"001A7EA8";"お面屋";;"001A7F88"
"11";"001A7EB0";"ファッション・シルビア";;"001A7F90"
"11";"001A7ED0";"シューズ・セシル";;"001A7F98"
"11";"001A7EF0";"釣りエサ売りおじさん";;"001A7FA0"
"11";"001A7F10";"釣りエサ売り作業員";;"001A7FA8"
"11";"001A7F28";"金魚すくい";;"001A7FB0"
"12";"001AE2E0";"項目を選択してください";"Please select an item.";"001AE4F8"
"12";"001AE300";"ロードするデータを選択してください";;"001AE500"
"12";"001AE330";"セーブするデータを選択してください";;"001AE508"
"12";"001AE360";"出玉に関するデータを確認します";;"001AE510"
"12";"001AE380";"収支に関するデータを確認します";;"001AE518"
"12";"001AE3A0";"液晶回転数に関するデータを確認します";;"001AE520"
"12";"001AE3D0";"リーチ演出に関するデータを確認します";;"001AE528"
"12";"001AE400";"大当りに関するデータを確認します";;"001AE530"
"12";"001AE430";"大当りの履歴データを確認します";;"001AE538"
"12";"001AE450";"リーチ全般のデータを確認します";;"001AE540"
"12";"001AE470";"ラグーンステージのデータを確認します";;"001AE548"
"12";"001AE4A0";"アトランティスステージのデータを確認します";;"001AE550"
"12";"001AE4D0";"トレジャーステージのデータを確認します";;"001AE558"
"13";"001AFA00";"　　　　　攻略条件";"　　　　　Requirements";"001B00B8"
"13";"001AFA20";"◎持ち玉　　　　　　 2500発";"◎Starting Balls　　　　　　 2500 Rounds";"001B00C0"
"13";"001AFA40";"◎制限時間　　　　　　2時間";"◎Time Limit　　　　　　　　　2 hours";"001B00C8"
"13";"001AFA60";"◎目標獲得出玉数　　6000発";"◎Target Number of Balls　　6,000 Rounds";"001B00D0"
"13";"001AFA80";"パスワード";"Password";"001B00D8"
"13";"001AFA90";"あいれむそふとうえあ";;"001B00E0"
"13";"001AFAB0";"※このパスワードは仮のものです。";;"001B00E8"
"13";"001AFAE0";"これでプレゼントの応募はできません。";;"001B00F0"
"13";"001AFB10";"項目を選択してください";"Please select an item.";"001B00F8"
"13";"001AFB30";"ルール説明項目を選択してください";;"001B0100"
"13";"001AFB60";"攻略する機種を選択してください";;"001B0108"
"13";"001AFB80";"実戦攻略とは、制限時間内に獲得出玉数を
目標数以上にする事を目指すモードです";;"001B0110"
"13";"001AFBD0";"詳しい攻略条件は
上記の攻略条件一覧をご確認ください";;"001B0118"
"13";"001AFC10";"なお台移動、機種変更は自由です";;"001B0120"
"13";"001AFC30";"また、実戦攻略はいつでも
終了する事ができます";;"001B0128"
"13";"001AFC60";"この場合、獲得出玉数は終了時点の状態で
計算されますので、ご注意ください";;"001B0130"
"13";"001AFCB0";"攻略終了時の獲得出玉数が目標獲得出玉数を
超えていると攻略は成功となります";;"001B0150"
"13";"001AFD00";"逆に目標獲得出玉数を下回っていた場合は
攻略失敗となります";;"001B0158"
"13";"001AFD40";"また持ち玉が無くなった場合は
制限時間にならなくても攻略失敗となります";;"001B0160"
"13";"001AFD90";"制限時間になった場合、獲得出玉数は
その時点までに獲得しているものとなります";;"001B0168"
"13";"001AFDE0";"大当り中制限時間に達した場合、残念ながら
残りラウンド分の出玉は無しとなります";;"001B0170"
"13";"001AFE30";"攻略成功になると、画面中にパスワード
が表示されます";;"001B0190"
"13";"001AFE70";"パスワードは攻略終了後1回しか
表示されません";;"001B0198"
"13";"001AFEA0";"パスワードの写し間違いには
ご注意ください";;"001B01A0"
"13";"001AFED0";"このパスワードをアンケートハガキに記入
して送っていただくことで";;"001B01A8"
"13";"001AFF10";"大出血！　出玉プレゼントに応募することが
できます";;"001B01B0"
"13";"001AFF50";"軍資金や、パチパラ特製グッズ等
豪華賞品を抽選でプレゼントいたします";;"001B01B8"
"13";"001AFFA0";"詳しい内容については
このソフトの解説書をご確認ください";;"001B01C0"
"13";"001AFFE0";"攻略結果を見てみましょう";;"001B01D0"
"13";"001B0000";"おめでとうございます　攻略成功です！";;"001B01D8"
"13";"001B0030";"残念…　攻略失敗です";;"001B01E0"
"13";"001B0050";"パスワードです
忘れずにメモしてください";;"001B01E8"
"13";"001B0078";"攻略結果";;"001B01F0"
"13";"001B0090";"◎目標獲得出玉数";;"001B01F8"
"13";"001B00A8";"◎獲得出玉数";;"001B0200"
"14";"001B6370";"大海物語のリーチ演出を見る事ができます";;"001B6900"
"14";"001B63A0";"大海物語の大当り演出を見る事ができます";;"001B6908"
"14";"001B63D0";"大海物語の各演出を見る事ができます";;"001B6910"
"14";"001B6400";"大当り確率を設定し、図柄を回転させます";;"001B6918"
"14";"001B6430";"液晶ビューを終了します";;"001B6920"
"14";"001B6450";"ラグーンステージのリーチ演出を
参照します";;"001B6928"
"14";"001B6480";"アトランティスステージのリーチ演出を
参照します";;"001B6930"
"14";"001B64B0";"トレジャーステージのリーチ演出を
参照します";;"001B6938"
"14";"001B64E0";"参照したいリーチ演出の項目を
選択してください";;"001B6940"
"14";"001B6510";"大当り、はずれを選択してください";;"001B6948"
"14";"001B6540";"ラグーンステージの大当り演出を参照します";;"001B6950"
"14";"001B6570";"アトランティスステージの大当り演出を
参照します";;"001B6958"
"14";"001B65A0";"トレジャーステージの大当り演出を
参照します";;"001B6960"
"14";"001B65D0";"ラグーン、アトランティスステージでの
サムリーチ後の大当り演出を参照します";;"001B6968"
"14";"001B6620";"トレジャーステージでの
サムリーチ後の大当り演出を参照します";;"001B6970"
"14";"001B6660";"プレミアム大当り演出（５連チャン）
を参照します";;"001B6978"
"14";"001B6690";"プレミアム大当り演出（１０連チャン）
を参照します";;"001B6980"
"14";"001B66D0";"大海物語のタイトル演出を参照します";;"001B6988"
"14";"001B6700";"エンディング演出「チャンス」を参照します";;"001B6990"
"14";"001B6730";"エンディング演出「もう１回」を参照します";;"001B6998"
"14";"001B6760";"プレミアエンディング演出（５連チャン）
「チャンス」を参照します";;"001B69A0"
"14";"001B67A0";"プレミアエンディング演出（５連チャン）
「もう１回」を参照します";;"001B69A8"
"14";"001B67E0";"プレミアエンディング演出（１０連チャン）
「チャンス」を参照します";;"001B69B0"
"14";"001B6830";"プレミアエンディング演出（１０連チャン）
「もう１回」を参照します";;"001B69B8"
"14";"001B6880";"通常時の確率で液晶を回転します";;"001B69C0"
"14";"001B68A0";"確変時の確率で液晶を回転します";;"001B69C8"
"14";"001B68C0";"回転時の確率を設定してください";;"001B69D0"
"14";"001B68E0";"回転時の確率を設定してください";;"001B69D8"
"15";"001B69E0";"マリンちゃん";;"001B72F8"
"15";"001B69F0";"　　サム";;"001B7300"
"15";"001B6A00";"主人公　男";;"001B7308"
"15";"001B6A10";"主人公　女";;"001B7310"
"15";"001B6A20";"　白石紀子";;"001B7318"
"15";"001B6A30";"　片山昭吾";;"001B7320"
"15";"001B6A40";"　黒崎竜介";;"001B7328"
"15";"001B6A50";"　朝倉徹";;"001B7330"
"15";"001B6A60";"　桂木綾";;"001B7338"
"15";"001B6A70";"　美沢ゆき";;"001B7340"
"15";"001B6A80";"ラグーンタイプの
オレンジ水着
マリンちゃん愛用で
昔からおなじみ";;"001B7348"
"15";"001B6AC0";"アトランティスタイプ
の赤い水着
キュートな
ハイビスカスが目印だ";;"001B7350"
"15";"001B6B00";"トレジャータイプの
ウェットスーツ
深い海もこれで安心";;"001B7358"
"15";"001B6B40";"サム愛用の
ビキニパンツの水着";;"001B7360"
"15";"001B6B60";"トレジャータイプの
ウェットスーツ
大海物語で初登場の
コスチューム";;"001B7368"
"15";"001B6BB0";"パチプロ風雲録の
主人公（男）
パチプロとしての腕前を磨くため、全国を旅している
殺人事件の容疑者として捕まる";;"001B7370"
"15";"001B6C20";"主人公（男）の浴衣姿";;"001B7378"
"15";"001B6C40";"主人公（男）の水着姿";;"001B7380"
"15";"001B6C60";"パチプロ風雲録の
主人公（女）
パチプロとしての腕前を磨くため、全国を旅している
殺人事件の容疑者として捕まる";;"001B7388"
"15";"001B6CD0";"主人公（女）の浴衣姿";;"001B7390"
"15";"001B6CF0";"主人公（女）の水着姿";;"001B7398"
"15";"001B6D10";"白石紀子の私服姿
主人公が銀玉会館で発見した事件の被害者
頭を強打しており、そのショックで記憶を失っている";;"001B73A0"
"15";"001B6D80";"白石紀子の制服姿";;"001B73A8"
"15";"001B6DA0";"白石紀子の浴衣姿";;"001B73B0"
"15";"001B6DC0";"白石紀子のパジャマ姿";;"001B73B8"
"15";"001B6DE0";"白石紀子のネグリジェ姿";;"001B73C0"
"15";"001B6E00";"白石紀子の水着姿";;"001B73C8"
"15";"001B6E20";"片山昭吾の私服姿
パチパラ町の交番に勤務する若き警官
正義を愛し、警官の仕事を誇りに思っている";;"001B73D0"
"15";"001B6E80";"片山昭吾の制服姿";;"001B73D8"
"15";"001B6EA0";"片山昭吾の浴衣姿";;"001B73E0"
"15";"001B6EC0";"片山昭吾のパジャマ姿";;"001B73E8"
"15";"001B6EE0";"片山昭吾の甚平姿";;"001B73F0"
"15";"001B6F00";"片山昭吾の水着姿";;"001B73F8"
"15";"001B6F20";"黒崎竜介の私服姿
大海町にあるパチンコ店「ベリーラッキー」の店員
本業はボクサー
日本チャンピオンを目指してトレーニングを続けている";;"001B7400"
"15";"001B6FB0";"黒崎竜介の制服姿";;"001B7408"
"15";"001B6FD0";"黒崎竜介の浴衣姿";;"001B7410"
"15";"001B6FF0";"黒崎竜介のパジャマ姿";;"001B7418"
"15";"001B7010";"黒崎竜介のふんどし姿";;"001B7420"
"15";"001B7030";"黒崎竜介の水着姿";;"001B7428"
"15";"001B7050";"朝倉徹の私服姿
出玉町の中国料理店
「竜玉楼」の店員
物腰が柔らかく、鷹揚
読書が趣味で、いつも本を読んでいる";;"001B7430"
"15";"001B70C0";"朝倉徹の制服姿";;"001B7438"
"15";"001B70D0";"朝倉徹の浴衣姿";;"001B7440"
"15";"001B70E0";"朝倉徹のパジャマ姿";;"001B7448"
"15";"001B7100";"朝倉徹のバスローブ姿";;"001B7450"
"15";"001B7118";"朝倉徹の水着姿";;"001B7458"
"15";"001B7130";"桂木綾の私服姿
出玉町の裏パチンコ店「シルバームーン」の店員
思慮深いおとなの女";;"001B7460"
"15";"001B7180";"桂木綾の制服姿";;"001B7468"
"15";"001B7190";"桂木綾の浴衣姿";;"001B7470"
"15";"001B71A0";"桂木綾のパジャマ姿";;"001B7478"
"15";"001B71C0";"桂木綾のバニースーツ姿";;"001B7480"
"15";"001B71D8";"桂木綾の水着姿";;"001B7488"
"15";"001B71F0";"美沢ゆきの私服姿
大海町にあるパチンコ店「ベリーラッキー」の店員
快活で明るく人付き合いがよいが、寂しがりや";;"001B7490"
"15";"001B7260";"美沢ゆきの制服姿";;"001B7498"
"15";"001B7280";"美沢ゆきの浴衣姿";;"001B74A0"
"15";"001B72A0";"美沢ゆきのパジャマ姿";;"001B74A8"
"15";"001B72C0";"美沢ゆきのＹシャツ姿";;"001B74B0"
"15";"001B72E0";"美沢ゆきの水着姿";;"001B74B8"
"16";"001B85C0";"アナログコントローラの振動を設定します";"Vibration";"001B8670"
"16";"001B85F0";"サウンドの設定をします";"Sound Settings";"001B8678"
"16";"001B8610";"ＢＧＭの音量を設定します";"Music Volume";"001B8680"
"16";"001B8630";"ＳＥの音量を設定します";"SFX Volume";"001B8688"
"16";"001B8650";"盤面の明るさを設定します";"Screen Brightness";"001B8690"
"17";"001B8B38";"皇帝の心眼";;"001B8DF8"
"17";"001B8B48";"四人の騎士";;"001B8E00"
"17";"001B8B58";"運命の風車";;"001B8E08"
"17";"001B8B68";"燃える魂";;"001B8E10"
"17";"001B8B78";"蒼き流星群";"Azure Meteor Swarm";"001B8E18"
"17";"001B8B88";"賢者の金庫";;"001B8E20"
"17";"001B8B98";"恵みの泉";;"001B8E28"
"17";"001B8BA8";"銀玉の咆哮";;"001B8E30"
"17";"001B8BB8";"惑わしの月";;"001B8E38"
"17";"001B8BC8";"開花の万力";;"001B8E40"
"17";"001B8BE0";"３つの心眼ゲージ上を移動するカーソルを
目押しすることで、大当りを引き当てる";;"001B8E48"
"17";"001B8C30";"一定時間、常に保留玉数が最大状態となる";;"001B8E50"
"17";"001B8C60";"時間内に規定回数風車に玉を当てることで
大当りを引き当てる";;"001B8E58"
"17";"001B8CA0";"一定時間、必殺技ゲージが増えやすくなる";;"001B8E60"
"17";"001B8CD0";"一定時間、打ち出したパチンコ玉が
役物を貫通してチャッカーを目指す";;"001B8E68"
"17";"001B8D20";"一定時間、持ち玉が減らなくなる";;"001B8E70"
"17";"001B8D40";"一定時間、賞球数が２倍になる";;"001B8E78"
"17";"001B8D60";"必ず大当りを引き当てる、
究極のパチプロ必殺技";;"001B8E80"
"17";"001B8D90";"一定時間、敵の玉の移動速度を落とす";;"001B8E88"
"17";"001B8DC0";"□ボタンを連打することで
スタートチャッカーをこじ開ける";;"001B8E90"
"18";"001B9050";"０１：アイレムジングル";;"001B99C8"
"18";"001B9070";"０２：大海と夏の思い出";;"001B99D0"
"18";"001B9090";"０３：モード選択";;"001B99D8"
"18";"001B90A8";"０４：通常攻略";"Normal Mode";"001B99E0"
"18";"001B90B8";"０５：実戦攻略";"Challenge Mode";"001B99E8"
"18";"001B90C8";"０６：台選択";;"001B99F0"
"18";"001B90E0";"０７：攻略結果は？";;"001B99F8"
"18";"001B9100";"０８：攻略成功！";;"001B9A00"
"18";"001B9120";"０９：攻略失敗…";;"001B9A08"
"18";"001B9140";"１０：液晶ビュー";;"001B9A10"
"18";"001B9160";"１１：パンフレット";;"001B9A18"
"18";"001B9178";"１２：サウンド";;"001B9A20"
"18";"001B9190";"１３：銀玉殺人事件";;"001B9A28"
"18";"001B91B0";"１４：パチパラ町";;"001B9A30"
"18";"001B91D0";"１５：パチパラ町の朝";;"001B9A38"
"18";"001B91F0";"１６：パチパラ町の夜";;"001B9A40"
"18";"001B9208";"１７：大海町";;"001B9A48"
"18";"001B9220";"１８：大海町の朝";;"001B9A50"
"18";"001B9240";"１９：大海町の夜";;"001B9A58"
"18";"001B9258";"２０：出玉町";;"001B9A60"
"18";"001B9270";"２１：出玉町の朝";;"001B9A68"
"18";"001B9290";"２２：出玉町の夜";;"001B9A70"
"18";"001B92A8";"２３：銀玉会館";"Silver Ball Hall";"001B9A78"
"18";"001B92C0";"２４：ベリーラッキー";;"001B9A80"
"18";"001B92E0";"２５：シルバームーン";;"001B9A88"
"18";"001B92F8";"２６：閉店時間";;"001B9A90"
"18";"001B9310";"２７：下町の飲み屋";;"001B9A98"
"18";"001B9328";"２８：甘味処";"Sweet Shop";"001B9AA0"
"18";"001B9340";"２９：レストラン";;"001B9AA8"
"18";"001B9358";"３０：お食事処";;"001B9AB0"
"18";"001B9368";"３１：中国料理";;"001B9AB8"
"18";"001B9380";"３２：お店で買い物";;"001B9AC0"
"18";"001B93A0";"３３：あすなろ荘";;"001B9AC8"
"18";"001B93C0";"３４：メゾン大海";;"001B9AD0"
"18";"001B93E0";"３５：ハイツ出玉";;"001B9AD8"
"18";"001B9400";"３６：銭湯海の湯";;"001B9AE0"
"18";"001B9418";"３７：盆踊り";;"001B9AE8"
"18";"001B9428";"３８：事件発生";;"001B9AF0"
"18";"001B9438";"３９：謎の解明";;"001B9AF8"
"18";"001B9448";"４０：事件解決";;"001B9B00"
"18";"001B9460";"４１：めぐる推理";;"001B9B08"
"18";"001B9480";"４２：パチンコ勝負１";;"001B9B10"
"18";"001B94A0";"４３：パチンコ勝負２";;"001B9B18"
"18";"001B94B8";"４４：大勝利！";;"001B9B20"
"18";"001B94C8";"４５：敗北…";;"001B9B28"
"18";"001B94D8";"４６：イベント";;"001B9B30"
"18";"001B94E8";"４７：高級店舗";;"001B9B38"
"18";"001B94F8";"４８：悲しみ";;"001B9B40"
"18";"001B9508";"４９：落ち込み";;"001B9B48"
"18";"001B9518";"５０：起床";;"001B9B50"
"18";"001B9528";"５１：就寝";;"001B9B58"
"18";"001B9540";"０１：ラグーン変動音";;"001B9B60"
"18";"001B9560";"０２：アトランティス変動音";;"001B9B68"
"18";"001B9580";"０３：トレジャー変動音";;"001B9B70"
"18";"001B95A0";"０４：変動音（確変中）";;"001B9B78"
"18";"001B95C0";"０５：変動音（時短中）";;"001B9B80"
"18";"001B95E0";"０６：変動音（海物語）";;"001B9B88"
"18";"001B9600";"０７：シングルリーチ１";;"001B9B90"
"18";"001B9620";"０８：シングルリーチ２";;"001B9B98"
"18";"001B9640";"０９：ダブルリーチ１";;"001B9BA0"
"18";"001B9660";"１０：ダブルリーチ２";;"001B9BA8"
"18";"001B9680";"１１：再変動音１";;"001B9BB0"
"18";"001B96A0";"１２：再変動音２";;"001B9BB8"
"18";"001B96C0";"１３：ノーマルリーチ滑り";;"001B9BC0"
"18";"001B96E0";"１４：珊瑚・女神（前半）";;"001B9BC8"
"18";"001B9700";"１５：珊瑚・女神（後半）";;"001B9BD0"
"18";"001B9720";"１６：宝の山リーチ（前半）";;"001B9BD8"
"18";"001B9740";"１７：宝の山リーチ（後半）";;"001B9BE0"
"18";"001B9760";"１８：ガイコツ船長（前半）";;"001B9BE8"
"18";"001B9780";"１９：ガイコツ船長（後半）";;"001B9BF0"
"18";"001B97A0";"２０：黒潮リーチ";;"001B9BF8"
"18";"001B97C0";"２１：黒潮図柄移行";;"001B9C00"
"18";"001B97E0";"２２：マリンちゃん前半１";;"001B9C08"
"18";"001B9800";"２３：マリンちゃん前半２";;"001B9C10"
"18";"001B9820";"２４：サム前半１";;"001B9C18"
"18";"001B9840";"２５：サム前半２";;"001B9C20"
"18";"001B9860";"２６：マリン・サム後半１";;"001B9C28"
"18";"001B9880";"２７：マリン・サム後半２";;"001B9C30"
"18";"001B98A0";"２８：マリンちゃん再変動";;"001B9C38"
"18";"001B98C0";"２９：枠外プレミアム";;"001B9C40"
"18";"001B98D8";"３０：全回転１";;"001B9C48"
"18";"001B98E8";"３１：全回転２";;"001B9C50"
"18";"001B9900";"３２：オープニング";;"001B9C58"
"18";"001B9918";"３３：開放中１";;"001B9C60"
"18";"001B9928";"３４：開放中２";;"001B9C68"
"18";"001B9938";"３５：開放中３";;"001B9C70"
"18";"001B9948";"３６：開放中４";;"001B9C78"
"18";"001B9958";"３７：最終回１";;"001B9C80"
"18";"001B9968";"３８：最終回２";;"001B9C88"
"18";"001B9978";"３９：最終回３";;"001B9C90"
"18";"001B9990";"４０：エンディング１";;"001B9C98"
"18";"001B99B0";"４１：エンディング２";;"001B9CA0"
"19";"001B9CA8";"縄文杉全高";;"001BAEA0"
"19";"001B9CC0";"出玉を一列に並べた長さが縄文杉の全高２５．３ｍを超えました";;"001BAEB0"
"19";"001B9D00";"（！）一口まめ知識：縄文杉とは？
屋久島に生息する屋久杉のうち、最大級の大きさを持つ屋久杉の名称。
樹齢7200年とも言われ、島の観光名所となっている。
";;"001BAEB8"
"19";"001B9D98";"柴犬体重";;"001BAEC0"
"19";"001B9DB0";"出玉の重量が柴犬成犬の平均体重１４ｋｇを超えました";;"001BAED0"
"19";"001B9DF0";"（！）一口まめ知識：柴犬とは？
日本固有の中型犬。
独特の巻尾を持ち、外国でも愛好家が増えている。";;"001BAED8"
"19";"001B9E58";"パチンコ台重量";;"001BAEE0"
"19";"001B9E70";"出玉の重量がパチンコ台の平均重量２０ｋｇを超えました";;"001BAEF0"
"19";"001B9EB0";"（！）一口まめ知識：パチンコとは？
鉄球を打ち出し、盤上に設けられた入賞口に入れ、払い出される賞球を得るゲーム。
外国のゲーム、ウォールゲーム、バカテルが元になったと言われて
いる。最初は子供用の遊戯機として発展した。";;"001BAEF8"
"19";"001B9F90";"シェパード犬体重";;"001BAF00"
"19";"001B9FB0";"出玉の重量がシェパード犬成犬の平均体重３３ｋｇを超えました";;"001BAF10"
"19";"001B9FF0";"（！）一口まめ知識：シェパード犬とは？
元々は牧羊犬だったものを、軍用犬として育成した犬種。日本では警察犬としても活躍している。";;"001BAF18"
"19";"001BA070";"ホルスタイン子牛体重";;"001BAF20"
"19";"001BA090";"出玉の重量がホルスタイン子牛の平均体重４２．５ｋｇを超えました";;"001BAF30"
"19";"001BA0D0";"（！）一口まめ知識：ホルスタインとは？
乳牛として広く飼育されている牛の一種。";;"001BAF38"
"19";"001BA120";"成人女性体重";;"001BAF40"
"19";"001BA130";"出玉の重量が成人女性の平均体重５３ｋｇを超えました";;"001BAF50"
"19";"001BA170";"（！）一口まめ知識：体重とは？
体の重さの事。ここでは日本人成人女性の平均体重を指す。健康状態の判断の目安の一つとしてよく用いられる。";;"001BAF58"
"19";"001BA1F8";"米一俵重量";;"001BAF60"
"19";"001BA210";"出玉の重量が米一俵の重量６０ｋｇを超えました";;"001BAF70"
"19";"001BA240";"（！）一口まめ知識：米とは？
日本古来より食用とされてきた、代表的な穀物。酒や醤油などの重要な調味料の原料ともなっており、日本人の生活から切り離せないものとなっている。";;"001BAF78"
"19";"001BA2F0";"クフ王ピラミッド全高";;"001BAF80"
"19";"001BA310";"出玉を一列に並べた長さが、クフ王のピラミッド全高１４６ｍを超えました";;"001BAF90"
"19";"001BA360";"（！）一口まめ知識：ピラミッドとは？
主にエジプトで見られる、巨大建造物。農閑期の公共事業として建造されていたらしい。";;"001BAF98"
"19";"001BA3D8";"戦艦大和全長";;"001BAFA0"
"19";"001BA3F0";"出玉を一列に並べた長さが、戦艦大和の全長２６３ｍを超えました";;"001BAFB0"
"19";"001BA430";"（！）一口まめ知識：戦艦大和とは？
旧日本海軍所属の戦艦。世界最大クラスの超ド級戦艦。1945年4月7日鹿児島県坊ノ岬沖で米軍の猛攻を受け、沈没。";;"001BAFB8"
"19";"001BA4C0";"大相撲力士体重";;"001BAFC0"
"19";"001BA4D0";"出玉の重量が大相撲力士の平均体重１５５．５ｋｇ（2005年現在）を超えました";;"001BAFD0"
"19";"001BA520";"（！）一口まめ知識：相撲とは？
円形の土俵中で二人の力士が組みあって、勝敗を決する、日本古来の格闘技。";;"001BAFD8"
"19";"001BA590";"人工衛星ひまわり重量";;"001BAFE0"
"19";"001BA5B0";"出玉の重量が人工衛星ひまわり５号の重量３４５ｋｇを超えました";;"001BAFF0"
"19";"001BA5F0";"（！）一口まめ知識：人工衛星ひまわり５号とは？
日本の気象観測用人工衛星。2005年現在、その任務をひまわり6号に譲っている。";;"001BAFF8"
"19";"001BA670";"ホッキョクグマ体重";;"001BB000"
"19";"001BA690";"出玉の重量がホッキョクグマの平均体重４５０ｋｇを超えました";;"001BB010"
"19";"001BA6D0";"（！）一口まめ知識：ホッキョクグマとは？
アラスカ、シベリアなど北極周辺に生息する肉食動物。クマの中では最大級の大きさを誇る。別名白熊とも言われる。";;"001BB018"
"19";"001BA768";"競馬１２００ｍ";;"001BB020"
"19";"001BA780";"出玉を一列に並べた長さが、競馬１２００ｍコースを超えました";;"001BB030"
"19";"001BA7C0";"（！）一口まめ知識：競馬とは？
一定の長さを馬がどれだけ速く駆け抜けるかを競うスポーツ。";;"001BB038"
"19";"001BA820";"明石海峡大橋全長";;"001BB040"
"19";"001BA840";"出玉を一列に並べた長さが、明石海峡大橋の全長１９９１ｍを超えました";;"001BB050"
"19";"001BA890";"（！）一口まめ知識：明石海峡大橋とは？
淡路島と神戸市を結ぶつり橋。世界最長のつり橋である（2005年現在）";;"001BB058"
"19";"001BA8F8";"富士山全高";;"001BB060"
"19";"001BA910";"出玉を一列に並べた長さが、富士山の全高３７７６ｍを超えました";;"001BB070"
"19";"001BA950";"（！）一口まめ知識：富士山とは？
静岡、山梨県境にある休火山。日本一の標高を誇り、日本百名山にも数えられる。";;"001BB078"
"19";"001BA9C0";"日本海溝深さ";;"001BB080"
"19";"001BA9D0";"出玉を一列に並べた長さが、日本海溝の平均深さ８０００ｍを超えました";;"001BB090"
"19";"001BAA20";"（！）一口まめ知識：日本海溝とは？
東日本沖の太平洋底に存在する海溝。";;"001BB098"
"19";"001BAA68";"エベレスト全高";;"001BB0A0"
"19";"001BAA80";"出玉を一列に並べた長さが、エベレストの全高８８５０ｍを超えました";;"001BB0B0"
"19";"001BAAD0";"（！）一口まめ知識：エベレストとは？
ヒマラヤ山脈にある山で、世界最高峰を誇る。初登頂は１９５３年　イギリス登山隊によって成された。";;"001BB0B8"
"19";"001BAB60";"青函トンネル全長";;"001BB0C0"
"19";"001BAB80";"出玉を一列に並べた長さが、
青函トンネル全長５３．９ｋｍを超えました";;"001BB0D0"
"19";"001BABD0";"（！）一口まめ知識：青函トンネルとは？
津軽海峡を貫き、青森と函館を結ぶ、世界最長（2005年現在）の
海底トンネル。
昭和46年に本工事に着手、昭和62年に完成した。";;"001BB0D8"
"19";"001BAC70";"オリンポス山全高";;"001BB0E0"
"19";"001BAC90";"出玉を一列に並べた長さが、火星の火山オリンポス山全高２２０００ｍ（推測値）を超えました";;"001BB0F0"
"19";"001BACF0";"（！）一口まめ知識：オリンポス山とは？
ギリシア神話のオリンポス山より名をとった、火星の火山。
太陽系最大の大きさをもつ火山でもある。";;"001BB0F8"
"19";"001BAD80";"オーロラ下端高度";;"001BB100"
"19";"001BADA0";"出玉を一列に並べた長さが、オーロラ発光部最下端高度１００ｋｍを超えました";;"001BB110"
"19";"001BADF0";"（！）一口まめ知識：オーロラとは？
地球の極地一帯で見られる、大気の発光現象のこと。太陽風に含まれる荷電粒子が地球の大気中にある酸素原子等と衝突し、発光現象を引き起こしている。";;"001BB118"
"20";"001BBA78";"月曜日";"Monday";"001BBB20"
"20";"001BBA80";"火曜日";"Tuesday";"001BBB28"
"20";"001BBA88";"水曜日";"Wednesday";"001BBB30"
"20";"001BBA90";"木曜日";"Thursday";"001BBB38"
"20";"001BBA98";"金曜日";"Friday";"001BBB40"
"20";"001BBAA0";"土曜日";"Saturday";"001BBB48"
"20";"001BBAA8";"日曜日";"Sunday";"001BBB50"
"20";"001BBAB0";"朝";"Morning";"001BBB58"
"20";"001BBAB8";"昼";"Afternoon";"001BBB60"
"20";"001BBAC0";"夕";"Evening";"001BBB68"
"20";"001BBAC8";"夜";"Night";"001BBB70"
"20";"001BBAD0";"快晴";"Sunny";"001BBB78"
"20";"001BBAD8";"雨";"Rain";"001BBB80"
"20";"001BBAE0";"腹下し";"Upset Stomach";"001BBB88"
"20";"001BBAE8";"腹ぺこ";"Starving";"001BBB90"
"20";"001BBAF0";"腹へり";"Hungry";"001BBB98"
"20";"001BBAF8";"腹八分";"80% Full";"001BBBA0"
"20";"001BBB00";"満腹";"Full";"001BBBA8"
"20";"001BBB08";"大満腹";"Stuffed";"001BBBB0"
"20";"001BBB10";"日目";"Day";"001BBBB8"
"20";"001BBB18";"玉";"Balls";"001BBBC0"
"21";"001BBC28";"夢路";"Dream Path";"001BE4F8"
"21";"001BBC30";"くそっ　負けてたまるかっ！";"Damn it. I won't lose!";"001BE500"
"21";"001BBC50";"ムハハ　俺の勝ちみたいだなぁ";"Mwahaha! It looks like I win.";"001BE508"
"21";"001BBC70";"やるな、おめえ！";"Not bad, kid!";"001BE510"
"21";"001BBC90";"なんだよ！　じゃまするなっ";"What the...! Don't get in my way.";"001BE518"
"21";"001BBCB0";"よし来た！";"Alright, here we go!";"001BE520"
"21";"001BBCC0";"年よりは大事にしねえかっ！";"Show some respect for your elders!";"001BE528"
"21";"001BBCE0";"ひひひっ　また相手してやるよ";"Hehehe, I'll face you again anytime.";"001BE530"
"21";"001BBD00";"ブハッ！　な、何しやがる！";"Bwah! Wh-what the hell are you doing!";"001BE538"
"21";"001BBD20";"残念だったな！";"Better luck next time!";"001BE540"
"21";"001BBD30";"おっ！？　本気を出したな！";"Oh!? Now you’re getting serious!";"001BE548"
"21";"001BBD50";"いくぜ！　「蒼き流星群」！！";"Here I go! ""Azure Meteor Swarm""!!";"001BE550"
"21";"001BBD70";"むぅ　いまいちだったな…";"Hmm, not quite what I was hoping for...";"001BE558"
"21";"001BBD90";"ようし　これからだ！";"All right, now we’re getting started!";"001BE560"
"21";"001BBDB0";"そろそろ本気を出すかな！";"I guess it’s time to stop holding back!";"001BE568"
"21";"001BBDD0";"耳かっぽじって聞きな";"Clean out your ears and listen up.";"001BE570"
"21";"001BBDF0";"制限時間１時間、持ち玉３０００発、
出玉３０００発の早出し勝負だ";"It's a quick-win match with a one-hour time limit, 
3,000 starting balls, and 3,000 payout balls.";"001BE578"
"21";"001BBE30";"時間切れなら、
最終出玉の多い方が勝ち";"If time runs out, 
whoever has the most payout balls at the end wins.";"001BE580"
"21";"001BBE60";"持ち玉が無くなりゃ、
その場で負けだ";"If you run out of balls,
you lose on the spot.";"001BE588"
"21";"001BBE90";"出玉数が同じ場合は、
俺の勝ちだ";"If the payout count is tied,
I win.";"001BE590"
"21";"001BBEB0";"勝負の途中で降りても
俺の勝ちだ";"If you quit during the match,
I still win.";"001BE598"
"21";"001BBED0";"よーし！　始めるぜ！";"All right! Let’s start!";"001BE5A0"
"21";"001BBEF0";"ん？　ルール確認だと？
少し待て…";"Huh? Do you want to check the rules?
Wait a moment...";"001BE5A8"
"21";"001BBF20";"制限時間１時間、持ち玉３０００発、
出玉３０００発の早出し勝負だ";"It's a quick-win match with a one-hour time limit, 
3,000 starting balls, and 3,000 payout balls.";"001BE5B0"
"21";"001BBF60";"ただし時間切れなら、
最終出玉の多い方が勝ちだ";"If time runs out, 
whoever has the most payout balls at the end wins.";"001BE5B8"
"21";"001BBF90";"もちろん持ち玉が無くなれば、
その場で負けだ";"If you run out of balls,
you lose on the spot.";"001BE5C0"
"21";"001BBFC0";"出玉数が同じ場合は、
俺の勝ちだ";"If the payout count is tied,
I win.";"001BE5C8"
"21";"001BBFE0";"勝負の途中で降りても
俺の勝ちだ";"If you quit during the match,
I still win.";"001BE5D0"
"21";"001BC000";"続けるぞ";"Let's keep going.";"001BE5D8"
"21";"001BC010";"おうっ？　降参か？";"Oh? Giving up already?";"001BE5E0"
"21";"001BC028";"虎牙";"Torakiba...";"001BE5E8"
"21";"001BC030";"ムムム…　やるな…";"Hmm... not bad...";"001BE5F0"
"21";"001BC050";"ハハハハハ！
俺の勝ちだ！";"Hah hah hah!
It's my win!";"001BE5F8"
"21";"001BC070";"むむっ、気が抜けないな…";"Hmph, I can’t let my guard down...";"001BE600"
"21";"001BC090";"な、なんとっ！";"Wh-What!";"001BE608"
"21";"001BC0A0";"フフフ、大当りだ";"Heh heh heh, jackpot.";"001BE610"
"21";"001BC0C0";"今回は勝ちを譲ってやろう…";"I’ll let you have this one…";"001BE618"
"21";"001BC0E0";"ハハハハハ！
俺の勝ちだ！";"Hah hah hah!
I win!";"001BE620"
"21";"001BC100";"な、なんと！";"W-What!";"001BE628"
"21";"001BC110";"しくじったようだな…";"It seems I messed up...";"001BE630"
"21";"001BC130";"ムゥッ！　すごい気迫だ…！";"Ngh! What an intense fighting spirit…!";"001BE638"
"21";"001BC150";"秘技「惑わしの月」…！";"Special Move: ""Bewitching Moon!""";"001BE640"
"21";"001BC168";"くっ、失敗か…";"Damn, I failed...";"001BE648"
"21";"001BC178";"見たか！";"Did you see that?!";"001BE650"
"21";"001BC190";"本気を出させてもらうぞ";"Now I'll show you my true power.";"001BE658"
"21";"001BC1A8";"よく聞くがよい";"Listen carefully.";"001BE660"
"21";"001BC1C0";"制限時間１時間、持ち玉３０００発、
出玉３０００発の早出し勝負だ";"It's a quick-win match with a one-hour time limit, 
3,000 starting balls, and 3,000 payout balls.";"001BE668"
"21";"001BC200";"ただし時間切れなら、
最終出玉の多い方が勝ちだ";"If time runs out, 
whoever has the most payout balls at the end wins.";"001BE670"
"21";"001BC230";"もちろん持ち玉が無くなれば、
その場で負けだ";"If you run out of balls,
you lose on the spot.";"001BE678"
"21";"001BC260";"出玉数が同じ場合は、
俺の勝ちだ";"If the payout count is tied,
I win.";"001BE680"
"21";"001BC280";"勝負の途中で降りても
俺の勝ちだ";"If you quit during the match,
I still win.";"001BE688"
"21";"001BC2A0";"さあ！　勝負だ！";"Now then! Let's begin!";"001BE690"
"21";"001BC2C0";"ム…？　ルール確認だと？
少し待て…";"Hmm...? Do you want to check the rules?
Hold on a sec...";"001BE698"
"21";"001BC2F0";"制限時間１時間、持ち玉３０００発、
出玉３０００発の早出し勝負だ";"One-hour time limit, 3,000 starting balls,
and a race to 3,000 payout balls.";"001BE6A0"
"21";"001BC330";"ただし時間切れなら、
最終出玉の多い方が勝ちだ";"If time runs out, 
the one with more final balls wins.";"001BE6A8"
"21";"001BC360";"もちろん持ち玉が無くなれば、
その場で負けだ";"If you run out of balls,
you lose on the spot.";"001BE6B0"
"21";"001BC390";"出玉数が同じ場合は、
俺の勝ちだ";"If the ball count is tied,
I win.";"001BE6B8"
"21";"001BC3B0";"勝負の途中で降りても
俺の勝ちだ";"If you forfeit during the match,
I still win.";"001BE6C0"
"21";"001BC3D0";"続けるぞ";"Let's continue.";"001BE6C8"
"21";"001BC3E0";"ム？　降参か？";"Hmm? Giving up?";"001BE6D0"
"21";"001BC3F0";"大八";"Daihachi";"001BE6D8"
"21";"001BC400";"や、やめねえか！";;"001BE6E0"
"21";"001BC420";"どうやら、俺の勝ちだな";;"001BE6E8"
"21";"001BC440";"チッ、気が抜けねえな…";;"001BE6F0"
"21";"001BC460";"なにッ！　やりやがったな！";;"001BE6F8"
"21";"001BC480";"ハハハ！　大当りだぜ";;"001BE700"
"21";"001BC4A0";"ちくしょう　俺の負けだと…　";;"001BE708"
"21";"001BC4C0";"ハハハ！　当然の結果だぜ！";;"001BE710"
"21";"001BC4E0";"ふ、ふざけやがって！";;"001BE718"
"21";"001BC500";"ハハハ！　何やってんだ？";;"001BE720"
"21";"001BC520";"チッ！　本気になっちまったか";;"001BE728"
"21";"001BC540";"覚悟しやがれ「開花の万力」！";;"001BE730"
"21";"001BC560";"クソッ！　失敗だと！？";;"001BE738"
"21";"001BC580";"これくらいで許してやるぜ";;"001BE740"
"21";"001BC5A0";"このままじゃ終わらねえ！";;"001BE748"
"21";"001BC5C0";"よく聞けよ";;"001BE750"
"21";"001BC5D0";"制限時間１時間、持ち玉３０００発、
出玉３０００発の早出し勝負だ";;"001BE758"
"21";"001BC610";"ただし時間切れなら、
最終出玉の多い方が勝ちだ";;"001BE760"
"21";"001BC640";"もちろん持ち玉が無くなれば、
その場で負けだぜ";;"001BE768"
"21";"001BC670";"出玉数が同じ場合は、
俺の勝ちだ";;"001BE770"
"21";"001BC690";"勝負の途中で降りても
俺の勝ちだ";;"001BE778"
"21";"001BC6B0";"俺の実力、見せてやるぜ";;"001BE780"
"21";"001BC6D0";"ん？　ルール確認だと？
少し待てよ…";;"001BE788"
"21";"001BC700";"制限時間１時間、持ち玉３０００発、
出玉３０００発の早出し勝負だ";;"001BE790"
"21";"001BC740";"ただし時間切れなら、
最終出玉の多い方が勝ちだ";;"001BE798"
"21";"001BC770";"もちろん持ち玉が無くなれば、
その場で負けだぜ";;"001BE7A0"
"21";"001BC7A0";"出玉数が同じ場合は、
俺の勝ちだ";;"001BE7A8"
"21";"001BC7C0";"勝負の途中で降りても
俺の勝ちだ";;"001BE7B0"
"21";"001BC7E0";"続けるぜ";;"001BE7B8"
"21";"001BC7F0";"何だ？　もう、参ったのか？";;"001BE7C0"
"21";"001BC810";"千尋";;"001BE7C8"
"21";"001BC820";"まだ　負けたわけじゃないよ";;"001BE7D0"
"21";"001BC840";"この勝負、もらったよ！";;"001BE7D8"
"21";"001BC860";"さあ　熱くなってきたよ！";;"001BE7E0"
"21";"001BC880";"大当り！？　やるじゃないか！";;"001BE7E8"
"21";"001BC8A0";"アハハ！　大当りさ！";;"001BE7F0"
"21";"001BC8C0";"ア、アタイが負けるなんて…";;"001BE7F8"
"21";"001BC8E0";"アハハハ！　アタイの勝ちさ！";;"001BE800"
"21";"001BC900";"くっ！　勝負はこれからだよ";;"001BE808"
"21";"001BC920";"何やってんだい？　フフフ";;"001BE810"
"21";"001BC940";"ようやく本気になったのかい？";;"001BE818"
"21";"001BC960";"いくよ！！　「燃える魂」";;"001BE820"
"21";"001BC980";"失敗だって！？";;"001BE828"
"21";"001BC990";"はあ…　はあ…　はあ…";;"001BE830"
"21";"001BC9B0";"そろそろ本気で行くよ！";;"001BE838"
"21";"001BC9C8";"よく聞くんだよ";;"001BE840"
"21";"001BC9E0";"制限時間１時間、持ち玉３０００発、
出玉３０００発の早出し勝負だよ";;"001BE848"
"21";"001BCA30";"ただし時間切れなら、
最終出玉の多い方が勝ちさ";;"001BE850"
"21";"001BCA60";"もちろん持ち玉が無くなれば、
その場で負けだよ";;"001BE858"
"21";"001BCA90";"出玉数が同じ場合は、
アタイの勝ち";;"001BE860"
"21";"001BCAC0";"勝負の途中で降りても
アタイの勝ちだよ";;"001BE868"
"21";"001BCAF0";"アタイの実力、見せてやるよ！";;"001BE870"
"21";"001BCB10";"え？　ルール確認かい？
ちょっと待ちなよ…";;"001BE878"
"21";"001BCB40";"制限時間１時間、持ち玉３０００発、
出玉３０００発の早出し勝負だよ";;"001BE880"
"21";"001BCB90";"ただし時間切れなら、
最終出玉の多い方が勝ちさ";;"001BE888"
"21";"001BCBC0";"もちろん持ち玉が無くなれば、
その場で負けだよ";;"001BE890"
"21";"001BCBF0";"出玉数が同じ場合は、
アタイの勝ち";;"001BE898"
"21";"001BCC20";"勝負の途中で降りても
アタイの勝ちだよ";;"001BE8A0"
"21";"001BCC50";"さあ　続けるからね";;"001BE8A8"
"21";"001BCC70";"この勝負、降りるってのかい？";;"001BE8B0"
"21";"001BCC90";"茜";;"001BE8B8"
"21";"001BCCA0";"ま、まさか　この私が…？";;"001BE8C0"
"21";"001BCCC0";"いいの？　終わっちゃうわよ";;"001BE8C8"
"21";"001BCCE0";"フフッ　面白くなってきたわね";;"001BE8D0"
"21";"001BCD00";"あら、大当り？　やるじゃない";;"001BE8D8"
"21";"001BCD20";"ごめんなさい　大当りよ";;"001BE8E0"
"21";"001BCD40";"私の負けね　あなた強いのね";;"001BE8E8"
"21";"001BCD60";"この姿、目に焼きついたかしら？";;"001BE8F0"
"21";"001BCD80";"フフッ　やるわね";;"001BE8F8"
"21";"001BCD98";"あらあら、残念";;"001BE900"
"21";"001BCDB0";"フフッ　まだまだ楽しめそうね";;"001BE908"
"21";"001BCDD0";"さあ　いくわよ「賢者の金庫」";;"001BE910"
"21";"001BCDF0";"ふう　失敗しちゃったわ";;"001BE918"
"21";"001BCE10";"どう？　楽しんでもらえた？";;"001BE920"
"21";"001BCE30";"まだ終わりじゃないわ！";;"001BE928"
"21";"001BCE50";"よく聞いておいてね";;"001BE930"
"21";"001BCE70";"制限時間１時間、持ち玉３０００発、
出玉４０００発の早出し勝負よ";;"001BE938"
"21";"001BCEB0";"ただし時間切れなら、
最終出玉の多い方が勝ち";;"001BE940"
"21";"001BCEE0";"もちろん持ち玉が無くなれば、
その場で負けね";;"001BE948"
"21";"001BCF10";"出玉数が同じ場合は私の勝ち";;"001BE950"
"21";"001BCF30";"勝負の途中で降りても私の勝ちよ";;"001BE958"
"21";"001BCF50";"私のこと　忘れられなくさせてあげるわ";;"001BE960"
"21";"001BCF80";"何？　ルールを確認するの？
ちょっと待って…";;"001BE968"
"21";"001BCFB0";"制限時間１時間、持ち玉３０００発、
出玉４０００発の早出し勝負よ";;"001BE970"
"21";"001BCFF0";"ただし時間切れなら、
最終出玉の多い方が勝ち";;"001BE978"
"21";"001BD020";"もちろん持ち玉が無くなれば、
その場で負けね";;"001BE980"
"21";"001BD050";"出玉数が同じ場合は私の勝ち";;"001BE988"
"21";"001BD070";"勝負の途中で降りても私の勝ちよ";;"001BE990"
"21";"001BD090";"さあ　続けましょう";;"001BE998"
"21";"001BD0B0";"あら？　もう諦めたの？";;"001BE9A0"
"21";"001BD0C8";"リョウジ";;"001BE9A8"
"21";"001BD0E0";"ば、バカな　何故このボクが…";;"001BE9B0"
"21";"001BD100";"ハハハハ　無様だな！";;"001BE9B8"
"21";"001BD120";"くっ…　しぶとい奴め";;"001BE9C0"
"21";"001BD140";"フン、いい気になるなよ！";;"001BE9C8"
"21";"001BD160";"ふっ、来たな…　大当りだ！";;"001BE9D0"
"21";"001BD180";"そ、そんなバカな…";;"001BE9D8"
"21";"001BD1A0";"ハハハハ！　思い知ったか！";;"001BE9E0"
"21";"001BD1C0";"ぐっ、生意気な！";;"001BE9E8"
"21";"001BD1E0";"ハハハハ、所詮はシロウトだ";;"001BE9F0"
"21";"001BD200";"フン、いくらあがいてもムダだ";;"001BE9F8"
"21";"001BD220";"湧き上がれ「恵みの泉」！";;"001BEA00"
"21";"001BD240";"くっ、失敗か…";;"001BEA08"
"21";"001BD250";"ボクの技はいかがかな？　クク";;"001BEA10"
"21";"001BD270";"いい気になるなっ！";;"001BEA18"
"21";"001BD290";"フフフ、よく聞けよ";;"001BEA20"
"21";"001BD2B0";"制限時間１時間、持ち玉４０００発、
出玉４０００発の早出し勝負だ";;"001BEA28"
"21";"001BD2F0";"ただし時間切れなら、
最終出玉の多い方が勝ちだ";;"001BEA30"
"21";"001BD320";"もちろん持ち玉が無くなれば、
その場で負けだ";;"001BEA38"
"21";"001BD350";"出玉数が同じ場合は、
ボクの勝ちだ";;"001BEA40"
"21";"001BD380";"勝負の途中で降りても
ボクの勝ちだ";;"001BEA48"
"21";"001BD3B0";"いくぞ、覚悟しろよ";;"001BEA50"
"21";"001BD3D0";"ルール確認？
フン、少し待て";;"001BEA58"
"21";"001BD3F0";"制限時間１時間、持ち玉４０００発、
出玉４０００発の早出し勝負だ";;"001BEA60"
"21";"001BD430";"ただし時間切れなら、
最終出玉の多い方が勝ちだ";;"001BEA68"
"21";"001BD460";"もちろん持ち玉が無くなれば、
その場で負けだ";;"001BEA70"
"21";"001BD490";"出玉数が同じ場合は、
ボクの勝ちだ";;"001BEA78"
"21";"001BD4C0";"勝負の途中で降りても
ボクの勝ちだ";;"001BEA80"
"21";"001BD4F0";"叩きのめしてやる！";;"001BEA88"
"21";"001BD510";"フフフ、ボクの勝ちを認めるんだな？";;"001BEA90"
"21";"001BD538";"玉心";"Gyokushin";"001BEA98"
"21";"001BD540";"ムムム、まさかこのわたしが…";;"001BEAA0"
"21";"001BD560";"わたしの勝ちのようですな";;"001BEAA8"
"21";"001BD580";"ハハハ、やるじゃないですか";;"001BEAB0"
"21";"001BD5A0";"いい当たりですな";;"001BEAB8"
"21";"001BD5C0";"ビンゴ！　大当りだ";;"001BEAC0"
"21";"001BD5E0";"なんと　わたしが負けるなんて";;"001BEAC8"
"21";"001BD600";"ハハハ、よく頑張りましたね
だがわたしの勝ちは揺るぎませんな";;"001BEAD0"
"21";"001BD640";"むうっ、やるじゃあないですか";;"001BEAD8"
"21";"001BD660";"手元がおろそかのようですな";;"001BEAE0"
"21";"001BD680";"フフ、本気になったようですな";;"001BEAE8"
"21";"001BD6A0";"ではいきますよ「皇帝の心眼」";;"001BEAF0"
"21";"001BD6C0";"むう、しまった";;"001BEAF8"
"21";"001BD6D0";"さてこれからだ";;"001BEB00"
"21";"001BD6E0";"本気を出させてもらいますよ";;"001BEB08"
"21";"001BD700";"ではルールを説明しましょう";;"001BEB10"
"21";"001BD720";"制限時間１時間、持ち玉５０００発、
出玉６０００発の早出し勝負";;"001BEB18"
"21";"001BD760";"ただし時間切れなら、
最終出玉の多い方が勝ち";;"001BEB20"
"21";"001BD790";"もちろん持ち玉が無くなれば、
その場で負けです";;"001BEB28"
"21";"001BD7C0";"出玉数が同じ場合は、
わたしの勝ち";;"001BEB30"
"21";"001BD7F0";"勝負の途中で降りても
わたしの勝ちです";;"001BEB38"
"21";"001BD820";"楽しませてくださいよ、フフフ";;"001BEB40"
"21";"001BD840";"ん？　ルール確認ですか？
少し待ってください";;"001BEB48"
"21";"001BD870";"制限時間１時間、持ち玉５０００発、
出玉６０００発の早出し勝負";;"001BEB50"
"21";"001BD8B0";"ただし時間切れなら、
最終出玉の多い方が勝ち";;"001BEB58"
"21";"001BD8E0";"もちろん持ち玉が無くなれば、
その場で負けです";;"001BEB60"
"21";"001BD910";"出玉数が同じ場合は、
わたしの勝ち";;"001BEB68"
"21";"001BD940";"勝負の途中で降りても
わたしの勝ちです";;"001BEB70"
"21";"001BD970";"さて、続けましょう";;"001BEB78"
"21";"001BD990";"おや、もう降参するのですか？";;"001BEB80"
"21";"001BD9B0";"背中に傷を持つ男";;"001BEB88"
"21";"001BD9C8";"ケッ";;"001BEB90"
"21";"001BD9D0";"楽勝だな";;"001BEB98"
"21";"001BD9E0";"ケッ";;"001BEBA0"
"21";"001BD9F0";"…調子に乗りやがって！";;"001BEBA8"
"21";"001BDA08";"楽勝だな";;"001BEBB0"
"21";"001BDA18";"ま、負けた…";;"001BEBB8"
"21";"001BDA30";"約束は、守ってもらうぜ";;"001BEBC0"
"21";"001BDA48";"ケッ";;"001BEBC8"
"21";"001BDA50";"こんなもんだろ";;"001BEBD0"
"21";"001BDA60";"どうやら、本気になったな";;"001BEBD8"
"21";"001BDA80";"首を洗って待ってな";;"001BEBE0"
"21";"001BDA98";"ケッ";;"001BEBE8"
"21";"001BDAA0";"こんなもんだろ";;"001BEBF0"
"21";"001BDAB0";"いくぞ";;"001BEBF8"
"21";"001BDAB8";"よく聞きな";;"001BEC00"
"21";"001BDAD0";"制限時間１時間、持ち玉３０００発
出玉３０００発の早出し勝負だ";;"001BEC08"
"21";"001BDB10";"ただし、時間切れなら
最終出玉の多い方が勝ちだ";;"001BEC10"
"21";"001BDB40";"もちろん持ち玉が無くなれば、
その場で負けだ";;"001BEC18"
"21";"001BDB70";"出玉数が同じ場合は、俺の勝ち";;"001BEC20"
"21";"001BDB90";"勝負の途中で降りても俺の勝ちだ";;"001BEC28"
"21";"001BDBB0";"さあ　俺の実力の見せてやるぜ";;"001BEC30"
"21";"001BDBD0";"ん？　ルール確認だと？
ちょっと待ちな…";;"001BEC38"
"21";"001BDC00";"制限時間１時間、持ち玉３０００発、
出玉３０００発の早出し勝負だ";;"001BEC40"
"21";"001BDC40";"ただし時間切れなら、
最終出玉の多い方が勝ちだ";;"001BEC48"
"21";"001BDC70";"もちろん持ち玉が無くなれば、その場で負けだ";;"001BEC50"
"21";"001BDCA0";"出玉数が同じ場合は俺の勝ちだ";;"001BEC58"
"21";"001BDCC0";"勝負の途中で降りても俺の勝ちだ";;"001BEC60"
"21";"001BDCE0";"さあ、続けるぞ";;"001BEC68"
"21";"001BDCF0";"もう、参ったのか？";;"001BEC70"
"21";"001BDD08";"桂木 綾";;"001BEC78"
"21";"001BDD10";"まだ負けたわけじゃないわ…！";;"001BEC80"
"21";"001BDD30";"私の勝ちのようね…";;"001BEC88"
"21";"001BDD50";"やはり…　さすがね！";;"001BEC90"
"21";"001BDD70";"そう来なくてはね！";;"001BEC98"
"21";"001BDD88";"行くわよ！";;"001BECA0"
"21";"001BDDA0";"ま…　負けたわ… ";;"001BECA8"
"21";"001BDDC0";"私の勝ちのようね…";;"001BECB0"
"21";"001BDDD8";"まさか…";;"001BECB8"
"21";"001BDDE8";"フフフ…";;"001BECC0"
"21";"001BDDF8";"…本気ね！";;"001BECC8"
"21";"001BDE10";"いくわよ！　「運命の風車」！";;"001BECD0"
"21";"001BDE30";"し、しまった…！";;"001BECD8"
"21";"001BDE48";"フフフ…";;"001BECE0"
"21";"001BDE60";"勝負をつけるわ！";;"001BECE8"
"21";"001BDE78";"ルールの説明よ";;"001BECF0"
"21";"001BDE90";"制限時間１時間、持ち玉５０００発、
出玉５０００発の早出し勝負よ";;"001BECF8"
"21";"001BDED0";"ただし時間切れなら、
最終出玉の多い方が勝ち";;"001BED00"
"21";"001BDF00";"もちろん持ち玉が無くなれば、
その場で負けね";;"001BED08"
"21";"001BDF30";"出玉数が同じ場合は私の勝ち";;"001BED10"
"21";"001BDF50";"勝負の途中で降りても私の勝ちよ";;"001BED18"
"21";"001BDF70";"フフフ…　いくわよ";;"001BED20"
"21";"001BDF90";"ん？　ルール確認なの？
ちょっと待って";;"001BED28"
"21";"001BDFC0";"制限時間１時間、持ち玉５０００発、
出玉５０００発の早出し勝負よ";;"001BED30"
"21";"001BE000";"ただし時間切れなら、
最終出玉の多い方が勝ち";;"001BED38"
"21";"001BE030";"もちろん持ち玉が無くなれば、
その場で負けね";;"001BED40"
"21";"001BE060";"出玉数が同じ場合は私の勝ち";;"001BED48"
"21";"001BE080";"勝負の途中で降りても私の勝ちよ";;"001BED50"
"21";"001BE0A0";"さあ、続けましょう";;"001BED58"
"21";"001BE0B8";"もう降参なの？";;"001BED60"
"21";"001BE0D0";"くそっ　負けてたまるかっ！";"Damn it. I won't lose!";"001BED68"
"21";"001BE0F0";"ムハハ　俺の勝ちみたいだなぁ";"Mwahaha! It looks like I win.";"001BED70"
"21";"001BE110";"やるな、おめえ！";"Not bad, kid!";"001BED78"
"21";"001BE130";"なんだよ！　じゃまするなっ";"What the...! Don't get in my way.";"001BED80"
"21";"001BE150";"よし来た！";"Alright, here we go!";"001BED88"
"21";"001BE160";"年よりは大事にしねえかっ！";"Show some respect for your elders!";"001BED90"
"21";"001BE180";"ひひひっ　また相手してやるよ";"Hehehe, I'll face you again anytime.";"001BED98"
"21";"001BE1A0";"ブハッ！　な、何しやがる！";"Bwah! Wh-what the hell are you doing!";"001BEDA0"
"21";"001BE1C0";"残念だったな！";"Better luck next time!";"001BEDA8"
"21";"001BE1D0";"おっ！？　本気を出したな！";"Oh!? Now you’re getting serious!";"001BEDB0"
"21";"001BE1F0";"いくぜ！　「銀玉の咆哮」！！";"Here I go! ""Azure Meteor Swarm""!!";"001BEDB8"
"21";"001BE210";"むぅ　いまいちだったな…";"Hmm, not quite what I was hoping for...";"001BEDC0"
"21";"001BE230";"ようし　これからだ！";"All right, now we’re getting started!";"001BEDC8"
"21";"001BE250";"そろそろ本気を出すかな！";"I guess it’s time to stop holding back!";"001BEDD0"
"21";"001BE270";"耳かっぽじって聞きな";;"001BEDD8"
"21";"001BE290";"制限時間１時間、持ち玉５０００発、
出玉１００００発の早出し勝負だ";;"001BEDE0"
"21";"001BE2E0";"時間切れなら、
最終出玉の多い方が勝ち";;"001BEDE8"
"21";"001BE310";"持ち玉が無くなりゃ、
その場で負けだ";;"001BEDF0"
"21";"001BE340";"出玉数が同じ場合は、
俺の勝ちだ";;"001BEDF8"
"21";"001BE360";"勝負の途中で降りても
俺の勝ちだ";;"001BEE00"
"21";"001BE380";"よーし！　始めるぜ！";;"001BEE08"
"21";"001BE3A0";"なんだ？　ルール確認？
ちょっと待ちな";;"001BEE10"
"21";"001BE3D0";"制限時間１時間、持ち玉５０００発、
出玉１００００発の早出し勝負だ";;"001BEE18"
"21";"001BE420";"時間切れなら、
最終出玉の多い方が勝ち";;"001BEE20"
"21";"001BE450";"持ち玉が無くなりゃ、
その場で負けだ";;"001BEE28"
"21";"001BE480";"出玉数が同じ場合は、
俺の勝ちだ";;"001BEE30"
"21";"001BE4A0";"勝負の途中で降りても
俺の勝ちだ";;"001BEE38"
"21";"001BE4C0";"いいか？　続けるぞ";;"001BEE40"
"21";"001BE4E0";"おうっ？　降参か？";;"001BEE48"
"22";"001C17A0";"をんみむあひちてとふいしすせやゆそたなねのへまうえおかきくよけこ";;"001C17E8"
"23";"001C1848";"$p";"$p";"001C1EA0"
"23";"001C1850";"白石 紀子";;"001C1EA8"
"23";"001C1860";"片山 昭吾";;"001C1EB0"
"23";"001C1870";"黒崎 竜介";;"001C1EB8"
"23";"001C1880";"朝倉 徹";;"001C1EC0"
"23";"001C1888";"桂木 綾";;"001C1EC8"
"23";"001C1890";"美沢 ゆき";;"001C1ED0"
"23";"001C18A0";"衣装組み合わせ　　一";;"001C1ED8"
"23";"001C18C0";"衣装組み合わせ　　二";;"001C1EE0"
"23";"001C18E0";"衣装組み合わせ　　三";;"001C1EE8"
"23";"001C1900";"衣装組み合わせ　　四";;"001C1EF0"
"23";"001C1920";"衣装組み合わせ　　五";;"001C1EF8"
"23";"001C1938";"私服";"Casual Outfit";"001C1F00"
"23";"001C1940";"制服";"Uniform";"001C1F08"
"23";"001C1948";"ゆかた";"Yukata";"001C1F10"
"23";"001C1950";"パジャマ";"Pajamas";"001C1F18"
"23";"001C1960";"ネグリジェ";"Negligee";"001C1F20"
"23";"001C1970";"水着";"Swimsuit";"001C1F28"
"23";"001C1978";"私服";"Casual Outfit";"001C1F30"
"23";"001C1980";"制服";"Uniform";"001C1F38"
"23";"001C1988";"ゆかた";"Yukata";"001C1F40"
"23";"001C1990";"パジャマ";"Pajamas";"001C1F48"
"23";"001C19A0";"甚平";"Jinbei";"001C1F50"
"23";"001C19A8";"水着";"Swimsuit";"001C1F58"
"23";"001C19B0";"私服";"Casual Outfit";"001C1F60"
"23";"001C19B8";"制服";"Uniform";"001C1F68"
"23";"001C19C0";"ゆかた";"Yukata";"001C1F70"
"23";"001C19C8";"パジャマ";"Pajamas";"001C1F78"
"23";"001C19D8";"ふんどし";"Fundoshi";"001C1F80"
"23";"001C19E8";"水着";"Swimsuit";"001C1F88"
"23";"001C19F0";"私服";"Casual Outfit";"001C1F90"
"23";"001C19F8";"制服";"Uniform";"001C1F98"
"23";"001C1A00";"ゆかた";"Yukata";"001C1FA0"
"23";"001C1A08";"パジャマ";"Pajamas";"001C1FA8"
"23";"001C1A18";"バスローブ";"Bathrobe";"001C1FB0"
"23";"001C1A28";"水着";"Swimsuit";"001C1FB8"
"23";"001C1A30";"私服";"Casual Outfit";"001C1FC0"
"23";"001C1A38";"制服";"Uniform";"001C1FC8"
"23";"001C1A40";"ゆかた";"Yukata";"001C1FD0"
"23";"001C1A48";"パジャマ";"Pajamas";"001C1FD8"
"23";"001C1A58";"バニースーツ";"Bunny Suit";"001C1FE0"
"23";"001C1A68";"水着";"Swimsuit";"001C1FE8"
"23";"001C1A70";"私服";"Casual Outfit";"001C1FF0"
"23";"001C1A78";"制服";"Uniform";"001C1FF8"
"23";"001C1A80";"ゆかた";"Yukata";"001C2000"
"23";"001C1A88";"パジャマ";"Pajamas";"001C2008"
"23";"001C1A98";"Ｙシャツ";"Dress Shirt";"001C2010"
"23";"001C1AA8";"水着";"Swimsuit";"001C2018"
"23";"001C1AB0";"$pのコーディネート";"$p - Outfit";"001C2020"
"23";"001C1AD0";"$pのコーディネート";"$p - Outfit";"001C2028"
"23";"001C1AF0";"$pのコーディネート";"$p - Outfit";"001C2030"
"23";"001C1B10";"$pのコーディネート";"$p - Outfit";"001C2038"
"23";"001C1B30";"$pのコーディネート";"$p - Outfit";"001C2040"
"23";"001C1B50";"白石 紀子の私服姿";"Noriko Shiraishi's - Casual Outfit";"001C2048"
"23";"001C1B70";"白石 紀子の制服姿";"Noriko Shiraishi's - Uniform";"001C2050"
"23";"001C1B90";"白石 紀子のゆかた";"Noriko Shiraishi's - Yukata";"001C2058"
"23";"001C1BB0";"白石 紀子のパジャマ";"Noriko Shiraishi's - Pajamas";"001C2060"
"23";"001C1BD0";"白石 紀子のネグリジェ";"Noriko Shiraishi's - Negligee";"001C2068"
"23";"001C1BF0";"白石 紀子の水着";"Noriko Shiraishi's - Swimsuit";"001C2070"
"23";"001C1C00";"片山 昭吾の私服";"Shogo Katayama - Casual Outfit";"001C2078"
"23";"001C1C10";"片山 昭吾の制服";"Shogo Katayama - Uniform";"001C2080"
"23";"001C1C20";"片山 昭吾のゆかた";"Shogo Katayama - Yukata";"001C2088"
"23";"001C1C40";"片山 昭吾のパジャマ";"Shogo Katayama - Pajamas";"001C2090"
"23";"001C1C60";"片山 昭吾の甚平";"Shogo Katayama - Jinbei";"001C2098"
"23";"001C1C70";"片山 昭吾の水着";"Shogo Katayama - Swimwear";"001C20A0"
"23";"001C1C80";"黒崎 竜介の私服";"Ryusuke Kurosaki - Casual Outfit";"001C20A8"
"23";"001C1C90";"黒崎 竜介の制服";"Ryusuke Kurosaki - Uniform";"001C20B0"
"23";"001C1CA0";"黒崎 竜介のゆかた";"Ryusuke Kurosaki - Yukata";"001C20B8"
"23";"001C1CC0";"黒崎 竜介のパジャマ";"Ryusuke Kurosaki - Pajamas";"001C20C0"
"23";"001C1CE0";"黒崎 竜介のふんどし";"Ryusuke Kurosaki - Fundoshi";"001C20C8"
"23";"001C1D00";"黒崎 竜介の水着";"Ryusuke Kurosaki - Swimsuit";"001C20D0"
"23";"001C1D10";"朝倉 徹の私服";"Toru Asakura - Casual Outfit";"001C20D8"
"23";"001C1D20";"朝倉 徹の制服";"Toru Asakura - Uniform";"001C20E0"
"23";"001C1D30";"朝倉 徹のゆかた";"Toru Asakura - Yukata";"001C20E8"
"23";"001C1D40";"朝倉 徹のパジャマ";"Toru Asakura - Pajamas";"001C20F0"
"23";"001C1D60";"朝倉 徹のバスローブ";"Toru Asakura - Bathrobe";"001C20F8"
"23";"001C1D78";"朝倉 徹の水着";"Toru Asakura - Swimsuit";"001C2100"
"23";"001C1D88";"桂木 綾の私服";"Aya Katsuragi - Casual Outfit";"001C2108"
"23";"001C1D98";"桂木 綾の制服";"Aya Katsuragi - Uniform";"001C2110"
"23";"001C1DB0";"桂木 綾のゆかた";"Aya Katsuragi - Yukata";"001C2118"
"23";"001C1DC0";"桂木 綾のパジャマ";"Aya Katsuragi - Pajamas";"001C2120"
"23";"001C1DE0";"桂木 綾のバニースーツ";"Aya Katsuragi - Bunny Suit";"001C2128"
"23";"001C1DF8";"桂木 綾の水着";"Aya Katsuragi - Swimsuit";"001C2130"
"23";"001C1E10";"美沢 ゆきの私服";"Yuki Misawa - Casual Outfit";"001C2138"
"23";"001C1E20";"美沢 ゆきの制服";"Yuki Misawa - Uniform";"001C2140"
"23";"001C1E30";"美沢 ゆきのゆかた";"Yuki Misawa - Yukata";"001C2148"
"23";"001C1E50";"美沢 ゆきのパジャマ";"Yuki Misawa - Pajamas";"001C2150"
"23";"001C1E70";"美沢 ゆきのＹシャツ";"Yuki Misawa - Dress Shirt";"001C2158"
"23";"001C1E90";"美沢 ゆきの水着";"Yuki Misawa - Swimsuit";"001C2160"
"24";"001C27F0";"持ち物の並び替え";"Sort Inventory";"001C5C78"
"24";"001C2808";"種類順";"By Type";"001C5C80"
"24";"001C2810";"分類順";"By Category";"001C5C88"
"24";"001C2818";"状態順";"By Status";"001C5C90"
"24";"001C2820";"やめておく";"Cancel";"001C5C98"
"24";"001C2830";"ダミーコマンド";"Dummy Command";"001C5CA0"
"24";"001C2840";"持ち物の飲食";"Eating and Drinking Items";"001C5CA8"
"24";"001C2850";"持ち物の譲渡";"Transferring Items";"001C5CB0"
"24";"001C2860";"持ち物の装着";"Equipping Items";"001C5CB8"
"24";"001C2870";"持ち物の操作";"Using Items";"001C5CC0"
"24";"001C2880";"読みますか？";"Do you want to read it?";"001C5CC8"
"24";"001C2890";"持ち物の配置";"Item Placement";"001C5CD0"
"24";"001C28A0";"中を見ますか？";"Do you want to look inside?";"001C5CD8"
"24";"001C28B0";"メークを変更しますか？";"Do you want to change your makeup?";"001C5CE0"
"24";"001C28D0";"持ち物の配置・操作";"Item Placement and Control";"001C5CE8"
"24";"001C28E8";"ダミーコマンド";"Dummy Commands";"001C5CF0"
"24";"001C28F8";"食べる";"Eat";"001C5CF8"
"24";"001C2900";"与える";"Give";"001C5D00"
"24";"001C2908";"飲む";"Drink";"001C5D08"
"24";"001C2910";"与える";"Give";"001C5D10"
"24";"001C2918";"身に付ける";"Equip";"001C5D18"
"24";"001C2928";"はずす";"Unequip";"001C5D20"
"24";"001C2930";"持つ";"Pick Up";"001C5D28"
"24";"001C2938";"はずす";"Unequip";"001C5D30"
"24";"001C2940";"スイッチＯＮ";"Switch ON";"001C5D38"
"24";"001C2950";"スイッチＯＦＦ";"Switch OFF";"001C5D40"
"24";"001C2960";"読む";"Read";"001C5D48"
"24";"001C2968";"部屋に置く";"Place in the room";"001C5D50"
"24";"001C2978";"置き直す";"Replace";"001C5D58"
"24";"001C2988";"片付ける";"Tidy Up";"001C5D60"
"24";"001C2998";"中を見る";"Check Inside";"001C5D68"
"24";"001C29B0";"メークを変更する";"Change your makeup";"001C5D70"
"24";"001C29C8";"やめておく";"Cancel";"001C5D78"
"24";"001C29D8";"点ける";"Turn On";"001C5D80"
"24";"001C29E0";"指定のアイテムを点灯します";"Turns on the specified item.";"001C5D88"
"24";"001C2A00";"消す";"Turn Off";"001C5D90"
"24";"001C2A10";"指定のアイテムを消灯します";"Turns off the specified item.";"001C5D98"
"24";"001C2A30";"閉じる";"Close";"001C5DA0"
"24";"001C2A40";"指定のアイテムを閉じます";"Closes the specified item.";"001C5DA8"
"24";"001C2A60";"開ける";"Open";"001C5DB0"
"24";"001C2A70";"指定のアイテムを開けます";"Opens the specified item.";"001C5DB8"
"24";"001C2A90";"点ける";"Turn On";"001C5DC0"
"24";"001C2AA0";"指定のアイテムのスイッチを点けます";"Turns on the switch for the specified item.";"001C5DC8"
"24";"001C2AC8";"消す";"Turn Off";"001C5DD0"
"24";"001C2AD0";"指定のアイテムをスイッチを消します";"Turns off the switch for the specified item.";"001C5DD8"
"24";"001C2AF8";"動かす";"Start";"001C5DE0"
"24";"001C2B00";"指定のアイテムの動作を開始します";"Starts the operation of the specified item.";"001C5DE8"
"24";"001C2B28";"止める";"Stop";"001C5DF0"
"24";"001C2B30";"指定のアイテムの動作を停止します";"Stops the operation of the specified item.";"001C5DF8"
"24";"001C2B58";"寝具";"Bedding";"001C5E00"
"24";"001C2B60";"机／棚";"Desks/Shelves";"001C5E08"
"24";"001C2B68";"イス";"Chairs";"001C5E10"
"24";"001C2B70";"小物";"Small Items";"001C5E18"
"24";"001C2B78";"置物";"Ornaments";"001C5E20"
"24";"001C2B80";"敷物";"Floor Coverings";"001C5E28"
"24";"001C2B88";"壁掛け";"Wall Hangings";"001C5E30"
"24";"001C2B90";"天吊";"Drop Ceiling";"001C5E38"
"24";"001C2B98";"カーテン";"Curtains";"001C5E40"
"24";"001C2BB0";"寝たり座ったりするための家財道具";"Furniture for sleeping and seating.";"001C5E48"
"24";"001C2BE0";"上に小物を配置できる家財道具";"Furniture where small items can be placed on top.";"001C5E50"
"24";"001C2C00";"※※の家財道具";"Household Goods of ※※";"001C5E58"
"24";"001C2C10";"机や棚などの上にも配置できる家財道具";"Small items that can be placed on desks or shelves.";"001C5E60"
"24";"001C2C40";"床に置く家財道具";"Decorative objects placed on the floor.";"001C5E68"
"24";"001C2C60";"床に敷く家財道具";"Rugs and mats spread on the floor.";"001C5E70"
"24";"001C2C80";"壁に掛ける家財道具";"Household furnishings hung on walls.";"001C5E78"
"24";"001C2CA0";"天井から吊るす家財道具";"Suspended items from the ceiling.";"001C5E80"
"24";"001C2CC0";"窓辺に配置する家財道具";"Coverings placed at the windows.";"001C5E88"
"24";"001C2CE0";"本当にこのアイテムをすてますか？";;"001C5E90"
"24";"001C2D08";"捨てる";;"001C5E98"
"24";"001C2D10";"やめておく";"Cancel";"001C5EA0"
"24";"001C2D20";"このアイテムの配置をやめますか？";;"001C5EA8"
"24";"001C2D48";"やめておく";"Cancel";"001C5EB0"
"24";"001C2D58";"配置を続ける";;"001C5EB8"
"24";"001C2D70";"このアイテムの移動をやめますか？";;"001C5EC0"
"24";"001C2D98";"やめておく";"Cancel";"001C5EC8"
"24";"001C2DA8";"移動を続ける";;"001C5ED0"
"24";"001C2DC0";"このアイテムを本当に片づけますか？";;"001C5ED8"
"24";"001C2DF0";"（上にあるアイテムも片付けられます）";;"001C5EE0"
"24";"001C2E18";"片付ける";;"001C5EE8"
"24";"001C2E28";"やめておく";"Cancel";"001C5EF0"
"24";"001C2E40";"このアイテムに本当に交換しますか？";;"001C5EF8"
"24";"001C2E68";"交換する";;"001C5F00"
"24";"001C2E78";"やめておく";"Cancel";"001C5F08"
"24";"001C2E88";"白黒テレビ";;"001C5F10"
"24";"001C2EA0";"クマのぬいぐるみ";"Teddy Bear";"001C5F18"
"24";"001C2EB8";"ミカン箱";"Mandarin Orange Box";"001C5F20"
"24";"001C2EC8";"ちゃぶ台";"Chabudai Table";"001C5F28"
"24";"001C2ED8";"ガラステーブル";;"001C5F30"
"24";"001C2EF0";"リビングテーブル";;"001C5F38"
"24";"001C2F08";"日本茶セット";;"001C5F40"
"24";"001C2F20";"スチールロッカー";;"001C5F48"
"24";"001C2F38";"スチールの本棚";;"001C5F50"
"24";"001C2F48";"松の盆栽";;"001C5F58"
"24";"001C2F58";"必勝ダルマ";;"001C5F60"
"24";"001C2F68";"白い招き猫";;"001C5F68"
"24";"001C2F78";"古い日本人形";;"001C5F70"
"24";"001C2F88";"冷蔵庫";;"001C5F78"
"24";"001C2F90";"スポーツ新聞";"Sports Newspaper";"001C5F80"
"24";"001C2FA0";"回転ベッド";;"001C5F88"
"24";"001C2FB0";"石油ストーブ";;"001C5F90"
"24";"001C2FC0";"石炭ストーブ";;"001C5F98"
"24";"001C2FD0";"火鉢";;"001C5FA0"
"24";"001C2FD8";"アルミのやかん";"Aluminum Kettle";"001C5FA8"
"24";"001C2FE8";"扇風機";;"001C5FB0"
"24";"001C2FF0";"スチール事務机";;"001C5FB8"
"24";"001C3000";"観葉植物";;"001C5FC0"
"24";"001C3010";"由緒在る日本刀";;"001C5FC8"
"24";"001C3020";"山水の掛け軸";;"001C5FD0"
"24";"001C3030";"人体鍼灸図";;"001C5FD8"
"24";"001C3040";"シカの剥製";;"001C5FE0"
"24";"001C3050";"白熱電球";"Pendant Lamp";"001C5FE8"
"24";"001C3060";"家具調蛍光灯";;"001C5FF0"
"24";"001C3070";"カセットレコーダー";;"001C5FF8"
"24";"001C3090";"イエローのカーテン";;"001C6000"
"24";"001C30A8";"障子";;"001C6008"
"24";"001C30B0";"ローボード（大）";;"001C6010"
"24";"001C30D0";"ローボード（小）";;"001C6018"
"24";"001C30F0";"ブルーのカーテン";;"001C6020"
"24";"001C3110";"ピンクのカーテン";;"001C6028"
"24";"001C3128";"日本の鎧兜";;"001C6030"
"24";"001C3138";"ダーツの的";;"001C6038"
"24";"001C3148";"おしゃれな鏡台";;"001C6040"
"24";"001C3158";"蚊取り線香ブタ";;"001C6048"
"24";"001C3168";"黒い招き猫";;"001C6050"
"24";"001C3178";"金ダライ";;"001C6058"
"24";"001C3188";"カキ氷器";;"001C6060"
"24";"001C3198";"赤い公衆電話";;"001C6068"
"24";"001C31B0";"ダイニングテーブル";;"001C6070"
"24";"001C31C8";"食器棚";;"001C6078"
"24";"001C31D0";"セブンセブン";"Seven Seven";"001C6080"
"24";"001C31E0";"銀狼";"Silver Wolf";"001C6088"
"24";"001C31F0";"クーラーボックス";"Cooler Box";"001C6090"
"24";"001C3208";"竹竿";"Bamboo Rod";"001C6098"
"24";"001C3210";"漁師の竿";"Fisherman's Rod";"001C60A0"
"24";"001C3220";"高級釣竿";"Premium Fishing Rod";"001C60A8"
"24";"001C3230";"一本釣りの竿";"Pole-and-Line Fishing Rod";"001C60B0"
"24";"001C3240";"手作りの竿";"Handmade Fishing Rod";"001C60B8"
"24";"001C3250";"ゴカイ";"Lugworm";"001C60C0"
"24";"001C3258";"ミミズ";"Earthworm";"001C60C8"
"24";"001C3260";"オキアミ";"Krill";"001C60D0"
"24";"001C3270";"イワシ";"Sardine";"001C60D8"
"24";"001C3278";"イソメ";"Ragworm";"001C60E0"
"24";"001C3280";"アジの魚拓";;"001C60E8"
"24";"001C3290";"サンマの魚拓";;"001C60F0"
"24";"001C32A0";"タチウオの魚拓";;"001C60F8"
"24";"001C32B0";"カレイの魚拓";;"001C6100"
"24";"001C32C0";"フグの魚拓";;"001C6108"
"24";"001C32D0";"イカの魚拓";;"001C6110"
"24";"001C32E0";"タコの魚拓";;"001C6118"
"24";"001C32F0";"ヒラメの魚拓";;"001C6120"
"24";"001C3300";"タイの魚拓";;"001C6128"
"24";"001C3310";"サケの魚拓";;"001C6130"
"24";"001C3320";"ブリの魚拓";;"001C6138"
"24";"001C3330";"エイの魚拓";;"001C6140"
"24";"001C3340";"$plウオの魚拓";;"001C6148"
"24";"001C3350";"マグロの魚拓";;"001C6150"
"24";"001C3360";"カジキの魚拓";;"001C6158"
"24";"001C3370";"コイの魚拓";;"001C6160"
"24";"001C3380";"ウナギの魚拓";;"001C6168"
"24";"001C3390";"カメの魚拓";;"001C6170"
"24";"001C33A0";"ナマズの魚拓";;"001C6178"
"24";"001C33B0";"ザリガニの魚拓";;"001C6180"
"24";"001C33C0";"丸眼鏡";;"001C6188"
"24";"001C33C8";"四角い眼鏡";;"001C6190"
"24";"001C33D8";"黒縁眼鏡";;"001C6198"
"24";"001C33E8";"サングラス";;"001C61A0"
"24";"001C33F8";"ヒーローお面";;"001C61A8"
"24";"001C3408";"魔女っ子お面";;"001C61B0"
"24";"001C3418";"最初の服";"Starter Outfit";"001C61B8"
"24";"001C3428";"浴衣";"Yukata";"001C61C0"
"24";"001C3430";"水着";"Swimsuit";"001C61C8"
"24";"001C3438";"ベルボトム";;"001C61D0"
"24";"001C3448";"革ジャン";;"001C61D8"
"24";"001C3458";"背広";;"001C61E0"
"24";"001C3460";"バカンス";;"001C61E8"
"24";"001C3470";"Ｔシャツ";;"001C61F0"
"24";"001C3480";"ステテコ";"Suteteko Set";"001C61F8"
"24";"001C3490";"はっぴ";;"001C6200"
"24";"001C3498";"最初の服";"Starter Outfit";"001C6208"
"24";"001C34A8";"浴衣";"Yukata";"001C6210"
"24";"001C34B0";"水着";"Swimsuit";"001C6218"
"24";"001C34B8";"パンタロン";;"001C6220"
"24";"001C34C8";"チャイナ服";;"001C6228"
"24";"001C34D8";"ミニ";;"001C6230"
"24";"001C34E0";"ワンピース";;"001C6238"
"24";"001C34F0";"スーツ";;"001C6240"
"24";"001C34F8";"革ツナギ";;"001C6248"
"24";"001C3508";"白いブラウス";;"001C6250"
"24";"001C3518";"雪駄";"Setta Sandals";"001C6258"
"24";"001C3520";"革靴";;"001C6260"
"24";"001C3528";"スニーカー";;"001C6268"
"24";"001C3538";"ブーツ";;"001C6270"
"24";"001C3540";"下駄";"Geta Sandals";"001C6278"
"24";"001C3548";"靴";;"001C6280"
"24";"001C3550";"パンプス";;"001C6288"
"24";"001C3560";"スニーカー";;"001C6290"
"24";"001C3570";"ブーツ";;"001C6298"
"24";"001C3578";"ハイヒール";;"001C62A0"
"24";"001C3588";"下駄";"Geta Sandals";"001C62A8"
"24";"001C3590";"麦わら帽子";"Straw Hat";"001C62B0"
"24";"001C35A0";"手ぬぐい";;"001C62B8"
"24";"001C35B0";"野球帽";;"001C62C0"
"24";"001C35C0";"テンガロンハット";;"001C62C8"
"24";"001C35E0";"チューリップハット";;"001C62D0"
"24";"001C35F8";"麦わら帽子";"Straw Hat";"001C62D8"
"24";"001C3608";"サンバイザー";;"001C62E0"
"24";"001C3618";"野球帽";;"001C62E8"
"24";"001C3620";"テンガロンハット";;"001C62F0"
"24";"001C3638";"ベレー帽";;"001C62F8"
"24";"001C3648";"皮手袋";;"001C6300"
"24";"001C3650";"ドライバー手袋";;"001C6308"
"24";"001C3660";"ブレスレット";;"001C6310"
"24";"001C3670";"男性用高級腕時計";"Luxury Men's Watch";"001C6318"
"24";"001C3688";"軍手";"Work Gloves";"001C6320"
"24";"001C3690";"女性用高級腕時計";"Luxury Women's Watch";"001C6328"
"24";"001C36A8";"レースの手袋";"Lace Gloves";"001C6330"
"24";"001C36B8";"パジャマ";"Pajamas";"001C6338"
"24";"001C36C8";"ネグリジェ";"Negligee";"001C6340"
"24";"001C36D8";"水着";"Swimsuit";"001C6348"
"24";"001C36E0";"パジャマ";"Pajamas";"001C6350"
"24";"001C36F0";"Ｙシャツ";"Dress Shirt";"001C6358"
"24";"001C3700";"水着";"Swimsuit";"001C6360"
"24";"001C3708";"パジャマ";"Pajamas";"001C6368"
"24";"001C3718";"バニースーツ";"Bunny Suit";"001C6370"
"24";"001C3728";"水着";"Swimsuit";"001C6378"
"24";"001C3730";"パジャマ";"Pajamas";"001C6380"
"24";"001C3740";"甚平";"Jinbei";"001C6388"
"24";"001C3748";"水着";"Swimsuit";"001C6390"
"24";"001C3750";"パジャマ";"Pajamas";"001C6398"
"24";"001C3760";"ふんどし";"Fundoshi";"001C63A0"
"24";"001C3770";"水着";"Swimsuit";"001C63A8"
"24";"001C3778";"パジャマ";"Pajamas";"001C63B0"
"24";"001C3788";"バスローブ";"Bathrobe";"001C63B8"
"24";"001C3798";"水着";"Swimsuit";"001C63C0"
"24";"001C37A0";"赤い口紅";;"001C63C8"
"24";"001C37B0";"オレンジの口紅";;"001C63D0"
"24";"001C37C0";"ピンクの口紅";;"001C63D8"
"24";"001C37D0";"茶色い口紅";;"001C63E0"
"24";"001C37E0";"紫の口紅";;"001C63E8"
"24";"001C37F0";"ブルーアイシャドウ";;"001C63F0"
"24";"001C3810";"ブラウンアイシャドウ";;"001C63F8"
"24";"001C3830";"オレンジアイシャドウ";;"001C6400"
"24";"001C3850";"ピンクアイシャドウ";;"001C6408"
"24";"001C3870";"パープルアイシャドウ";;"001C6410"
"24";"001C3890";"あすなろ荘のカギ";;"001C6418"
"24";"001C38B0";"メゾン大海のカギ";;"001C6420"
"24";"001C38D0";"ハイツ出玉のカギ";;"001C6428"
"24";"001C38E8";"スポーツタオル";;"001C6430"
"24";"001C38F8";"金魚鉢";;"001C6438"
"24";"001C3900";"水晶玉";;"001C6440"
"24";"001C3908";"岩田の情報";;"001C6448"
"24";"001C3918";"ベッド";;"001C6450"
"24";"001C3920";"布団";"Futon";"001C6458"
"24";"001C3930";"有名タワー温度計";;"001C6460"
"24";"001C3948";"ペルシャマット";;"001C6468"
"24";"001C3960";"高級シャンデリア";;"001C6470"
"24";"001C3978";"洋風チェスト";;"001C6478"
"24";"001C3988";"パイプベッド";;"001C6480"
"24";"001C3998";"２ドア冷蔵庫";;"001C6488"
"24";"001C39A8";"カラーテレビ";;"001C6490"
"24";"001C39C0";"グレーのカーテン";;"001C6498"
"24";"001C39D8";"水のみ鳥";;"001C64A0"
"24";"001C39E8";"ラジオ";;"001C64A8"
"24";"001C39F0";"金魚";;"001C64B0"
"24";"001C39F8";"カーペット";;"001C64B8"
"24";"001C3A08";"小さなカギ";;"001C64C0"
"24";"001C3A18";"カフスボタン";;"001C64C8"
"24";"001C3A28";"甘い香水";;"001C64D0"
"24";"001C3A38";"バラの花束";;"001C64D8"
"24";"001C3A48";"ハラナオールＳ";;"001C64E0"
"24";"001C3A60";"小型のテレビ受像機
白黒ブラウン管式の普及型";;"001C64E8"
"24";"001C3A90";"特大サイズのくまのぬいぐるみ";"An extra-large stuffed bear.";"001C64F0"
"24";"001C3AB0";"ミカン輸送用のダンボール箱";"A cardboard box used for shipping mandarin oranges.";"001C64F8"
"24";"001C3AD0";"円形の簡素な食卓";"A simple low-round dining table.";"001C6500"
"24";"001C3AF0";"卓がガラス張りの
ファッションテーブル";;"001C6508"
"24";"001C3B20";"籐製のリビングテーブル";;"001C6510"
"24";"001C3B40";"素焼きの急須と湯飲みのセット";;"001C6518"
"24";"001C3B60";"荷物保管用のカギのかかる戸棚
スチール製で頑丈";;"001C6520"
"24";"001C3B90";"書籍収納用の棚
スチール製の安物";;"001C6528"
"24";"001C3BB0";"鑑賞用の黒松の鉢植え";;"001C6530"
"24";"001C3BD0";"達磨大師の坐禅姿を模ったといわれる
縁起物の置物";;"001C6538"
"24";"001C3C00";"片手を上げた白い猫の置物
幸運を招くとされる縁起物";;"001C6540"
"24";"001C3C40";"いわくありげな、古びた日本人形";;"001C6548"
"24";"001C3C60";"1ドア式の中型冷蔵庫
小型の保冷庫付き";;"001C6550"
"24";"001C3C90";"スポーツ、芸能、レジャー関連のニュースを
中心とした大衆紙";"A tabloid packed with articles focused on
sports, entertainment, and leisure news.";"001C6558"
"24";"001C3CD0";"円形の大型ベッド
電動回転機構内蔵の高級品";;"001C6560"
"24";"001C3D00";"灯油を燃料とする家庭用のストーブ
電気着火装置のついた最新型";;"001C6568"
"24";"001C3D40";"石炭を燃料とする鉄製の据え置き型ストーブ
だるまストーブとも呼ばれる";;"001C6570"
"24";"001C3D90";"炭火を用いた暖房器具
陶器製";;"001C6578"
"24";"001C3DB0";"大型サイズの業務用やかん";"A large, commercial-sized kettle made of aluminum.";"001C6580"
"24";"001C3DD0";"プロペラを回転させて風を起こす
冷房機器";;"001C6588"
"24";"001C3E00";"主に事務作業に用いられる実用的な机";;"001C6590"
"24";"001C3E30";"観賞用に室内に置く鉢植えの樹木";;"001C6598"
"24";"001C3E50";"黒塗りの大小刀拵え
銘加賀国安威砺鵡守楚不人とある";;"001C65A0"
"24";"001C3E90";"山水図が描かれた水墨画の掛け軸";;"001C65A8"
"24";"001C3EB0";"人体の経絡を記した古い図面";;"001C65B0"
"24";"001C3ED0";"エゾ鹿の首の壁飾り";;"001C65B8"
"24";"001C3EF0";"６０Ｗの白熱電球に
白いカサのセット";"A 60W incandescent light bulb with a white lampshade.";"001C65C0"
"24";"001C3F20";"家具調の装飾が施された
和室用の蛍光灯";;"001C65C8"
"24";"001C3F50";"ラジオチューナー内蔵の
カセットテープレコーダー";;"001C65D0"
"24";"001C3F80";"窓際を彩る
ファンシーなイエローのカーテン";;"001C65D8"
"24";"001C3FB0";"日よけのために窓につける建具";;"001C65E0"
"24";"001C3FD0";"ロングサイズのローボード";;"001C65E8"
"24";"001C3FF0";"ショートサイズのローボード";;"001C65F0"
"24";"001C4010";"窓際を彩る
フレッシュなブルーのカーテン";;"001C65F8"
"24";"001C4040";"窓際を彩る
ロマンチックなピンクのカーテン";;"001C6600"
"24";"001C4070";"金箔、黒漆仕上げの飾り鎧";;"001C6608"
"24";"001C4090";"麻製のハードダーツの的";;"001C6610"
"24";"001C40B0";"鏡を取り付けた化粧用の家具";;"001C6618"
"24";"001C40D0";"殺虫成分を練りこんだ
渦巻状の線香";;"001C6620"
"24";"001C4100";"片手を上げた黒い猫の置物
幸運を招くとされる縁起物";;"001C6628"
"24";"001C4140";"金属製の大きな洗い桶
洗濯や行水などに使用";;"001C6630"
"24";"001C4170";"業務用の大型かき氷器
大きな手動ハンドルがついた鋳物製";;"001C6638"
"24";"001C41B0";"料金前納式の赤い電話機";;"001C6640"
"24";"001C41D0";"木製の大きな食卓
舶来の高級品";;"001C6648"
"24";"001C41F0";"食器を収納する戸棚
欧州製の高級品";;"001C6650"
"24";"001C4220";"安物の紙巻タバコ
吸い過ぎには注意しましょう";"Be careful not to smoke too many cheap cigarettes.";"001C6658"
"24";"001C4250";"高級葉をブレンドした
ビターテイストの紙巻タバコ";"Cigarettes with a bitter taste 
blended with premium leaves.";"001C6660"
"24";"001C4280";"釣り上げた魚を保存する保冷箱
中に魚を入れて持ち運ぶことができる";"A cooler box for storing freshly caught fish.
Fish can be placed inside and carried around.";"001C6668"
"24";"001C42C0";"竹製の簡素な釣り竿
釣り入門用に最適";"A simple bamboo fishing rod.
Ideal for beginners.";"001C6670"
"24";"001C42F0";"パチパラ町の漁師に愛用される
グラスファイバー製の竿";"A fiberglass rod beloved by the 
fishermen of PachiPara Town.";"001C6678"
"24";"001C4330";"素材に高密度カーボンを使用した
軽く、強度バツグンの高級竿";;"001C6680"
"24";"001C4370";"大型魚用の釣り竿
一本釣り漁に用いられる特注品";;"001C6688"
"24";"001C43A0";"釣り好きな男が趣味で作った竿";"A hobby-crafted rod made by a fishing enthusiast.";"001C6690"
"24";"001C43C0";"釣り餌
主に汽水域に生息する環状動物";"Fishing bait. 
A segmented worm that mainly inhabits brackish waters.";"001C6698"
"24";"001C43F0";"釣り餌
土中に生息する環状動物";"Fishing bait.
An segmented worm that lives in the soil.";"001C66A0"
"24";"001C4410";"釣り餌　エビに似た甲殻類
優れた釣り餌として人気が高い";;"001C66A8"
"24";"001C4450";"釣り餌　ニシン目ニシン科の海水魚
栄養価が高く、釣り餌として優れている";;"001C66B0"
"24";"001C44A0";"釣り餌
主に汽水域に生息する環状動物　ゴカイに似る";"Fishing bait. 
An annelid worm that mainly inhabits brackish waters.
Resembles a lugworm.";"001C66B8"
"24";"001C44E0";"アジ科アジ亜科に含まれる魚の総称
干物、寿司ネタなど用途が広い魚の魚拓";;"001C66C0"
"24";"001C4530";"ダツ目サンマ科の海水魚
秋の味覚の代表格の魚拓";;"001C66C8"
"24";"001C4560";"スズキ目サバ亜目タチウオ科の魚の魚拓
塩焼き、煮つけなどで調理される";;"001C66D0"
"24";"001C45B0";"カレイ目カレイ科の海水魚の魚拓
煮付け、焼き物など様々な料理に用いられる";;"001C66D8"
"24";"001C4600";"フグ目フグ科の海水魚の魚拓
フグ毒と呼ばれる強い毒を持つ";;"001C66E0"
"24";"001C4640";"頭足綱・十腕目に分類される動物の魚拓
日本で一番たくさん食されている魚介類";;"001C66E8"
"24";"001C4690";"八腕目マダコ科の動物の魚拓
高い知能を持つ";;"001C66F0"
"24";"001C46C0";"カレイ目ヒラメ科の海水魚の魚拓
刺身、寿司に用いられる高級食材";;"001C66F8"
"24";"001C4700";"スズキ目スズキ亜目タイ科の海水魚の魚拓
古来より縁起物とされている";;"001C6700"
"24";"001C4750";"ニシン目サケ科の魚の魚拓
川から海、海から川へ戻る代表的な回遊魚";;"001C6708"
"24";"001C4790";"スズキ目アジ亜科アジ科ブリ属の魚の魚拓
体長によって呼び名が変わる出世魚";;"001C6710"
"24";"001C47E0";"板鰓目エイ亜目の魚の総称
尻尾に毒を持つ種類もある魚の魚拓";;"001C6718"
"24";"001C4820";"主人公が釣り上げた新種の魚の魚拓
詳しい生態は不明";;"001C6720"
"24";"001C4860";"スズキ目サバ亜目サバ科マグロ属の海水魚
高級食材として人気の高い大型魚の魚拓";;"001C6728"
"24";"001C48B0";"スズキ目マカジキ科の海水魚の魚拓
とがった上あごと大きな背びれが特徴";;"001C6730"
"24";"001C4900";"コイ目コイ科の淡水魚の魚拓
口元に2対のひげを持つ";;"001C6738"
"24";"001C4940";"ウナギ目ウナギ科の淡水魚の魚拓
細長い体型で体表はぬるぬるしている";;"001C6740"
"24";"001C4990";"爬虫網カメ目に分類される動物の魚拓
硬い甲羅を持ち、身を守る";;"001C6748"
"24";"001C49D0";"ナマズ目ナマズ科の淡水魚の魚拓
ひげを4本持ち、体表は粘液で覆われる";;"001C6750"
"24";"001C4A20";"エビ目エビ亜目ザリガニ下目の動物の魚拓
主に水田や用水路などに生息する";;"001C6758"
"24";"001C4A70";"レンズフレームが丸くなっている
眼鏡";;"001C6760"
"24";"001C4AA0";"レンズフレームが四角くなっている
眼鏡";;"001C6768"
"24";"001C4AD0";"レンズフレームが黒いセルロイド製の
眼鏡";;"001C6770"
"24";"001C4B00";"レンズに色がついている眼鏡
主に日よけに使用される";;"001C6778"
"24";"001C4B40";"人気テレビヒーロー
ボーキサイトマンを模ったセルロイドのお面";;"001C6780"
"24";"001C4B80";"人気テレビまんが魔女っ子ミロリンちゃん
を模ったセルロイドのお面";;"001C6788"
"24";"001C4BC0";"愛用の上着とズボン";"Your personal favorite jacket and trousers.";"001C6790"
"24";"001C4BE0";"男性用の浴衣
体に馴染む生地で着やすく、夏でも涼しい";;"001C6798"
"24";"001C4C20";"トランクスタイプの男性用水着";;"001C67A0"
"24";"001C4C40";"すそ広のジーンズと
開襟シャツのセット";;"001C67A8"
"24";"001C4C70";"黒い革製のジャンパーと
ビンテージジーンズのセット";;"001C67B0"
"24";"001C4CB0";"一流ブランド製の高級な背広
上下セットにネクタイ付き";;"001C67B8"
"24";"001C4CF0";"アロハシャツと短パンのセット";;"001C67C0"
"24";"001C4D10";"Ｔシャツとスリムジーンズのセット";;"001C67C8"
"24";"001C4D40";"筒広の股引、半そでシャツに腹巻のセット";"A set of wide-legged long underwear, 
a short-sleeved shirt, and a belly warmer.";"001C67D0"
"24";"001C4D70";"祭りの時に着用する
めでたい上っ張り";;"001C67D8"
"24";"001C4DA0";"愛用のキャミソール";;"001C67E0"
"24";"001C4DC0";"女性用の浴衣
体に馴染む生地で着やすく、夏でも涼しい";;"001C67E8"
"24";"001C4E00";"ビキニタイプの女性用水着";;"001C67F0"
"24";"001C4E20";"すそ広のジーンズと開襟シャツのセット";;"001C67F8"
"24";"001C4E50";"紫地に金の刺繍が施された派手なチャイナ服";;"001C6800"
"24";"001C4E80";"白いミニスカートとイエローのシャツのセット";;"001C6808"
"24";"001C4EB0";"上着とスカートが一体になった婦人服";;"001C6810"
"24";"001C4EE0";"ブレザーとパンツのセットになった
婦人用スーツ";;"001C6818"
"24";"001C4F10";"上下一体となった革製のライダースーツ";;"001C6820"
"24";"001C4F40";"白いブラウスとパープルのスカートのセット";;"001C6828"
"24";"001C4F70";"履き古した雪駄";"Well-worn traditional sandals.";"001C6830"
"24";"001C4F80";"本革製の紳士靴";;"001C6838"
"24";"001C4F90";"靴底にラバーを使用した運動靴";;"001C6840"
"24";"001C4FB0";"丈夫な革製長靴";;"001C6848"
"24";"001C4FC0";"日本の伝統的な履物
木製で2枚歯がついている";"Traditional Japanese footwear
made of wood with two raised ""teeth.""";"001C6850"
"24";"001C4FF0";"履き古した靴";;"001C6858"
"24";"001C5000";"浅い履き口の婦人用の靴
かかとが低く、歩きやすい";;"001C6860"
"24";"001C5030";"靴底にラバーを使用した運動靴";;"001C6868"
"24";"001C5050";"ひざまである、革製の長靴";;"001C6870"
"24";"001C5070";"かかとが高く持ち上がった婦人用の靴";;"001C6878"
"24";"001C50A0";"日本の伝統的な履物
黒塗りの婦人用";;"001C6880"
"24";"001C50D0";"わらで編まれた、風通しのよいつば広の帽子";"A wide-brimmed, well-ventilated hat woven from straw.";"001C6888"
"24";"001C5100";"木綿布の手ぬぐい
入浴、洗顔時に用いられる";;"001C6890"
"24";"001C5130";"前面につばのある帽子";;"001C6898"
"24";"001C5150";"カウボーイハットの一種
幅広で反り返ったつばを持つ";;"001C68A0"
"24";"001C5190";"チューリップ形のフォルムをした
柔らかい布製の帽子";;"001C68A8"
"24";"001C51D0";"わらで編まれた
風通しのよいつば広の帽子";"A breathable, wide-brimmed hat braided from straw.";"001C68B0"
"24";"001C5200";"目ざしととベルトのみの帽子";;"001C68B8"
"24";"001C5220";"前面につばのある帽子";;"001C68C0"
"24";"001C5240";"カウボーイハットの一種
幅広で反り返ったつばを持つ";;"001C68C8"
"24";"001C5280";"フェルト地で柔らかい帯革がついた
つば無し帽子";;"001C68D0"
"24";"001C52B0";"スエードの革手袋
裏地をカシミアで仕上げた高級品";;"001C68D8"
"24";"001C52E0";"牛革製のドライバー用指無し手袋";;"001C68E0"
"24";"001C5300";"銀製の腕飾り
手首にフィットするバングルタイプ";;"001C68E8"
"24";"001C5330";"外国製の紳士用腕時計";;"001C68F0"
"24";"001C5350";"木綿製の丈夫な手袋
主に作業用に使用される";"Durable cotton gloves, mainly used for manual labor.";"001C68F8"
"24";"001C5380";"赤い婦人用腕時計
アンティーク調の細身のモデル";;"001C6900"
"24";"001C53B0";"レース織りの婦人用手袋
シースルーで薄く透けている";;"001C6908"
"24";"001C53F0";"婦人用のオシャレなパジャマ";;"001C6910"
"24";"001C5410";"ワンピースの婦人用寝間着
";;"001C6918"
"24";"001C5430";"白いワンピースの水着";;"001C6920"
"24";"001C5450";"婦人用のオシャレなパジャマ";;"001C6928"
"24";"001C5470";"大きめの白いＹシャツ";;"001C6930"
"24";"001C5490";"オレンジストライプのトランクスに
ビキニトップを合わせた水着";;"001C6938"
"24";"001C54D0";"婦人用のオシャレなパジャマ";;"001C6940"
"24";"001C54F0";"網タイツと黒いレオタードがセットになった
バニースーツ";;"001C6948"
"24";"001C5530";"パープルのビキニタイプの水着";;"001C6950"
"24";"001C5550";"紳士用のシックなパジャマ";;"001C6958"
"24";"001C5570";"風通しのよい、夏用の和服";;"001C6960"
"24";"001C5590";"紺色の男性用水着
スリムな競泳タイプ";;"001C6968"
"24";"001C55C0";"紳士用のシックなパジャマ";;"001C6970"
"24";"001C55E0";"日本の伝統的な男性用下着";;"001C6978"
"24";"001C5600";"オレンジの男性用水着
ゆったりしたトランクスタイプ";;"001C6980"
"24";"001C5640";"紳士用のシックなパジャマ";;"001C6988"
"24";"001C5660";"高級感あふれるバスローブ";;"001C6990"
"24";"001C5680";"パープルの男性用水着
サイドにストライプが入ったトランクス";;"001C6998"
"24";"001C56C0";"口元を美しく装う化粧品";;"001C69A0"
"24";"001C56E0";"口元を美しく装う化粧品";;"001C69A8"
"24";"001C5700";"口元を美しく装う化粧品";;"001C69B0"
"24";"001C5720";"口元を美しく装う化粧品";;"001C69B8"
"24";"001C5740";"口元を美しく装う化粧品";;"001C69C0"
"24";"001C5760";"目元を美しく装う化粧品";;"001C69C8"
"24";"001C5780";"目元を美しく装う化粧品";;"001C69D0"
"24";"001C57A0";"目元を美しく装う化粧品";;"001C69D8"
"24";"001C57C0";"目元を美しく装う化粧品";;"001C69E0"
"24";"001C57E0";"目元を美しく装う化粧品";;"001C69E8"
"24";"001C5800";"パチパラ町のアパート「あすなろ荘」のカギ";;"001C69F0"
"24";"001C5830";"大海町のアパート「メゾン大海」のカギ";;"001C69F8"
"24";"001C5860";"出玉町のマンション「ハイツ出玉」のカギ";;"001C6A00"
"24";"001C5890";"丈夫な布地でできた
汗拭き用タオル";;"001C6A08"
"24";"001C58C0";"丸みを帯びたフォルムを持つ
ガラス製の小さな水槽";;"001C6A10"
"24";"001C58F0";"神秘的な光を放つ大きな水晶玉";;"001C6A18"
"24";"001C5910";"これを入手すれば岩田の情報を教えると
一筆が入った、支配人の約束状";;"001C6A20"
"24";"001C5960";"木製の質素なベッド";;"001C6A28"
"24";"001C5980";"羽毛１００％使用の布団セット";"A bedding set made of 100% down feathers.";"001C6A30"
"24";"001C59A0";"温度計が付いた鉄塔の模型
観光名所のお土産品";;"001C6A38"
"24";"001C59D0";"中近東産の毛織物で作られた
高級な敷物";;"001C6A40"
"24";"001C5A00";"洋間用の吊り下げ式電灯
アンティーク調の装飾が施されている";;"001C6A48"
"24";"001C5A40";"外国製の衣装タンス";;"001C6A50"
"24";"001C5A60";"鉄製のフレームで構成された
組み立て式ベッド";;"001C6A58"
"24";"001C5A90";"２ドア式の冷蔵庫　冷凍庫がついた最新型";;"001C6A60"
"24";"001C5AC0";"家具調の高級テレビ
カラー放送対応の最新型";;"001C6A68"
"24";"001C5AF0";"窓際を彩る
モダンなグレーのカーテン";;"001C6A70"
"24";"001C5B20";"気化熱を利用して、首を上下に振る
鳥のおもちゃ";;"001C6A78"
"24";"001C5B50";"小型のラジオ受信機　ＡＭ・ＦＭ放送に対応";;"001C6A80"
"24";"001C5B80";"ビニール袋に入った金魚
";;"001C6A88"
"24";"001C5BA0";"化繊で織られた敷物";;"001C6A90"
"24";"001C5BC0";"金属製の小さなカギ";;"001C6A98"
"24";"001C5BE0";"岩田の物と思われるカフスボタン";;"001C6AA0"
"24";"001C5C00";"男性を誘惑する、甘い香りの香水
";;"001C6AA8"
"24";"001C5C20";"女性を魅了させる、バラの花束
";;"001C6AB0"
"24";"001C5C40";"下したお腹を、瞬時に治す薬
もしものための常備薬に";;"001C6AB8"
"25";"001D8129";"　　　　メモリーカード差込口$mpの　　　　";"Now checking";"00184820"
"25";"001D8153";"　　　　メモリーカード（ＰＳ２）を　　　";"the memory card (PS2)";"00184824"
"25";"001D817C";"　　　　　チェックしています　　　　　　";"in MEMORY CARD slot $mp.";"00184828"
"25";"001D81A6";"　　　　　電源ＯＦＦやリセット　　　　　";"Do not remove";"00184830"
"25";"001D81CF";"メモリーカード（ＰＳ２）やコントローラの";"the memory cards";"00184834"
"25";"001D81F8";"　　　　抜き差しをしないでください　　　";"or reset/switch off the console.";"00184838"
"25";"001D8221";"　　　　メモリーカード差込口$mpに　　　　";"There is no";"00184840"
"25";"001D824B";"　　　　メモリーカード（ＰＳ２）が　　　";"memory card (PS2)";"00184844"
"25";"001D8274";"　　　　　　差されていません　　　　　　";"in MEMORY CARD slot $mp.";"00184848"
"25";"001D829D";"　「パチパラ１２〜大海と夏の思い出〜」の";"To save game data for";"00184850"
"25";"001D82C6";"　　　　データをセーブするには　　　　　";"PachiPara 12 ~Memories of Sea and Summer~ ";"00184854"
"25";"001D82EF";"　　５６０ＫＢ以上の空き容量がある　　";"a memory card (PS2) with atleast";"00184858"
"25";"001D8316";"　メモリーカード（ＰＳ２）が必要です　　";"560KB  of free space is needed.";"0018485C"
"25";"001D833F";"　　　このままゲームを始めますか？　　　";"Begin the game anyway?";"00184864"
"25";"001D8129";"　　　　メモリーカード差込口$mpの　　　　";"Insufficient free space";"00184870"
"25";"001D8368";"　　　　メモリーカード（ＰＳ２）の　　　";"on memory card (PS2)";"00184874"
"25";"001D8391";"　　　　空き容量が不足しています　　　　";"in MEMORY CARD slot $mp.";"00184878"
"25";"001D829D";"　「パチパラ１２〜大海と夏の思い出〜」の";"To save game data for";"00184880"
"25";"001D82C6";"　　　　データをセーブするには　　　　　";"PachiPara 12 ~Memories of Sea and Summer~ ";"00184884"
"25";"001D82EF";"　　５６０ＫＢ以上の空き容量がある　　";"a memory card (PS2) with atleast";"00184888"
"25";"001D8316";"　メモリーカード（ＰＳ２）が必要です　　";"560KB  of free space is needed.";"0018488C"
"25";"001D833F";"　　　このままゲームを始めますか？　　　";"Begin the game anyway?";"00184894"
"25";"001D8129";"　　　　メモリーカード差込口$mpの　　　　";"The memory card (PS2)";"00184898"
"25";"001D83BA";"　　　　メモリーカード（ＰＳ２）は　　　";"in MEMORY CARD slot $mp";"0018489C"
"25";"001D83E3";"　　　　　　　壊れています　　　　　　　";"is corrupted.";"001848A0"
"25";"001D8129";"　　　　メモリーカード差込口$mpの　　　　";"The memory card (PS2)";"001848B0"
"25";"001D83BA";"　　　　メモリーカード（ＰＳ２）は　　　";"in MEMORY CARD slot $mp";"001848B4"
"25";"001D840C";"　　　　フォーマットされていません　　　";"is unformatted.";"001848B8"
"25";"001D8153";"　　　　メモリーカード（ＰＳ２）を　　　";"Do you want to format";"001848C0"
"25";"001D8435";"　　　　　フォーマットしますか？　　　　";"the memory card (PS2)?";"001848C4"
"25";"001D8129";"　　　　メモリーカード差込口$mpの　　　　";"Now formatting";"001848D0"
"25";"001D8153";"　　　　メモリーカード（ＰＳ２）を　　　";"the memory card (PS2)";"001848D4"
"25";"001D845E";"　　　　フォーマットしています　　　　　";"in MEMORY CARD slot $mp.";"001848D8"
"25";"001D81A6";"　　　　　電源ＯＦＦやリセット　　　　　";"Do not remove";"001848E0"
"25";"001D81CF";"メモリーカード（ＰＳ２）やコントローラの";"the memory card (PS2)";"001848E4"
"25";"001D81F8";"　　　　抜き差しをしないでください　　　";"or reset/switch off the console.";"001848E8"
"25";"001D8129";"　　　　メモリーカード差込口$mpの　　　　";"Format failed. Please check";"001848F0"
"25";"001D8368";"　　　　メモリーカード（ＰＳ２）の　　　";"the memory card (PS2)";"001848F4"
"25";"001D8487";"　　　　フォーマットに失敗しました　　　";"in MEMORY CARD slot $mp.";"001848F8"
"25";"001D8129";"　　　　メモリーカード差込口$mpの　　　　";"The memory card (PS2)";"00184900"
"25";"001D83BA";"　　　　メモリーカード（ＰＳ２）は　　　";"in MEMORY CARD slot $mp";"00184904"
"25";"001D840C";"　　　　フォーマットされていません　　　";"is unformatted.";"00184908"
"25";"001D84B0";"　　　　データをロードしますか？　　　　";"Load data?";"00184910"
"25";"001D8502";"　　　　　メモリーカード差込口$mpに　　　";"Please insert";"00184920"
"25";"001D829D";"　「パチパラ１２〜大海と夏の思い出〜」の";"a memory card (PS2)";"00184924"
"25";"001D852C";"　　　　　セーブデータが存在する　　　　";"containing save data for";"00184928"
"25";"001D8153";"　　　　メモリーカード（ＰＳ２）を　　　";"PachiPara 12 ~Memories of Sea and Summer~ ";"0018492C"
"25";"001D8555";"　　　　　　差してください　　　　　　　";"into MEMORY CARD slot $mp.";"00184930"
"25";"001D857E";"　　　メモリーカード差込口$mpの　　　　　";"Do you want to load data for";"00184940"
"25";"001D85A8";"　　　メモリーカード（ＰＳ２）から　　　";"PachiPara 12 ~Memories of Sea and Summer~ ";"00184944"
"25";"001D829D";"　「パチパラ１２〜大海と夏の思い出〜」の";"from memory card (PS2)";"00184948"
"25";"001D84D9";"　　　セーブデータをロードしますか？　　";"in MEMORY CARD slot $mp";"0018494C"
"25";"001D85D1";"　　　　　　　ロード中です　　　　　　　";"Now Loading.";"00184950"
"25";"001D81A6";"　　　　　電源ＯＦＦやリセット　　　　　";"Do not remove";"00184958"
"25";"001D81CF";"メモリーカード（ＰＳ２）やコントローラの";"the memory card (PS2)";"0018495C"
"25";"001D81F8";"　　　　抜き差しをしないでください　　　";"or reset/switch off the console.";"00184960"
"25";"001D857E";"　　　メモリーカード差込口$mpの　　　　　";"Finished loading";"00184968"
"25";"001D85FA";"　　　メモリーカード（ＰＳ２）からの　　";"from memory card (PS2)";"0018496C"
"25";"001D8623";"　　　ロードは正常に終了しました　　　　";"in MEMORY CARD slot $mp";"00184970"
"25";"001D857E";"　　　メモリーカード差込口$mpの　　　　　";"Load failed. Please check";"00184978"
"25";"001D85FA";"　　　メモリーカード（ＰＳ２）からの　　";"the memory card (PS2)";"0018497C"
"25";"001D864C";"　　　　　ロードに失敗しました　　　　　";"in MEMORY CARD slot $mp.";"00184980"
"25";"001D8675";"　　　　ロードを中止しますか？　　　　　";"Cancel loading?";"00184988"
"25";"001D8129";"　　　　メモリーカード差込口$mpの　　　　";"The memory card (PS2)";"00184990"
"25";"001D869E";"　　　　メモリーカード（ＰＳ２）に　　　";"in MEMORY CARD slot $mp";"00184994"
"25";"001D829D";"　「パチパラ１２〜大海と夏の思い出〜」の";"does not contain save data for";"00184998"
"25";"001D86C7";"　　　　セーブデータがありません　　　　";"PachiPara 12 ~Memories of Sea and Summer~ ";"0018499C"
"25";"001D8221";"　　　　メモリーカード差込口$mpに　　　　";"There is no";"001849A0"
"25";"001D824B";"　　　　メモリーカード（ＰＳ２）が　　　";"memory card (PS2)";"001849A4"
"25";"001D8274";"　　　　　　差されていません　　　　　　";"in MEMORY CARD slot $mp.";"001849A8"
"25";"001D829D";"　「パチパラ１２〜大海と夏の思い出〜」の";"A memory card (PS2) with data for";"001849B0"
"25";"001D86F0";"　　　　　セーブデータがある　　　　　　";"PachiPara 12 ~Memories of Sea and Summer~ ";"001849B4"
"25";"001D8316";"　メモリーカード（ＰＳ２）が必要です　　";"is needed.";"001849B8"
"25";"001D829D";"　「パチパラ１２〜大海と夏の思い出〜」の";"There is no save data for";"001849C0"
"25";"001D86C7";"　　　　セーブデータがありません　　　　";"PachiPara 12 ~Memories of Sea and Summer~ ";"001849C4"
"25";"001D8719";"　　　　ゲームを開始しますか？　　　　　";"Begin the game anyway?";"001849C8"
"25";"001D8742";"　　　　データをセーブしますか？　　　　";"Save the data?";"001849D0"
"25";"001D876B";"　　ここまでの記録をセーブしますか？　　";"Save the progress up to this point?";"001849D8"
"25";"001D8502";"　　　　　メモリーカード差込口$mpに　　　";"Please insert";"001849E0"
"25";"001D829D";"　「パチパラ１２〜大海と夏の思い出〜」の";"a memory card (PS2)";"001849E4"
"25";"001D8794";"　　　　　セーブデータを保存する　　　　";"into MEMORY CARD slot $mp.";"001849E8"
"25";"001D8153";"　　　　メモリーカード（ＰＳ２）を　　　";"to save data for";"001849EC"
"25";"001D8555";"　　　　　　差してください　　　　　　　";"PachiPara 12 ~Memories of Sea and Summer~ ";"001849F0"
"25";"001D87BD";"　　　　　　　セーブ中です　　　　　　　";"Now saving.";"00184A00"
"25";"001D81A6";"　　　　　電源ＯＦＦやリセット　　　　　";"Do not remove";"00184A08"
"25";"001D81CF";"メモリーカード（ＰＳ２）やコントローラの";"the memory card (PS2)";"00184A0C"
"25";"001D81F8";"　　　　抜き差しをしないでください　　　";"or reset/switch off the console.";"00184A10"
"25";"001D857E";"　　　メモリーカード差込口$mpの　　　　　";"Saved successfully";"00184A18"
"25";"001D87E6";"　　　メモリーカード（ＰＳ２）への　　　";"to memory card (PS2)";"00184A1C"
"25";"001D880F";"　　　セーブは正常に終了しました　　　　";"in MEMORY CARD slot $mp";"00184A20"
"25";"001D857E";"　　　メモリーカード差込口$mpの　　　　　";"Save failed. Please check";"00184A28"
"25";"001D87E6";"　　　メモリーカード（ＰＳ２）への　　　";"the memory card (PS2)";"00184A2C"
"25";"001D8838";"　　　　　セーブに失敗しました　　　　　";"in MEMORY CARD slot $mp.";"00184A30"
"25";"001D8861";"　　　　セーブを終了しますか？　　　　　";"Exit the save screen?";"00184A38"
"25";"001D857E";"　　　メモリーカード差込口$mpの　　　　　";"The memory card (PS2)";"00184A40"
"25";"001D888A";"　　　メモリーカード（ＰＳ２）には　　　";"in MEMORY CARD slot $mp";"00184A44"
"25";"001D829D";"　「パチパラ１２〜大海と夏の思い出〜」の";"does not contain save data for";"00184A48"
"25";"001D86C7";"　　　　セーブデータがありません　　　　";"PachiPara 12 ~Memories of Sea and Summer~ ";"00184A4C"
"25";"001D88B3";"　　新規にセーブデータを作成しますか？　";"Create a new save file?";"00184A54"
"25";"001D829D";"　「パチパラ１２〜大海と夏の思い出〜」の";"Now creating system data for";"00184A60"
"25";"001D88DC";"　　　　システムデータを作成中です　　　";"PachiPara 12 ~Memories of Sea and Summer~ ";"00184A64"
"25";"001D8905";"　　（次回から高速にセーブ可能です）　　";"(This allows for faster save times.)";"00184A68"
"25";"001D81A6";"　　　　　電源ＯＦＦやリセット　　　　　";"Do not remove";"00184A70"
"25";"001D81CF";"メモリーカード（ＰＳ２）やコントローラの";"the memory card (PS2)";"00184A74"
"25";"001D81F8";"　　　　抜き差しをしないでください　　　";"or reset/switch off the console.";"00184A78"
"25";"001D8129";"　　　　メモリーカード差込口$mpの　　　　";"The memory card (PS2)";"00184A80"
"25";"001D869E";"　　　　メモリーカード（ＰＳ２）に　　　";"in MEMORY CARD slot $mp";"00184A84"
"25";"001D829D";"　「パチパラ１２〜大海と夏の思い出〜」の";"already contains data for";"00184A88"
"25";"001D892E";"　　　セーブデータがすでに存在します　　";"PachiPara 12 ~Memories of Sea and Summer~ ";"00184A8C"
"25";"001D8957";"　　　　　　上書きしますか？　　　　　　";"Overwrite data?";"00184A94"
"25";"001D8221";"　　　　メモリーカード差込口$mpに　　　　";"There is no";"00184AA0"
"25";"001D824B";"　　　　メモリーカード（ＰＳ２）が　　　";"memory card (PS2)";"00184AA4"
"25";"001D8274";"　　　　　　差されていません　　　　　　";"in MEMORY CARD slot $mp.";"00184AA8"
"25";"001D829D";"　「パチパラ１２〜大海と夏の思い出〜」の";"To save game data for";"00184AB0"
"25";"001D82C6";"　　　　データをセーブするには　　　　　";"PachiPara 12 ~Memories of Sea and Summer~ ";"00184AB4"
"25";"001D82EF";"　　５６０ＫＢ以上の空き容量がある　　";"a memory card (PS2) with atleast";"00184AB8"
"25";"001D8980";"　　メモリーカード（ＰＳ２）が必要です　";"560KB  of free space is needed.";"00184ABC"
"25";"001D8129";"　　　　メモリーカード差込口$mpの　　　　";"Insufficient free space";"00184AC0"
"25";"001D8368";"　　　　メモリーカード（ＰＳ２）の　　　";"on memory card (PS2)";"00184AC4"
"25";"001D8391";"　　　　空き容量が不足しています　　　　";"in MEMORY CARD slot $mp.";"00184AC8"
"25";"001D829D";"　「パチパラ１２〜大海と夏の思い出〜」の";"To save game data for";"00184AD0"
"25";"001D82C6";"　　　　データをセーブするには　　　　　";"PachiPara 12 ~Memories of Sea and Summer~ ";"00184AD4"
"25";"001D82EF";"　　５６０ＫＢ以上の空き容量がある　　";"a memory card (PS2) with atleast";"00184AD8"
"25";"001D8980";"　　メモリーカード（ＰＳ２）が必要です　";"560KB  of free space is needed.";"00184ADC"
"25";"001D89A9";"　　　　セーブを中止しますか？　　　　　";"Cancel save?";"00184AE0"
"25";"001D89D2";"メモリーカード差込口を選択してください　";"Select MEMORY CARD slot.";"00184B20"
"25";"001D8221";"　　　　メモリーカード差込口$mpに　　　　";"There is no";"00184B90"
"25";"001D824B";"　　　　メモリーカード（ＰＳ２）が　　　";"memory card (PS2)";"00184B94"
"25";"001D8274";"　　　　　　差されていません　　　　　　";"in MEMORY CARD slot $mp.";"00184B98"
"25";"001D89FB";"　　　　　　データを保存するには　　　　";"In order to save the data,";"00184BA0"
"25";"001D829D";"　「パチパラ１２〜大海と夏の思い出〜」の";"a memory card (PS2) with data for";"00184BA4"
"25";"001D86F0";"　　　　　セーブデータがある　　　　　　";"PachiPara 12 ~Memories of Sea and Summer~ ";"00184BA8"
"25";"001D8316";"　メモリーカード（ＰＳ２）が必要です　　";"is needed.";"00184BAC"
"25";"001D8221";"　　　　メモリーカード差込口$mpに　　　　";"There is no";"00184BB0"
"25";"001D824B";"　　　　メモリーカード（ＰＳ２）が　　　";"memory card (PS2)";"00184BB4"
"25";"001D8274";"　　　　　　差されていません　　　　　　";"in MEMORY CARD slot $mp.";"00184BB8"
"25";"001D89FB";"　　　　　　データを保存するには　　　　";"In order to save the data,";"00184BC0"
"25";"001D829D";"　「パチパラ１２〜大海と夏の思い出〜」の";"a memory card (PS2) with data for";"00184BC4"
"25";"001D86F0";"　　　　　セーブデータがある　　　　　　";"PachiPara 12 ~Memories of Sea and Summer~ ";"00184BC8"
"25";"001D8316";"　メモリーカード（ＰＳ２）が必要です　　";"is needed.";"00184BCC"
"25";"001D8129";"　　　　メモリーカード差込口$mpの　　　　";"There is no save data for";"00184BD0"
"25";"001D869E";"　　　　メモリーカード（ＰＳ２）に　　　";"PachiPara 12 ~Memories of Sea and Summer~ ";"00184BD4"
"25";"001D829D";"　「パチパラ１２〜大海と夏の思い出〜」の";"on memory card (PS2)";"00184BD8"
"25";"001D86C7";"　　　　セーブデータがありません　　　　";"in MEMORY CARD slot $mp.";"00184BDC"
"25";"001D8A24";"　　　　　データを保存するには　　　　　";"In order to save the data,";"00184BE4"
"25";"001D829D";"　「パチパラ１２〜大海と夏の思い出〜」の";"a memory card (PS2) with data for";"00184BE8"
"25";"001D86F0";"　　　　　セーブデータがある　　　　　　";"PachiPara 12 ~Memories of Sea and Summer~ ";"00184BEC"
"25";"001D8316";"　メモリーカード（ＰＳ２）が必要です　　";"is needed.";"00184BF0"
"25";"001D8129";"　　　　メモリーカード差込口$mpの　　　　";"There is no save data for";"00184C00"
"25";"001D869E";"　　　　メモリーカード（ＰＳ２）に　　　";"PachiPara 12 ~Memories of Sea and Summer~ ";"00184C04"
"25";"001D829D";"　「パチパラ１２〜大海と夏の思い出〜」の";"on memory card (PS2)";"00184C08"
"25";"001D86C7";"　　　　セーブデータがありません　　　　";"in MEMORY CARD slot $mp.";"00184C0C"
"25";"001D8A24";"　　　　　データを保存するには　　　　　";"In order to save the data,";"00184C14"
"25";"001D829D";"　「パチパラ１２〜大海と夏の思い出〜」の";"a memory card (PS2) with data for";"00184C18"
"25";"001D86F0";"　　　　　セーブデータがある　　　　　　";"PachiPara 12 ~Memories of Sea and Summer~ ";"00184C1C"
"25";"001D8316";"　メモリーカード（ＰＳ２）が必要です　　";"is needed.";"00184C20"
"26";"00184AF0";"　　　　　はい　　　　　いいえ　　　　　";"     Yes                        No     ";
"27";"00184B30";"　　　　　メモリーカード差込口１　　　　";"     Memory Card Slot 1      ";
"27";"00184B60";"　　　　　メモリーカード差込口２　　　　";"     Memory Card Slot 2      ";
"28";"001D1600";"散髪屋のおやじ";;
"28";"001D160F";"今日はどうします？";"What would you like today?";
"28";"001D1622";"カリスマ美容師";;
"28";"001D1631";"今日はいかがなさいますか？";"What are your plans for today?";
"28";"001D164C";"清水寿夫";;
"28";"001D1655";"今日はどうしますか？";"What are you going to do today?";
"28";"001D166A";"髪をいじりたい";"I'd like a haircut";
"28";"001D1679";"髭をいじりたい";"I'd like to trim my beard";
"28";"001D1688";"やめておく";"I'll pass";
"29";"001D8120";"１";"1";
"29";"001D8123";"２";"2";
"29";"001D8126";"３";"3";
"30";"001DCE90";"最大配置可能数を超えるため、他のアイテムを片付ける必要があります";;
"30";"001DCED1";"RoomItemLimitWin";;
"30";"001DCEE2";"装着";;
"30";"001DCEE7";"配置";;
"31";"001DD420";"打った玉";;
"31";"001DD429";"出玉数";;
"31";"001DD430";"差し引き";;
"31";"001DD439";"借りた玉";;
"31";"001DD442";"出玉率";;
"31";"001DD449";"投入金額";;
"31";"001DD452";"回収金額";;
"31";"001DD45B";"収支金額";;
"31";"001DD464";"回転数";;
"31";"001DD46B";"前回大当たりから";;
"31";"001DD47C";"回転数／1000円";;
"31";"001DD48B";"元祖海物語サウンドプレミアム";;
"31";"001DD4A8";"どっかーんプレミアム";;
"31";"001DD4BD";"レインボー点滅予告";;
"31";"001DD4D0";"リーチ回数";;
"31";"001DD4DB";"リーチ確率";;
"31";"001DD4E6";"ノーマルリーチ";;
"31";"001DD4F5";"スーパーリーチ";;
"31";"001DD504";"プレミアムリーチ";;
"31";"001DD515";"信頼度";;
"31";"001DD51C";"ノーマル２段階";;
"31";"001DD52B";"大当たり";;
"31";"001DD534";"昇格スクロール";;
"31";"001DD543";"泡予告";;
"31";"001DD54A";"珊瑚礁リーチ";;
"31";"001DD557";"マッスル珊瑚礁リーチ";;
"31";"001DD56C";"滑り";;
"31";"001DD571";"戻り";;
"31";"001DD576";"引き戻り";;
"31";"001DD57F";"魚群予告";;
"31";"001DD588";"赤魚群予告";;
"31";"001DD593";"黒潮リーチ";;
"31";"001DD59E";"ダイビングリーチ";;
"31";"001DD5AF";"マリンちゃんリーチ";;
"31";"001DD5C2";"ポージングリーチ";;
"31";"001DD5D3";"マリンちゃん２段階";;
"31";"001DD5E6";"枠外プレミアム";;
"31";"001DD5F5";"プレミアムシャッフルリーチ";;
"31";"001DD610";"イルカ予告";;
"31";"001DD61B";"女神像リーチ";;
"31";"001DD628";"マッスル女神像リーチ";;
"31";"001DD63D";"超魚群予告";;
"31";"001DD648";"クジラ予告";;
"31";"001DD653";"泡音予告";;
"31";"001DD65C";"宝の山リーチ";;
"31";"001DD669";"ガイコツ船長リーチ";;
"31";"001DD67C";"クラゲ群予告";;
"31";"001DD689";"プレミアムシャッターチャンスリーチ";;
"31";"001DD6AC";"大当たり回数";;
"31";"001DD6B9";"確変回数";;
"31";"001DD6C2";"大当たり確率";;
"31";"001DD6CF";"通常確率";;
"31";"001DD6D8";"確変確率";;
"31";"001DD6E1";"最大連チャン数";;
"31";"001DD6F1";"当たり目";;
"31";"001DD6FA";"予告";;
"31";"001DD6FF";"リーチ名";;
"31";"001DD708";"特殊動作";;
"31";"001DD711";"--:--";"--:--";
"31";"001DD717";"−−−";"--- ";
"31";"001DD71E";"−";"-";
"31";"001DD721";"−発";;
"31";"001DD726";"なし";;
"31";"001DD72B";"ノーマル２段階＋昇格スクロール";;
"31";"001DD74A";"滑り＋昇格スクロール";;
"31";"001DD75F";"戻り＋昇格スクロール";;
"31";"001DD774";"引き戻り＋昇格スクロール";;
"31";"001DD78D";"滑り＋マリンちゃん２段階";;
"31";"001DD7A6";"戻り＋マリンちゃん２段階";;
"31";"001DD7BF";"引き戻り＋マリンちゃん２段階";;
"31";"001DD7DC";"%02d:%02d";"%02d:%02d";
"31";"001DD7E6";"%d回目";"%dth Time";
"31";"001DD7ED";"%10d回";"%10d Times";
"31";"001DD7F4";"%s";"%s";
"31";"001DD7F7";"%10d発";"%10d Shots";
"31";"001DD7FE";"初当たり";"First Win";
"31";"001DD807";"1/%d";"1/%d";
"31";"001DD80C";"1/%.1f";"1/%.1f";
"31";"001DD813";"1/−";"1/－";
"31";"001DD818";"−回";"－ Times";
"31";"001DD81D";"%5.1f％";"%5.1f%";
"31";"001DD825";"%10d円";"%10d yen";
"31";"001DD82C";"%d";"%d";
"31";"001DD82F";"illegal graph sample ID.
";;
"31";"001DD849";"%6.1f％";"%6.1f%";
"31";"001DD851";"%s %02d:%02d %8d%s";"%s %02d:%02d %8d%s";
"31";"001DD864";"%s　 %02d:%02d %8d%s";"%s　 %02d:%02d %8d%s";
"32";"001DD8C0";"%24d%s";"%24d%s";
"32";"001DD8C7";"--------------------------";"--------------------------";
"33";"001DE150";"□：部屋メニュー";"□: Room Menu";
"34";"001DE195";"%s";"%s";
"34";"001DE198";"%3d%s";"%3d%s";
"34";"001DE19E";" %s";" %s";
"34";"001DE1A2";" %3d:%02d";" %3d:%02d";
"34";"001DE1AC";" %7d%s";" %7d%s";
